Order_ID,Order_Date,Customer_ID,Customer_Name,Country,Region,Category,Product,Quantity,Unit_Price,Sales,Discount,Profit,Shipping_Mode,Payment_Mode
AMZ100000,2022-01-01 00:00:00,CUST8270,Customer_0,Australia,Central,Clothing,Product_410,3,137.38,412.14,0.2,121.78,Same Day,Credit Card
AMZ100001,2022-01-01 01:00:00,CUST1860,Customer_1,India,West,Beauty,Product_310,1,137.38,137.38,0.2,40.59,Same Day,UPI
AMZ100002,2022-01-01 02:00:00,CUST6390,Customer_2,USA,Central,Clothing,Product_296,2,137.38,274.76,0.2,81.18,Standard,UPI
AMZ100003,2022-01-01 03:00:00,CUST6191,Customer_3,Canada,West,Clothing,Product_194,2,137.38,274.76,0.2,81.18,Same Day,Debit Card
AMZ100004,2022-01-01 04:00:00,CUST6734,Customer_4,Australia,Central,Clothing,Product_68,1,137.38,137.38,0.2,40.59,Express,Net Banking
AMZ100005,2022-01-01 05:00:00,CUST7265,Customer_5,Canada,South,Clothing,Product_114,3,137.38,412.14,0.2,121.78,Standard,Cash on Delivery
AMZ100006,2022-01-01 06:00:00,CUST1466,Customer_6,Australia,West,Electronics,Product_220,3,137.38,412.14,0.2,121.78,Standard,Credit Card
AMZ100007,2022-01-01 07:00:00,CUST5426,Customer_7,Canada,North,Sports,Product_220,3,137.38,412.14,0.2,121.78,Same Day,UPI
AMZ100008,2022-01-01 08:00:00,CUST6578,Customer_8,USA,West,Books,Product_473,1,137.38,137.38,0.2,40.59,Express,Debit Card
AMZ100009,2022-01-01 09:00:00,CUST9322,Customer_9,Canada,South,Electronics,Product_218,4,137.38,549.52,0.2,162.37,Standard,Debit Card
AMZ100010,2022-01-01 10:00:00,CUST2685,Customer_10,India,West,Home & Kitchen,Product_237,4,137.38,549.52,0.2,162.37,Same Day,Cash on Delivery
AMZ100011,2022-01-01 11:00:00,CUST1769,Customer_11,Canada,Central,Home & Kitchen,Product_431,3,137.38,412.14,0.2,121.78,Standard,Cash on Delivery
AMZ100012,2022-01-01 12:00:00,CUST7949,Customer_12,Australia,Central,Sports,Product_386,2,137.38,274.76,0.2,81.18,Express,Net Banking
AMZ100013,2022-01-01 13:00:00,CUST3433,Customer_13,UK,South,Books,Product_298,4,137.38,549.52,0.2,162.37,Same Day,UPI
AMZ100014,2022-01-01 14:00:00,CUST6311,Customer_14,Canada,East,Books,Product_418,3,137.38,412.14,0.2,121.78,Standard,Debit Card
AMZ100015,2022-01-01 15:00:00,CUST6051,Customer_15,Canada,Central,Books,Product_94,4,137.38,549.52,0.2,162.37,Same Day,Credit Card
AMZ100016,2022-01-01 16:00:00,CUST7420,Customer_16,Canada,North,Clothing,Product_253,3,137.38,412.14,0.2,121.78,Same Day,Net Banking
AMZ100017,2022-01-01 17:00:00,CUST2184,Customer_17,Australia,South,Electronics,Product_405,4,137.38,549.52,0.2,162.37,Express,UPI
AMZ100018,2022-01-01 18:00:00,CUST5555,Customer_18,Canada,West,Home & Kitchen,Product_492,4,137.38,549.52,0.2,162.37,Express,Cash on Delivery
AMZ100019,2022-01-01 19:00:00,CUST4385,Customer_19,Australia,West,Electronics,Product_357,2,137.38,274.76,0.2,81.18,Standard,UPI
AMZ100020,2022-01-01 20:00:00,CUST7396,Customer_20,Australia,North,Electronics,Product_428,2,137.38,274.76,0.2,81.18,Same Day,Cash on Delivery
AMZ100021,2022-01-01 21:00:00,CUST9666,Customer_21,UK,Central,Electronics,Product_215,4,137.38,549.52,0.2,162.37,Same Day,UPI
AMZ100022,2022-01-01 22:00:00,CUST3558,Customer_22,India,South,Books,Product_481,3,137.38,412.14,0.2,121.78,Same Day,Credit Card
AMZ100023,2022-01-01 23:00:00,CUST8849,Customer_23,Australia,North,Sports,Product_380,2,137.38,274.76,0.2,81.18,Standard,Net Banking
AMZ100024,2022-01-02 00:00:00,CUST3047,Customer_24,USA,Central,Sports,Product_258,1,137.38,137.38,0.2,40.59,Express,Cash on Delivery
AMZ100025,2022-01-02 01:00:00,CUST3747,Customer_25,Canada,South,Books,Product_347,2,137.38,274.76,0.2,81.18,Express,Credit Card
AMZ100026,2022-01-02 02:00:00,CUST1189,Customer_26,USA,West,Home & Kitchen,Product_240,4,137.38,549.52,0.2,162.37,Same Day,Debit Card
AMZ100027,2022-01-02 03:00:00,CUST3734,Customer_27,Canada,South,Home & Kitchen,Product_315,4,137.38,549.52,0.2,162.37,Standard,Credit Card
AMZ100028,2022-01-02 04:00:00,CUST4005,Customer_28,UK,East,Home & Kitchen,Product_214,1,137.38,137.38,0.2,40.59,Same Day,Credit Card
AMZ100029,2022-01-02 05:00:00,CUST5658,Customer_29,Australia,South,Sports,Product_98,2,137.38,274.76,0.2,81.18,Express,Credit Card
AMZ100030,2022-01-02 06:00:00,CUST2899,Customer_30,India,East,Sports,Product_16,4,137.38,549.52,0.2,162.37,Same Day,Cash on Delivery
AMZ100031,2022-01-02 07:00:00,CUST8734,Customer_31,Australia,South,Electronics,Product_404,1,137.38,137.38,0.2,40.59,Same Day,Debit Card
AMZ100032,2022-01-02 08:00:00,CUST2267,Customer_32,Canada,East,Books,Product_154,1,137.38,137.38,0.2,40.59,Same Day,Net Banking
AMZ100033,2022-01-02 09:00:00,CUST2528,Customer_33,India,West,Clothing,Product_16,3,137.38,412.14,0.2,121.78,Express,Credit Card
AMZ100034,2022-01-02 10:00:00,CUST4556,Customer_34,Australia,Central,Electronics,Product_198,2,137.38,274.76,0.2,81.18,Standard,Cash on Delivery
AMZ100035,2022-01-02 11:00:00,CUST4890,Customer_35,India,East,Beauty,Product_493,2,137.38,274.76,0.2,81.18,Same Day,Cash on Delivery
AMZ100036,2022-01-02 12:00:00,CUST9838,Customer_36,Canada,East,Sports,Product_108,2,137.38,274.76,0.2,81.18,Express,Net Banking
AMZ100037,2022-01-02 13:00:00,CUST6393,Customer_37,UK,West,Electronics,Product_23,4,137.38,549.52,0.2,162.37,Same Day,UPI
AMZ100038,2022-01-02 14:00:00,CUST9792,Customer_38,UK,East,Books,Product_42,1,137.38,137.38,0.2,40.59,Standard,Debit Card
AMZ100039,2022-01-02 15:00:00,CUST9433,Customer_39,Australia,North,Beauty,Product_37,3,137.38,412.14,0.2,121.78,Same Day,Debit Card
AMZ100040,2022-01-02 16:00:00,CUST8513,Customer_40,USA,West,Electronics,Product_328,2,137.38,274.76,0.2,81.18,Standard,Credit Card
AMZ100041,2022-01-02 17:00:00,CUST3612,Customer_41,Canada,North,Books,Product_390,3,137.38,412.14,0.2,121.78,Express,UPI
AMZ100042,2022-01-02 18:00:00,CUST8041,Customer_42,Australia,West,Books,Product_165,3,137.38,412.14,0.2,121.78,Standard,Debit Card
AMZ100043,2022-01-02 19:00:00,CUST7235,Customer_43,Australia,East,Sports,Product_116,1,137.38,137.38,0.2,40.59,Standard,Credit Card
AMZ100044,2022-01-02 20:00:00,CUST6486,Customer_44,UK,North,Clothing,Product_150,2,137.38,274.76,0.2,81.18,Express,UPI
AMZ100045,2022-01-02 21:00:00,CUST8099,Customer_45,India,East,Electronics,Product_6,3,137.38,412.14,0.2,121.78,Standard,Cash on Delivery
AMZ100046,2022-01-02 22:00:00,CUST1775,Customer_46,Canada,West,Books,Product_32,2,137.38,274.76,0.2,81.18,Standard,Credit Card
AMZ100047,2022-01-02 23:00:00,CUST9226,Customer_47,India,East,Home & Kitchen,Product_145,2,137.38,274.76,0.2,81.18,Express,UPI
AMZ100048,2022-01-03 00:00:00,CUST4152,Customer_48,Canada,North,Books,Product_294,2,137.38,274.76,0.2,81.18,Standard,Net Banking
AMZ100049,2022-01-03 01:00:00,CUST2585,Customer_49,USA,North,Clothing,Product_401,3,137.38,412.14,0.2,121.78,Standard,Debit Card
AMZ100050,2022-01-03 02:00:00,CUST4943,Customer_50,UK,East,Books,Product_293,1,137.38,137.38,0.2,40.59,Same Day,Credit Card
AMZ100051,2022-01-03 03:00:00,CUST8555,Customer_51,USA,South,Sports,Product_407,1,137.38,137.38,0.2,40.59,Standard,Cash on Delivery
AMZ100052,2022-01-03 04:00:00,CUST4073,Customer_52,Australia,West,Electronics,Product_177,3,137.38,412.14,0.2,121.78,Standard,Credit Card
AMZ100053,2022-01-03 05:00:00,CUST2021,Customer_53,UK,West,Sports,Product_445,4,137.38,549.52,0.2,162.37,Standard,Debit Card
AMZ100054,2022-01-03 06:00:00,CUST4843,Customer_54,Australia,East,Electronics,Product_177,2,137.38,274.76,0.2,81.18,Express,Debit Card
AMZ100055,2022-01-03 07:00:00,CUST8989,Customer_55,USA,South,Beauty,Product_61,2,137.38,274.76,0.2,81.18,Standard,UPI
AMZ100056,2022-01-03 08:00:00,CUST7873,Customer_56,Canada,North,Electronics,Product_77,1,137.38,137.38,0.2,40.59,Express,Cash on Delivery
AMZ100057,2022-01-03 09:00:00,CUST6675,Customer_57,Australia,Central,Beauty,Product_416,3,137.38,412.14,0.2,121.78,Express,UPI
AMZ100058,2022-01-03 10:00:00,CUST1161,Customer_58,India,Central,Sports,Product_383,3,137.38,412.14,0.2,121.78,Standard,Cash on Delivery
AMZ100059,2022-01-03 11:00:00,CUST5297,Customer_59,Canada,East,Home & Kitchen,Product_86,4,137.38,549.52,0.2,162.37,Standard,Credit Card
AMZ100060,2022-01-03 12:00:00,CUST1995,Customer_60,Canada,South,Clothing,Product_191,4,137.38,549.52,0.2,162.37,Standard,Credit Card
AMZ100061,2022-01-03 13:00:00,CUST8629,Customer_61,USA,South,Home & Kitchen,Product_7,1,137.38,137.38,0.2,40.59,Standard,UPI
AMZ100062,2022-01-03 14:00:00,CUST2016,Customer_62,USA,West,Beauty,Product_406,4,137.38,549.52,0.2,162.37,Standard,Net Banking
AMZ100063,2022-01-03 15:00:00,CUST8869,Customer_63,UK,North,Books,Product_85,4,137.38,549.52,0.2,162.37,Standard,Debit Card
AMZ100064,2022-01-03 16:00:00,CUST7439,Customer_64,UK,South,Books,Product_262,3,137.38,412.14,0.2,121.78,Standard,UPI
AMZ100065,2022-01-03 17:00:00,CUST8892,Customer_65,India,Central,Home & Kitchen,Product_445,3,137.38,412.14,0.2,121.78,Express,UPI
AMZ100066,2022-01-03 18:00:00,CUST7863,Customer_66,Canada,North,Books,Product_398,4,137.38,549.52,0.2,162.37,Same Day,Credit Card
AMZ100067,2022-01-03 19:00:00,CUST8916,Customer_67,India,North,Beauty,Product_400,1,137.38,137.38,0.2,40.59,Express,Debit Card
AMZ100068,2022-01-03 20:00:00,CUST9529,Customer_68,India,East,Sports,Product_259,4,137.38,549.52,0.2,162.37,Standard,UPI
AMZ100069,2022-01-03 21:00:00,CUST1878,Customer_69,USA,South,Clothing,Product_393,1,137.38,137.38,0.2,40.59,Same Day,Credit Card
AMZ100070,2022-01-03 22:00:00,CUST5887,Customer_70,India,East,Electronics,Product_47,4,137.38,549.52,0.2,162.37,Same Day,Credit Card
AMZ100071,2022-01-03 23:00:00,CUST5859,Customer_71,India,South,Beauty,Product_341,3,137.38,412.14,0.2,121.78,Standard,UPI
AMZ100072,2022-01-04 00:00:00,CUST7331,Customer_72,Australia,West,Beauty,Product_498,3,137.38,412.14,0.2,121.78,Standard,UPI
AMZ100073,2022-01-04 01:00:00,CUST9571,Customer_73,UK,East,Electronics,Product_94,1,137.38,137.38,0.2,40.59,Express,Credit Card
AMZ100074,2022-01-04 02:00:00,CUST9684,Customer_74,UK,East,Electronics,Product_478,4,137.38,549.52,0.2,162.37,Same Day,UPI
AMZ100075,2022-01-04 03:00:00,CUST8208,Customer_75,Canada,Central,Clothing,Product_426,4,137.38,549.52,0.2,162.37,Same Day,Debit Card
AMZ100076,2022-01-04 04:00:00,CUST6276,Customer_76,UK,East,Clothing,Product_426,1,137.38,137.38,0.2,40.59,Standard,Credit Card
AMZ100077,2022-01-04 05:00:00,CUST3062,Customer_77,Canada,South,Clothing,Product_224,4,137.38,549.52,0.2,162.37,Standard,Credit Card
AMZ100078,2022-01-04 06:00:00,CUST1064,Customer_78,Australia,Central,Books,Product_279,2,137.38,274.76,0.2,81.18,Same Day,UPI
AMZ100079,2022-01-04 07:00:00,CUST9006,Customer_79,UK,East,Beauty,Product_3,3,137.38,412.14,0.2,121.78,Same Day,UPI
AMZ100080,2022-01-04 08:00:00,CUST3568,Customer_80,Australia,East,Sports,Product_129,3,137.38,412.14,0.2,121.78,Standard,UPI
AMZ100081,2022-01-04 09:00:00,CUST6463,Customer_81,UK,West,Electronics,Product_323,1,137.38,137.38,0.2,40.59,Standard,Debit Card
AMZ100082,2022-01-04 10:00:00,CUST3027,Customer_82,UK,East,Beauty,Product_249,4,137.38,549.52,0.2,162.37,Standard,Credit Card
AMZ100083,2022-01-04 11:00:00,CUST3695,Customer_83,Australia,North,Beauty,Product_229,1,137.38,137.38,0.2,40.59,Express,Net Banking
AMZ100084,2022-01-04 12:00:00,CUST6258,Customer_84,India,Central,Clothing,Product_327,2,137.38,274.76,0.2,81.18,Express,Debit Card
AMZ100085,2022-01-04 13:00:00,CUST6618,Customer_85,India,North,Clothing,Product_131,4,137.38,549.52,0.2,162.37,Standard,Debit Card
AMZ100086,2022-01-04 14:00:00,CUST7736,Customer_86,India,Central,Beauty,Product_228,2,137.38,274.76,0.2,81.18,Express,Credit Card
AMZ100087,2022-01-04 15:00:00,CUST1391,Customer_87,India,West,Clothing,Product_177,1,137.38,137.38,0.2,40.59,Same Day,Net Banking
AMZ100088,2022-01-04 16:00:00,CUST6892,Customer_88,UK,East,Books,Product_323,3,137.38,412.14,0.2,121.78,Same Day,Credit Card
AMZ100089,2022-01-04 17:00:00,CUST4561,Customer_89,USA,East,Electronics,Product_311,2,137.38,274.76,0.2,81.18,Standard,Debit Card
AMZ100090,2022-01-04 18:00:00,CUST7184,Customer_90,Australia,East,Beauty,Product_388,4,137.38,549.52,0.2,162.37,Same Day,UPI
AMZ100091,2022-01-04 19:00:00,CUST4099,Customer_91,USA,Central,Electronics,Product_31,1,137.38,137.38,0.2,40.59,Same Day,Credit Card
AMZ100092,2022-01-04 20:00:00,CUST7278,Customer_92,USA,East,Books,Product_66,1,137.38,137.38,0.2,40.59,Same Day,Credit Card
AMZ100093,2022-01-04 21:00:00,CUST9392,Customer_93,Canada,North,Clothing,Product_206,1,137.38,137.38,0.2,40.59,Same Day,UPI
AMZ100094,2022-01-04 22:00:00,CUST4104,Customer_94,India,East,Home & Kitchen,Product_101,3,137.38,412.14,0.2,121.78,Same Day,Net Banking
AMZ100095,2022-01-04 23:00:00,CUST8215,Customer_95,UK,West,Books,Product_320,1,137.38,137.38,0.2,40.59,Express,Net Banking
AMZ100096,2022-01-05 00:00:00,CUST3454,Customer_96,India,North,Home & Kitchen,Product_31,1,137.38,137.38,0.2,40.59,Express,Credit Card
AMZ100097,2022-01-05 01:00:00,CUST9996,Customer_97,India,East,Electronics,Product_373,3,137.38,412.14,0.2,121.78,Standard,UPI
AMZ100098,2022-01-05 02:00:00,CUST3731,Customer_98,USA,East,Beauty,Product_191,1,137.38,137.38,0.2,40.59,Same Day,Credit Card
AMZ100099,2022-01-05 03:00:00,CUST9154,Customer_99,Canada,South,Clothing,Product_66,1,137.38,137.38,0.2,40.59,Express,UPI
AMZ100100,2022-01-05 04:00:00,CUST6056,Customer_100,India,Central,Books,Product_415,2,137.38,274.76,0.2,81.18,Express,Debit Card
AMZ100101,2022-01-05 05:00:00,CUST9110,Customer_101,Australia,North,Clothing,Product_303,1,137.38,137.38,0.2,40.59,Express,UPI
AMZ100102,2022-01-05 06:00:00,CUST4840,Customer_102,Australia,South,Home & Kitchen,Product_235,3,137.38,412.14,0.2,121.78,Same Day,Credit Card
AMZ100103,2022-01-05 07:00:00,CUST2028,Customer_103,India,West,Home & Kitchen,Product_278,2,137.38,274.76,0.2,81.18,Express,Cash on Delivery
AMZ100104,2022-01-05 08:00:00,CUST8385,Customer_104,USA,Central,Sports,Product_202,1,137.38,137.38,0.2,40.59,Standard,Net Banking
AMZ100105,2022-01-05 09:00:00,CUST1502,Customer_105,USA,North,Beauty,Product_350,3,137.38,412.14,0.2,121.78,Standard,Credit Card
AMZ100106,2022-01-05 10:00:00,CUST7910,Customer_106,UK,East,Home & Kitchen,Product_225,4,137.38,549.52,0.2,162.37,Same Day,UPI
AMZ100107,2022-01-05 11:00:00,CUST7938,Customer_107,Canada,North,Beauty,Product_83,1,137.38,137.38,0.2,40.59,Standard,UPI
AMZ100108,2022-01-05 12:00:00,CUST5488,Customer_108,USA,East,Sports,Product_46,4,137.38,549.52,0.2,162.37,Express,Net Banking
AMZ100109,2022-01-05 13:00:00,CUST1206,Customer_109,UK,Central,Books,Product_89,2,137.38,274.76,0.2,81.18,Same Day,Credit Card
AMZ100110,2022-01-05 14:00:00,CUST6134,Customer_110,Australia,East,Sports,Product_186,3,137.38,412.14,0.2,121.78,Standard,Cash on Delivery
AMZ100111,2022-01-05 15:00:00,CUST6977,Customer_111,Australia,West,Beauty,Product_375,2,137.38,274.76,0.2,81.18,Same Day,Debit Card
AMZ100112,2022-01-05 16:00:00,CUST8721,Customer_112,Australia,East,Home & Kitchen,Product_189,4,137.38,549.52,0.2,162.37,Express,Cash on Delivery
AMZ100113,2022-01-05 17:00:00,CUST8035,Customer_113,India,West,Electronics,Product_246,4,137.38,549.52,0.2,162.37,Standard,Debit Card
AMZ100114,2022-01-05 18:00:00,CUST2484,Customer_114,Canada,Central,Beauty,Product_46,4,137.38,549.52,0.2,162.37,Express,Debit Card
AMZ100115,2022-01-05 19:00:00,CUST8858,Customer_115,UK,Central,Clothing,Product_257,3,137.38,412.14,0.2,121.78,Standard,Credit Card
AMZ100116,2022-01-05 20:00:00,CUST1863,Customer_116,Canada,North,Electronics,Product_352,4,137.38,549.52,0.2,162.37,Same Day,Debit Card
AMZ100117,2022-01-05 21:00:00,CUST3790,Customer_117,India,West,Beauty,Product_409,4,137.38,549.52,0.2,162.37,Standard,UPI
AMZ100118,2022-01-05 22:00:00,CUST8408,Customer_118,UK,West,Clothing,Product_61,3,137.38,412.14,0.2,121.78,Standard,Debit Card
AMZ100119,2022-01-05 23:00:00,CUST9755,Customer_119,UK,South,Sports,Product_105,4,137.38,549.52,0.2,162.37,Standard,Debit Card
AMZ100120,2022-01-06 00:00:00,CUST6116,Customer_120,USA,South,Electronics,Product_337,1,137.38,137.38,0.2,40.59,Same Day,Net Banking
AMZ100121,2022-01-06 01:00:00,CUST7019,Customer_121,Canada,South,Beauty,Product_14,4,137.38,549.52,0.2,162.37,Standard,Net Banking
AMZ100122,2022-01-06 02:00:00,CUST2757,Customer_122,Canada,East,Books,Product_301,3,137.38,412.14,0.2,121.78,Express,Credit Card
AMZ100123,2022-01-06 03:00:00,CUST8574,Customer_123,USA,South,Sports,Product_77,4,137.38,549.52,0.2,162.37,Same Day,Credit Card
AMZ100124,2022-01-06 04:00:00,CUST7374,Customer_124,Australia,West,Clothing,Product_230,3,137.38,412.14,0.2,121.78,Same Day,UPI
AMZ100125,2022-01-06 05:00:00,CUST7892,Customer_125,India,East,Books,Product_167,4,137.38,549.52,0.2,162.37,Express,Net Banking
AMZ100126,2022-01-06 06:00:00,CUST2678,Customer_126,Canada,Central,Home & Kitchen,Product_66,1,137.38,137.38,0.2,40.59,Same Day,Cash on Delivery
AMZ100127,2022-01-06 07:00:00,CUST4242,Customer_127,USA,North,Sports,Product_32,3,137.38,412.14,0.2,121.78,Standard,Credit Card
AMZ100128,2022-01-06 08:00:00,CUST5636,Customer_128,UK,South,Sports,Product_96,3,137.38,412.14,0.2,121.78,Same Day,Credit Card
AMZ100129,2022-01-06 09:00:00,CUST2059,Customer_129,USA,Central,Beauty,Product_58,3,137.38,412.14,0.2,121.78,Express,Net Banking
AMZ100130,2022-01-06 10:00:00,CUST7668,Customer_130,Australia,West,Beauty,Product_104,3,137.38,412.14,0.2,121.78,Same Day,Net Banking
AMZ100131,2022-01-06 11:00:00,CUST4157,Customer_131,India,North,Clothing,Product_312,4,137.38,549.52,0.2,162.37,Express,UPI
AMZ100132,2022-01-06 12:00:00,CUST6915,Customer_132,Australia,Central,Sports,Product_134,4,137.38,549.52,0.2,162.37,Same Day,Net Banking
AMZ100133,2022-01-06 13:00:00,CUST3693,Customer_133,UK,North,Beauty,Product_217,1,137.38,137.38,0.2,40.59,Express,Debit Card
AMZ100134,2022-01-06 14:00:00,CUST4627,Customer_134,UK,South,Home & Kitchen,Product_67,1,137.38,137.38,0.2,40.59,Same Day,Cash on Delivery
AMZ100135,2022-01-06 15:00:00,CUST6450,Customer_135,UK,West,Beauty,Product_466,4,137.38,549.52,0.2,162.37,Standard,Debit Card
AMZ100136,2022-01-06 16:00:00,CUST2663,Customer_136,UK,North,Sports,Product_178,2,137.38,274.76,0.2,81.18,Express,Debit Card
AMZ100137,2022-01-06 17:00:00,CUST6592,Customer_137,USA,Central,Electronics,Product_374,3,137.38,412.14,0.2,121.78,Express,Debit Card
AMZ100138,2022-01-06 18:00:00,CUST8392,Customer_138,UK,South,Books,Product_247,4,137.38,549.52,0.2,162.37,Same Day,Credit Card
AMZ100139,2022-01-06 19:00:00,CUST2306,Customer_139,UK,South,Sports,Product_294,1,137.38,137.38,0.2,40.59,Same Day,Debit Card
AMZ100140,2022-01-06 20:00:00,CUST7776,Customer_140,USA,Central,Home & Kitchen,Product_235,3,137.38,412.14,0.2,121.78,Same Day,Credit Card
AMZ100141,2022-01-06 21:00:00,CUST6864,Customer_141,UK,Central,Sports,Product_131,1,137.38,137.38,0.2,40.59,Standard,Net Banking
AMZ100142,2022-01-06 22:00:00,CUST8526,Customer_142,Australia,North,Home & Kitchen,Product_112,2,137.38,274.76,0.2,81.18,Same Day,Cash on Delivery
AMZ100143,2022-01-06 23:00:00,CUST9901,Customer_143,Australia,East,Sports,Product_389,3,137.38,412.14,0.2,121.78,Express,Cash on Delivery
AMZ100144,2022-01-07 00:00:00,CUST6575,Customer_144,Canada,South,Books,Product_408,2,137.38,274.76,0.2,81.18,Same Day,Debit Card
AMZ100145,2022-01-07 01:00:00,CUST6530,Customer_145,Australia,North,Books,Product_54,2,137.38,274.76,0.2,81.18,Standard,Cash on Delivery
AMZ100146,2022-01-07 02:00:00,CUST5413,Customer_146,India,Central,Home & Kitchen,Product_290,2,137.38,274.76,0.2,81.18,Same Day,Credit Card
AMZ100147,2022-01-07 03:00:00,CUST4748,Customer_147,India,North,Sports,Product_239,4,137.38,549.52,0.2,162.37,Same Day,Net Banking
AMZ100148,2022-01-07 04:00:00,CUST1663,Customer_148,India,Central,Books,Product_240,1,137.38,137.38,0.2,40.59,Express,Debit Card
AMZ100149,2022-01-07 05:00:00,CUST2998,Customer_149,USA,West,Clothing,Product_295,3,137.38,412.14,0.2,121.78,Same Day,UPI
AMZ100150,2022-01-07 06:00:00,CUST8994,Customer_150,Australia,Central,Sports,Product_112,4,137.38,549.52,0.2,162.37,Standard,Cash on Delivery
AMZ100151,2022-01-07 07:00:00,CUST2495,Customer_151,India,Central,Books,Product_88,1,137.38,137.38,0.2,40.59,Same Day,Cash on Delivery
AMZ100152,2022-01-07 08:00:00,CUST4304,Customer_152,Canada,Central,Electronics,Product_228,4,137.38,549.52,0.2,162.37,Same Day,Debit Card
AMZ100153,2022-01-07 09:00:00,CUST4763,Customer_153,USA,East,Electronics,Product_476,1,137.38,137.38,0.2,40.59,Express,Cash on Delivery
AMZ100154,2022-01-07 10:00:00,CUST6232,Customer_154,Canada,Central,Clothing,Product_304,3,137.38,412.14,0.2,121.78,Same Day,Cash on Delivery
AMZ100155,2022-01-07 11:00:00,CUST2853,Customer_155,Australia,South,Books,Product_305,3,137.38,412.14,0.2,121.78,Express,UPI
AMZ100156,2022-01-07 12:00:00,CUST7585,Customer_156,UK,South,Electronics,Product_290,3,137.38,412.14,0.2,121.78,Express,Credit Card
AMZ100157,2022-01-07 13:00:00,CUST2291,Customer_157,Canada,North,Sports,Product_208,3,137.38,412.14,0.2,121.78,Same Day,Debit Card
AMZ100158,2022-01-07 14:00:00,CUST4581,Customer_158,UK,East,Beauty,Product_356,1,137.38,137.38,0.2,40.59,Express,Debit Card
AMZ100159,2022-01-07 15:00:00,CUST8554,Customer_159,USA,North,Books,Product_391,4,137.38,549.52,0.2,162.37,Express,UPI
AMZ100160,2022-01-07 16:00:00,CUST8280,Customer_160,Canada,South,Clothing,Product_274,3,137.38,412.14,0.2,121.78,Same Day,UPI
AMZ100161,2022-01-07 17:00:00,CUST2636,Customer_161,Canada,South,Books,Product_70,3,137.38,412.14,0.2,121.78,Same Day,Credit Card
AMZ100162,2022-01-07 18:00:00,CUST4696,Customer_162,USA,West,Home & Kitchen,Product_370,3,137.38,412.14,0.2,121.78,Standard,Net Banking
AMZ100163,2022-01-07 19:00:00,CUST1698,Customer_163,USA,Central,Home & Kitchen,Product_220,2,137.38,274.76,0.2,81.18,Standard,Debit Card
AMZ100164,2022-01-07 20:00:00,CUST5737,Customer_164,India,South,Electronics,Product_231,3,137.38,412.14,0.2,121.78,Express,Cash on Delivery
AMZ100165,2022-01-07 21:00:00,CUST1854,Customer_165,Australia,North,Home & Kitchen,Product_290,3,137.38,412.14,0.2,121.78,Express,Credit Card
AMZ100166,2022-01-07 22:00:00,CUST9164,Customer_166,Canada,North,Clothing,Product_307,1,137.38,137.38,0.2,40.59,Same Day,Debit Card
AMZ100167,2022-01-07 23:00:00,CUST6855,Customer_167,Canada,Central,Electronics,Product_361,2,137.38,274.76,0.2,81.18,Standard,Credit Card
AMZ100168,2022-01-08 00:00:00,CUST8392,Customer_168,USA,Central,Clothing,Product_349,1,137.38,137.38,0.2,40.59,Standard,Net Banking
AMZ100169,2022-01-08 01:00:00,CUST7528,Customer_169,USA,West,Sports,Product_255,4,137.38,549.52,0.2,162.37,Same Day,Debit Card
AMZ100170,2022-01-08 02:00:00,CUST6249,Customer_170,Australia,East,Clothing,Product_452,2,137.38,274.76,0.2,81.18,Same Day,Cash on Delivery
AMZ100171,2022-01-08 03:00:00,CUST6172,Customer_171,USA,North,Home & Kitchen,Product_142,1,137.38,137.38,0.2,40.59,Same Day,Debit Card
AMZ100172,2022-01-08 04:00:00,CUST2707,Customer_172,UK,Central,Sports,Product_69,1,137.38,137.38,0.2,40.59,Same Day,Credit Card
AMZ100173,2022-01-08 05:00:00,CUST6791,Customer_173,UK,North,Home & Kitchen,Product_89,4,137.38,549.52,0.2,162.37,Standard,Net Banking
AMZ100174,2022-01-08 06:00:00,CUST6535,Customer_174,UK,Central,Clothing,Product_359,4,137.38,549.52,0.2,162.37,Same Day,Credit Card
AMZ100175,2022-01-08 07:00:00,CUST5931,Customer_175,UK,South,Home & Kitchen,Product_136,3,137.38,412.14,0.2,121.78,Same Day,Credit Card
AMZ100176,2022-01-08 08:00:00,CUST4510,Customer_176,Australia,North,Home & Kitchen,Product_143,3,137.38,412.14,0.2,121.78,Standard,UPI
AMZ100177,2022-01-08 09:00:00,CUST1202,Customer_177,Canada,South,Home & Kitchen,Product_339,2,137.38,274.76,0.2,81.18,Same Day,Credit Card
AMZ100178,2022-01-08 10:00:00,CUST5218,Customer_178,UK,North,Books,Product_187,2,137.38,274.76,0.2,81.18,Standard,Net Banking
AMZ100179,2022-01-08 11:00:00,CUST9958,Customer_179,USA,East,Sports,Product_11,4,137.38,549.52,0.2,162.37,Standard,Cash on Delivery
AMZ100180,2022-01-08 12:00:00,CUST5389,Customer_180,UK,West,Sports,Product_148,2,137.38,274.76,0.2,81.18,Same Day,UPI
AMZ100181,2022-01-08 13:00:00,CUST3327,Customer_181,Australia,South,Sports,Product_439,3,137.38,412.14,0.2,121.78,Same Day,Credit Card
AMZ100182,2022-01-08 14:00:00,CUST9004,Customer_182,USA,Central,Clothing,Product_292,4,137.38,549.52,0.2,162.37,Express,Debit Card
AMZ100183,2022-01-08 15:00:00,CUST3931,Customer_183,UK,East,Beauty,Product_338,1,137.38,137.38,0.2,40.59,Express,UPI
AMZ100184,2022-01-08 16:00:00,CUST8777,Customer_184,Canada,North,Clothing,Product_398,4,137.38,549.52,0.2,162.37,Standard,Net Banking
AMZ100185,2022-01-08 17:00:00,CUST1197,Customer_185,USA,South,Sports,Product_442,2,137.38,274.76,0.2,81.18,Standard,Debit Card
AMZ100186,2022-01-08 18:00:00,CUST8125,Customer_186,USA,North,Electronics,Product_38,3,137.38,412.14,0.2,121.78,Express,Net Banking
AMZ100187,2022-01-08 19:00:00,CUST2930,Customer_187,Canada,North,Home & Kitchen,Product_345,3,137.38,412.14,0.2,121.78,Standard,Debit Card
AMZ100188,2022-01-08 20:00:00,CUST7287,Customer_188,USA,North,Home & Kitchen,Product_208,1,137.38,137.38,0.2,40.59,Express,Cash on Delivery
AMZ100189,2022-01-08 21:00:00,CUST9800,Customer_189,UK,West,Beauty,Product_210,1,137.38,137.38,0.2,40.59,Same Day,Net Banking
AMZ100190,2022-01-08 22:00:00,CUST5282,Customer_190,USA,West,Electronics,Product_1,4,137.38,549.52,0.2,162.37,Same Day,Debit Card
AMZ100191,2022-01-08 23:00:00,CUST3511,Customer_191,UK,Central,Books,Product_360,3,137.38,412.14,0.2,121.78,Same Day,Net Banking
AMZ100192,2022-01-09 00:00:00,CUST1659,Customer_192,Canada,South,Clothing,Product_65,1,137.38,137.38,0.2,40.59,Standard,UPI
AMZ100193,2022-01-09 01:00:00,CUST3811,Customer_193,India,East,Books,Product_1,1,137.38,137.38,0.2,40.59,Same Day,Net Banking
AMZ100194,2022-01-09 02:00:00,CUST8098,Customer_194,Canada,East,Electronics,Product_243,4,137.38,549.52,0.2,162.37,Standard,Net Banking
AMZ100195,2022-01-09 03:00:00,CUST7546,Customer_195,UK,East,Beauty,Product_469,4,137.38,549.52,0.2,162.37,Same Day,Debit Card
AMZ100196,2022-01-09 04:00:00,CUST2986,Customer_196,Australia,North,Electronics,Product_381,3,137.38,412.14,0.2,121.78,Standard,Net Banking
AMZ100197,2022-01-09 05:00:00,CUST9338,Customer_197,Canada,West,Beauty,Product_316,2,137.38,274.76,0.2,81.18,Standard,Cash on Delivery
AMZ100198,2022-01-09 06:00:00,CUST3911,Customer_198,Australia,South,Books,Product_25,2,137.38,274.76,0.2,81.18,Express,Credit Card
AMZ100199,2022-01-09 07:00:00,CUST2734,Customer_199,Australia,North,Books,Product_347,3,137.38,412.14,0.2,121.78,Express,UPI
AMZ100200,2022-01-09 08:00:00,CUST2843,Customer_200,UK,West,Electronics,Product_394,2,137.38,274.76,0.2,81.18,Express,Debit Card
AMZ100201,2022-01-09 09:00:00,CUST9680,Customer_201,UK,West,Electronics,Product_50,3,137.38,412.14,0.2,121.78,Standard,Net Banking
AMZ100202,2022-01-09 10:00:00,CUST3976,Customer_202,India,South,Home & Kitchen,Product_396,3,137.38,412.14,0.2,121.78,Express,Net Banking
AMZ100203,2022-01-09 11:00:00,CUST2959,Customer_203,USA,South,Beauty,Product_348,1,137.38,137.38,0.2,40.59,Express,Net Banking
AMZ100204,2022-01-09 12:00:00,CUST6759,Customer_204,Canada,South,Home & Kitchen,Product_241,2,137.38,274.76,0.2,81.18,Express,UPI
AMZ100205,2022-01-09 13:00:00,CUST7694,Customer_205,UK,North,Clothing,Product_32,3,137.38,412.14,0.2,121.78,Standard,Credit Card
AMZ100206,2022-01-09 14:00:00,CUST3385,Customer_206,Canada,Central,Clothing,Product_33,2,137.38,274.76,0.2,81.18,Standard,Cash on Delivery
AMZ100207,2022-01-09 15:00:00,CUST5736,Customer_207,Australia,South,Electronics,Product_200,2,137.38,274.76,0.2,81.18,Express,Cash on Delivery
AMZ100208,2022-01-09 16:00:00,CUST2802,Customer_208,USA,Central,Books,Product_234,4,137.38,549.52,0.2,162.37,Express,Debit Card
AMZ100209,2022-01-09 17:00:00,CUST9155,Customer_209,India,North,Clothing,Product_26,2,137.38,274.76,0.2,81.18,Standard,Credit Card
AMZ100210,2022-01-09 18:00:00,CUST9120,Customer_210,Canada,Central,Clothing,Product_42,3,137.38,412.14,0.2,121.78,Standard,Credit Card
AMZ100211,2022-01-09 19:00:00,CUST7616,Customer_211,USA,East,Home & Kitchen,Product_434,1,137.38,137.38,0.2,40.59,Express,UPI
AMZ100212,2022-01-09 20:00:00,CUST6534,Customer_212,India,Central,Home & Kitchen,Product_61,2,137.38,274.76,0.2,81.18,Express,Net Banking
AMZ100213,2022-01-09 21:00:00,CUST5061,Customer_213,Canada,South,Clothing,Product_41,3,137.38,412.14,0.2,121.78,Express,Credit Card
AMZ100214,2022-01-09 22:00:00,CUST1262,Customer_214,USA,North,Electronics,Product_441,4,137.38,549.52,0.2,162.37,Standard,Net Banking
AMZ100215,2022-01-09 23:00:00,CUST7287,Customer_215,UK,South,Home & Kitchen,Product_130,2,137.38,274.76,0.2,81.18,Express,UPI
AMZ100216,2022-01-10 00:00:00,CUST9815,Customer_216,Canada,East,Clothing,Product_355,1,137.38,137.38,0.2,40.59,Standard,Debit Card
AMZ100217,2022-01-10 01:00:00,CUST3049,Customer_217,USA,South,Books,Product_354,2,137.38,274.76,0.2,81.18,Same Day,Debit Card
AMZ100218,2022-01-10 02:00:00,CUST6423,Customer_218,India,South,Home & Kitchen,Product_198,3,137.38,412.14,0.2,121.78,Express,Net Banking
AMZ100219,2022-01-10 03:00:00,CUST5548,Customer_219,USA,South,Clothing,Product_287,2,137.38,274.76,0.2,81.18,Same Day,Net Banking
AMZ100220,2022-01-10 04:00:00,CUST4108,Customer_220,UK,West,Beauty,Product_151,2,137.38,274.76,0.2,81.18,Standard,Credit Card
AMZ100221,2022-01-10 05:00:00,CUST8158,Customer_221,Canada,East,Home & Kitchen,Product_204,4,137.38,549.52,0.2,162.37,Same Day,UPI
AMZ100222,2022-01-10 06:00:00,CUST8400,Customer_222,Canada,South,Beauty,Product_182,2,137.38,274.76,0.2,81.18,Express,Debit Card
AMZ100223,2022-01-10 07:00:00,CUST4170,Customer_223,Canada,South,Home & Kitchen,Product_371,1,137.38,137.38,0.2,40.59,Same Day,Credit Card
AMZ100224,2022-01-10 08:00:00,CUST3255,Customer_224,UK,South,Home & Kitchen,Product_412,2,137.38,274.76,0.2,81.18,Same Day,Cash on Delivery
AMZ100225,2022-01-10 09:00:00,CUST2154,Customer_225,India,North,Sports,Product_207,4,137.38,549.52,0.2,162.37,Same Day,Credit Card
AMZ100226,2022-01-10 10:00:00,CUST5499,Customer_226,Canada,West,Sports,Product_147,3,137.38,412.14,0.2,121.78,Standard,Net Banking
AMZ100227,2022-01-10 11:00:00,CUST7295,Customer_227,India,North,Beauty,Product_204,2,137.38,274.76,0.2,81.18,Express,Cash on Delivery
AMZ100228,2022-01-10 12:00:00,CUST7197,Customer_228,USA,West,Electronics,Product_498,2,137.38,274.76,0.2,81.18,Standard,Credit Card
AMZ100229,2022-01-10 13:00:00,CUST2648,Customer_229,India,South,Clothing,Product_48,4,137.38,549.52,0.2,162.37,Same Day,UPI
AMZ100230,2022-01-10 14:00:00,CUST6539,Customer_230,India,East,Electronics,Product_258,4,137.38,549.52,0.2,162.37,Same Day,Debit Card
AMZ100231,2022-01-10 15:00:00,CUST5199,Customer_231,Canada,Central,Electronics,Product_139,4,137.38,549.52,0.2,162.37,Standard,Cash on Delivery
AMZ100232,2022-01-10 16:00:00,CUST9445,Customer_232,Australia,Central,Sports,Product_172,2,137.38,274.76,0.2,81.18,Standard,UPI
AMZ100233,2022-01-10 17:00:00,CUST3557,Customer_233,Australia,South,Clothing,Product_101,1,137.38,137.38,0.2,40.59,Same Day,Credit Card
AMZ100234,2022-01-10 18:00:00,CUST6592,Customer_234,UK,North,Sports,Product_187,4,137.38,549.52,0.2,162.37,Express,Net Banking
AMZ100235,2022-01-10 19:00:00,CUST1098,Customer_235,UK,East,Sports,Product_384,3,137.38,412.14,0.2,121.78,Standard,Net Banking
AMZ100236,2022-01-10 20:00:00,CUST3200,Customer_236,Australia,West,Sports,Product_315,2,137.38,274.76,0.2,81.18,Same Day,UPI
AMZ100237,2022-01-10 21:00:00,CUST3961,Customer_237,USA,South,Books,Product_376,3,137.38,412.14,0.2,121.78,Same Day,Net Banking
AMZ100238,2022-01-10 22:00:00,CUST5973,Customer_238,Canada,East,Electronics,Product_294,3,137.38,412.14,0.2,121.78,Express,Debit Card
AMZ100239,2022-01-10 23:00:00,CUST5433,Customer_239,Canada,East,Electronics,Product_409,1,137.38,137.38,0.2,40.59,Same Day,UPI
AMZ100240,2022-01-11 00:00:00,CUST3869,Customer_240,USA,West,Electronics,Product_363,3,137.38,412.14,0.2,121.78,Standard,UPI
AMZ100241,2022-01-11 01:00:00,CUST1956,Customer_241,USA,East,Books,Product_21,4,137.38,549.52,0.2,162.37,Same Day,Net Banking
AMZ100242,2022-01-11 02:00:00,CUST9352,Customer_242,Australia,North,Home & Kitchen,Product_298,4,137.38,549.52,0.2,162.37,Same Day,UPI
AMZ100243,2022-01-11 03:00:00,CUST6699,Customer_243,UK,North,Beauty,Product_420,2,137.38,274.76,0.2,81.18,Same Day,Credit Card
AMZ100244,2022-01-11 04:00:00,CUST7944,Customer_244,USA,North,Beauty,Product_393,1,137.38,137.38,0.2,40.59,Same Day,Cash on Delivery
AMZ100245,2022-01-11 05:00:00,CUST5493,Customer_245,UK,East,Books,Product_396,1,137.38,137.38,0.2,40.59,Express,Cash on Delivery
AMZ100246,2022-01-11 06:00:00,CUST5911,Customer_246,India,North,Electronics,Product_10,3,137.38,412.14,0.2,121.78,Standard,Net Banking
AMZ100247,2022-01-11 07:00:00,CUST4987,Customer_247,Canada,West,Beauty,Product_187,1,137.38,137.38,0.2,40.59,Same Day,Debit Card
AMZ100248,2022-01-11 08:00:00,CUST7015,Customer_248,Australia,East,Books,Product_494,3,137.38,412.14,0.2,121.78,Standard,Debit Card
AMZ100249,2022-01-11 09:00:00,CUST2218,Customer_249,Canada,Central,Sports,Product_133,3,137.38,412.14,0.2,121.78,Express,Net Banking
AMZ100250,2022-01-11 10:00:00,CUST5496,Customer_250,Australia,East,Clothing,Product_33,1,137.38,137.38,0.2,40.59,Standard,Net Banking
AMZ100251,2022-01-11 11:00:00,CUST5735,Customer_251,India,West,Beauty,Product_69,2,137.38,274.76,0.2,81.18,Express,UPI
AMZ100252,2022-01-11 12:00:00,CUST5555,Customer_252,Canada,Central,Clothing,Product_80,3,137.38,412.14,0.2,121.78,Standard,Debit Card
AMZ100253,2022-01-11 13:00:00,CUST9050,Customer_253,India,East,Electronics,Product_191,4,137.38,549.52,0.2,162.37,Standard,Cash on Delivery
AMZ100254,2022-01-11 14:00:00,CUST4446,Customer_254,Australia,North,Beauty,Product_101,4,137.38,549.52,0.2,162.37,Same Day,Net Banking
AMZ100255,2022-01-11 15:00:00,CUST2045,Customer_255,USA,South,Books,Product_485,1,137.38,137.38,0.2,40.59,Standard,Cash on Delivery
AMZ100256,2022-01-11 16:00:00,CUST7893,Customer_256,Canada,South,Home & Kitchen,Product_285,1,137.38,137.38,0.2,40.59,Same Day,Cash on Delivery
AMZ100257,2022-01-11 17:00:00,CUST2693,Customer_257,India,North,Beauty,Product_402,3,137.38,412.14,0.2,121.78,Same Day,Debit Card
AMZ100258,2022-01-11 18:00:00,CUST4436,Customer_258,Canada,South,Beauty,Product_221,3,137.38,412.14,0.2,121.78,Standard,Cash on Delivery
AMZ100259,2022-01-11 19:00:00,CUST9754,Customer_259,Canada,South,Beauty,Product_390,4,137.38,549.52,0.2,162.37,Same Day,UPI
AMZ100260,2022-01-11 20:00:00,CUST6895,Customer_260,Canada,North,Beauty,Product_53,3,137.38,412.14,0.2,121.78,Standard,UPI
AMZ100261,2022-01-11 21:00:00,CUST4354,Customer_261,UK,North,Books,Product_466,4,137.38,549.52,0.2,162.37,Same Day,Debit Card
AMZ100262,2022-01-11 22:00:00,CUST1225,Customer_262,India,East,Books,Product_160,3,137.38,412.14,0.2,121.78,Same Day,UPI
AMZ100263,2022-01-11 23:00:00,CUST5893,Customer_263,India,East,Home & Kitchen,Product_380,2,137.38,274.76,0.2,81.18,Express,Net Banking
AMZ100264,2022-01-12 00:00:00,CUST8022,Customer_264,Canada,North,Books,Product_42,2,137.38,274.76,0.2,81.18,Express,Debit Card
AMZ100265,2022-01-12 01:00:00,CUST6600,Customer_265,USA,West,Books,Product_47,4,137.38,549.52,0.2,162.37,Standard,Cash on Delivery
AMZ100266,2022-01-12 02:00:00,CUST8996,Customer_266,Canada,South,Electronics,Product_159,2,137.38,274.76,0.2,81.18,Same Day,Net Banking
AMZ100267,2022-01-12 03:00:00,CUST8683,Customer_267,UK,East,Electronics,Product_446,2,137.38,274.76,0.2,81.18,Express,Debit Card
AMZ100268,2022-01-12 04:00:00,CUST5642,Customer_268,Australia,South,Clothing,Product_184,1,137.38,137.38,0.2,40.59,Express,Cash on Delivery
AMZ100269,2022-01-12 05:00:00,CUST8679,Customer_269,UK,Central,Home & Kitchen,Product_246,3,137.38,412.14,0.2,121.78,Express,Cash on Delivery
AMZ100270,2022-01-12 06:00:00,CUST9208,Customer_270,USA,North,Electronics,Product_11,1,137.38,137.38,0.2,40.59,Same Day,Cash on Delivery
AMZ100271,2022-01-12 07:00:00,CUST8339,Customer_271,Canada,West,Home & Kitchen,Product_154,4,137.38,549.52,0.2,162.37,Standard,Cash on Delivery
AMZ100272,2022-01-12 08:00:00,CUST3205,Customer_272,India,Central,Home & Kitchen,Product_220,1,137.38,137.38,0.2,40.59,Same Day,Cash on Delivery
AMZ100273,2022-01-12 09:00:00,CUST2069,Customer_273,Canada,Central,Beauty,Product_155,4,137.38,549.52,0.2,162.37,Same Day,Debit Card
AMZ100274,2022-01-12 10:00:00,CUST4444,Customer_274,USA,Central,Sports,Product_339,2,137.38,274.76,0.2,81.18,Express,UPI
AMZ100275,2022-01-12 11:00:00,CUST2060,Customer_275,India,North,Sports,Product_441,1,137.38,137.38,0.2,40.59,Same Day,Cash on Delivery
AMZ100276,2022-01-12 12:00:00,CUST3327,Customer_276,UK,East,Sports,Product_365,2,137.38,274.76,0.2,81.18,Same Day,Net Banking
AMZ100277,2022-01-12 13:00:00,CUST4420,Customer_277,Australia,North,Home & Kitchen,Product_283,3,137.38,412.14,0.2,121.78,Express,Debit Card
AMZ100278,2022-01-12 14:00:00,CUST1301,Customer_278,Australia,East,Beauty,Product_187,2,137.38,274.76,0.2,81.18,Express,Credit Card
AMZ100279,2022-01-12 15:00:00,CUST1606,Customer_279,Canada,Central,Clothing,Product_62,3,137.38,412.14,0.2,121.78,Same Day,UPI
AMZ100280,2022-01-12 16:00:00,CUST4170,Customer_280,UK,Central,Clothing,Product_148,2,137.38,274.76,0.2,81.18,Express,Net Banking
AMZ100281,2022-01-12 17:00:00,CUST1699,Customer_281,USA,West,Sports,Product_387,1,137.38,137.38,0.2,40.59,Standard,Cash on Delivery
AMZ100282,2022-01-12 18:00:00,CUST6088,Customer_282,Australia,East,Clothing,Product_144,1,137.38,137.38,0.2,40.59,Standard,Debit Card
AMZ100283,2022-01-12 19:00:00,CUST1190,Customer_283,UK,Central,Beauty,Product_103,2,137.38,274.76,0.2,81.18,Standard,Debit Card
AMZ100284,2022-01-12 20:00:00,CUST1980,Customer_284,Canada,South,Sports,Product_300,4,137.38,549.52,0.2,162.37,Standard,Cash on Delivery
AMZ100285,2022-01-12 21:00:00,CUST3975,Customer_285,India,West,Beauty,Product_93,4,137.38,549.52,0.2,162.37,Standard,Net Banking
AMZ100286,2022-01-12 22:00:00,CUST7102,Customer_286,Canada,North,Clothing,Product_463,3,137.38,412.14,0.2,121.78,Express,Debit Card
AMZ100287,2022-01-12 23:00:00,CUST2184,Customer_287,Canada,West,Sports,Product_286,3,137.38,412.14,0.2,121.78,Express,UPI
AMZ100288,2022-01-13 00:00:00,CUST4327,Customer_288,UK,South,Beauty,Product_424,2,137.38,274.76,0.2,81.18,Standard,Net Banking
AMZ100289,2022-01-13 01:00:00,CUST4394,Customer_289,Australia,East,Books,Product_119,1,137.38,137.38,0.2,40.59,Standard,Cash on Delivery
AMZ100290,2022-01-13 02:00:00,CUST9319,Customer_290,UK,North,Books,Product_497,3,137.38,412.14,0.2,121.78,Standard,Net Banking
AMZ100291,2022-01-13 03:00:00,CUST2816,Customer_291,India,North,Beauty,Product_449,2,137.38,274.76,0.2,81.18,Express,Net Banking
AMZ100292,2022-01-13 04:00:00,CUST6854,Customer_292,UK,East,Beauty,Product_29,3,137.38,412.14,0.2,121.78,Express,Credit Card
AMZ100293,2022-01-13 05:00:00,CUST7709,Customer_293,USA,West,Electronics,Product_30,1,137.38,137.38,0.2,40.59,Same Day,Cash on Delivery
AMZ100294,2022-01-13 06:00:00,CUST1569,Customer_294,Canada,Central,Electronics,Product_360,3,137.38,412.14,0.2,121.78,Same Day,UPI
AMZ100295,2022-01-13 07:00:00,CUST6442,Customer_295,Australia,West,Home & Kitchen,Product_366,2,137.38,274.76,0.2,81.18,Same Day,Cash on Delivery
AMZ100296,2022-01-13 08:00:00,CUST2895,Customer_296,India,South,Sports,Product_288,3,137.38,412.14,0.2,121.78,Same Day,Credit Card
AMZ100297,2022-01-13 09:00:00,CUST3733,Customer_297,Canada,Central,Home & Kitchen,Product_138,4,137.38,549.52,0.2,162.37,Express,Cash on Delivery
AMZ100298,2022-01-13 10:00:00,CUST4863,Customer_298,UK,West,Home & Kitchen,Product_475,3,137.38,412.14,0.2,121.78,Express,Cash on Delivery
AMZ100299,2022-01-13 11:00:00,CUST8455,Customer_299,USA,East,Clothing,Product_51,1,137.38,137.38,0.2,40.59,Express,UPI
AMZ100300,2022-01-13 12:00:00,CUST5014,Customer_300,UK,South,Books,Product_392,1,137.38,137.38,0.2,40.59,Express,Credit Card
AMZ100301,2022-01-13 13:00:00,CUST2686,Customer_301,Canada,South,Clothing,Product_435,1,137.38,137.38,0.2,40.59,Standard,Cash on Delivery
AMZ100302,2022-01-13 14:00:00,CUST4009,Customer_302,India,South,Sports,Product_292,1,137.38,137.38,0.2,40.59,Same Day,Cash on Delivery
AMZ100303,2022-01-13 15:00:00,CUST8806,Customer_303,Australia,Central,Beauty,Product_234,2,137.38,274.76,0.2,81.18,Express,Debit Card
AMZ100304,2022-01-13 16:00:00,CUST1154,Customer_304,Canada,North,Electronics,Product_55,3,137.38,412.14,0.2,121.78,Express,Cash on Delivery
AMZ100305,2022-01-13 17:00:00,CUST2409,Customer_305,India,Central,Sports,Product_419,3,137.38,412.14,0.2,121.78,Same Day,UPI
AMZ100306,2022-01-13 18:00:00,CUST1784,Customer_306,Canada,West,Beauty,Product_292,3,137.38,412.14,0.2,121.78,Express,Debit Card
AMZ100307,2022-01-13 19:00:00,CUST9096,Customer_307,USA,North,Sports,Product_240,3,137.38,412.14,0.2,121.78,Standard,Credit Card
AMZ100308,2022-01-13 20:00:00,CUST8560,Customer_308,UK,West,Beauty,Product_312,2,137.38,274.76,0.2,81.18,Express,Net Banking
AMZ100309,2022-01-13 21:00:00,CUST8343,Customer_309,Australia,North,Electronics,Product_36,1,137.38,137.38,0.2,40.59,Same Day,UPI
AMZ100310,2022-01-13 22:00:00,CUST8206,Customer_310,India,Central,Beauty,Product_89,3,137.38,412.14,0.2,121.78,Standard,Credit Card
AMZ100311,2022-01-13 23:00:00,CUST6596,Customer_311,Australia,South,Home & Kitchen,Product_212,3,137.38,412.14,0.2,121.78,Standard,Debit Card
AMZ100312,2022-01-14 00:00:00,CUST6801,Customer_312,Australia,East,Sports,Product_445,1,137.38,137.38,0.2,40.59,Same Day,Net Banking
AMZ100313,2022-01-14 01:00:00,CUST3806,Customer_313,Australia,South,Electronics,Product_318,4,137.38,549.52,0.2,162.37,Same Day,Credit Card
AMZ100314,2022-01-14 02:00:00,CUST1537,Customer_314,India,Central,Beauty,Product_365,4,137.38,549.52,0.2,162.37,Standard,UPI
AMZ100315,2022-01-14 03:00:00,CUST6986,Customer_315,India,North,Home & Kitchen,Product_245,1,137.38,137.38,0.2,40.59,Express,Debit Card
AMZ100316,2022-01-14 04:00:00,CUST2841,Customer_316,Australia,South,Home & Kitchen,Product_465,3,137.38,412.14,0.2,121.78,Same Day,UPI
AMZ100317,2022-01-14 05:00:00,CUST9716,Customer_317,UK,Central,Books,Product_87,1,137.38,137.38,0.2,40.59,Standard,UPI
AMZ100318,2022-01-14 06:00:00,CUST7971,Customer_318,Canada,West,Home & Kitchen,Product_409,3,137.38,412.14,0.2,121.78,Same Day,Debit Card
AMZ100319,2022-01-14 07:00:00,CUST6625,Customer_319,Australia,East,Clothing,Product_240,3,137.38,412.14,0.2,121.78,Express,Cash on Delivery
AMZ100320,2022-01-14 08:00:00,CUST3950,Customer_320,USA,South,Electronics,Product_320,4,137.38,549.52,0.2,162.37,Express,UPI
AMZ100321,2022-01-14 09:00:00,CUST8992,Customer_321,Australia,North,Electronics,Product_188,4,137.38,549.52,0.2,162.37,Standard,Debit Card
AMZ100322,2022-01-14 10:00:00,CUST5780,Customer_322,India,West,Electronics,Product_57,3,137.38,412.14,0.2,121.78,Express,UPI
AMZ100323,2022-01-14 11:00:00,CUST3368,Customer_323,Canada,Central,Beauty,Product_113,3,137.38,412.14,0.2,121.78,Express,Cash on Delivery
AMZ100324,2022-01-14 12:00:00,CUST7655,Customer_324,USA,East,Sports,Product_223,3,137.38,412.14,0.2,121.78,Express,Debit Card
AMZ100325,2022-01-14 13:00:00,CUST9173,Customer_325,Canada,North,Beauty,Product_70,4,137.38,549.52,0.2,162.37,Same Day,Credit Card
AMZ100326,2022-01-14 14:00:00,CUST5495,Customer_326,Canada,Central,Clothing,Product_227,3,137.38,412.14,0.2,121.78,Standard,Credit Card
AMZ100327,2022-01-14 15:00:00,CUST7002,Customer_327,USA,Central,Sports,Product_256,1,137.38,137.38,0.2,40.59,Standard,Credit Card
AMZ100328,2022-01-14 16:00:00,CUST7614,Customer_328,Australia,South,Home & Kitchen,Product_180,2,137.38,274.76,0.2,81.18,Standard,Net Banking
AMZ100329,2022-01-14 17:00:00,CUST6919,Customer_329,Australia,South,Beauty,Product_184,2,137.38,274.76,0.2,81.18,Express,UPI
AMZ100330,2022-01-14 18:00:00,CUST1853,Customer_330,Australia,North,Sports,Product_191,3,137.38,412.14,0.2,121.78,Same Day,UPI
AMZ100331,2022-01-14 19:00:00,CUST5146,Customer_331,UK,Central,Home & Kitchen,Product_452,1,137.38,137.38,0.2,40.59,Standard,Debit Card
AMZ100332,2022-01-14 20:00:00,CUST4769,Customer_332,Australia,South,Sports,Product_232,3,137.38,412.14,0.2,121.78,Same Day,Net Banking
AMZ100333,2022-01-14 21:00:00,CUST1574,Customer_333,USA,East,Home & Kitchen,Product_276,1,137.38,137.38,0.2,40.59,Standard,UPI
AMZ100334,2022-01-14 22:00:00,CUST2148,Customer_334,UK,East,Sports,Product_233,4,137.38,549.52,0.2,162.37,Express,Debit Card
AMZ100335,2022-01-14 23:00:00,CUST7293,Customer_335,Australia,Central,Beauty,Product_54,4,137.38,549.52,0.2,162.37,Standard,Cash on Delivery
AMZ100336,2022-01-15 00:00:00,CUST7457,Customer_336,UK,South,Beauty,Product_257,3,137.38,412.14,0.2,121.78,Standard,UPI
AMZ100337,2022-01-15 01:00:00,CUST8509,Customer_337,USA,North,Clothing,Product_493,4,137.38,549.52,0.2,162.37,Express,UPI
AMZ100338,2022-01-15 02:00:00,CUST5777,Customer_338,Australia,North,Books,Product_90,3,137.38,412.14,0.2,121.78,Express,Cash on Delivery
AMZ100339,2022-01-15 03:00:00,CUST4854,Customer_339,India,North,Electronics,Product_226,2,137.38,274.76,0.2,81.18,Standard,Cash on Delivery
AMZ100340,2022-01-15 04:00:00,CUST3491,Customer_340,USA,East,Beauty,Product_247,1,137.38,137.38,0.2,40.59,Same Day,UPI
AMZ100341,2022-01-15 05:00:00,CUST4124,Customer_341,Canada,South,Beauty,Product_394,1,137.38,137.38,0.2,40.59,Express,Cash on Delivery
AMZ100342,2022-01-15 06:00:00,CUST6691,Customer_342,Canada,South,Home & Kitchen,Product_151,2,137.38,274.76,0.2,81.18,Standard,Debit Card
AMZ100343,2022-01-15 07:00:00,CUST4051,Customer_343,USA,East,Books,Product_435,2,137.38,274.76,0.2,81.18,Express,UPI
AMZ100344,2022-01-15 08:00:00,CUST1004,Customer_344,Canada,North,Beauty,Product_113,2,137.38,274.76,0.2,81.18,Same Day,UPI
AMZ100345,2022-01-15 09:00:00,CUST6222,Customer_345,USA,North,Sports,Product_408,2,137.38,274.76,0.2,81.18,Standard,Credit Card
AMZ100346,2022-01-15 10:00:00,CUST6315,Customer_346,India,Central,Books,Product_269,4,137.38,549.52,0.2,162.37,Standard,UPI
AMZ100347,2022-01-15 11:00:00,CUST5869,Customer_347,USA,West,Electronics,Product_157,1,137.38,137.38,0.2,40.59,Same Day,Credit Card
AMZ100348,2022-01-15 12:00:00,CUST1876,Customer_348,Australia,South,Sports,Product_442,1,137.38,137.38,0.2,40.59,Same Day,Cash on Delivery
AMZ100349,2022-01-15 13:00:00,CUST8027,Customer_349,Australia,South,Home & Kitchen,Product_366,2,137.38,274.76,0.2,81.18,Standard,Cash on Delivery
AMZ100350,2022-01-15 14:00:00,CUST5142,Customer_350,UK,South,Clothing,Product_347,3,137.38,412.14,0.2,121.78,Same Day,Debit Card
AMZ100351,2022-01-15 15:00:00,CUST7966,Customer_351,Canada,West,Sports,Product_351,3,137.38,412.14,0.2,121.78,Same Day,Credit Card
AMZ100352,2022-01-15 16:00:00,CUST8079,Customer_352,Canada,Central,Electronics,Product_299,3,137.38,412.14,0.2,121.78,Standard,UPI
AMZ100353,2022-01-15 17:00:00,CUST8987,Customer_353,USA,West,Sports,Product_394,3,137.38,412.14,0.2,121.78,Express,Credit Card
AMZ100354,2022-01-15 18:00:00,CUST7799,Customer_354,Canada,North,Books,Product_159,4,137.38,549.52,0.2,162.37,Same Day,Cash on Delivery
AMZ100355,2022-01-15 19:00:00,CUST5465,Customer_355,Australia,North,Books,Product_487,1,137.38,137.38,0.2,40.59,Express,Cash on Delivery
AMZ100356,2022-01-15 20:00:00,CUST1635,Customer_356,India,South,Electronics,Product_330,1,137.38,137.38,0.2,40.59,Express,Debit Card
AMZ100357,2022-01-15 21:00:00,CUST2693,Customer_357,USA,East,Books,Product_472,1,137.38,137.38,0.2,40.59,Express,Cash on Delivery
AMZ100358,2022-01-15 22:00:00,CUST5752,Customer_358,Canada,South,Sports,Product_225,3,137.38,412.14,0.2,121.78,Same Day,Credit Card
AMZ100359,2022-01-15 23:00:00,CUST9311,Customer_359,Australia,East,Clothing,Product_14,2,137.38,274.76,0.2,81.18,Standard,UPI
AMZ100360,2022-01-16 00:00:00,CUST1830,Customer_360,UK,West,Sports,Product_355,3,137.38,412.14,0.2,121.78,Standard,UPI
AMZ100361,2022-01-16 01:00:00,CUST6177,Customer_361,Canada,North,Clothing,Product_109,1,137.38,137.38,0.2,40.59,Standard,Credit Card
AMZ100362,2022-01-16 02:00:00,CUST9932,Customer_362,India,East,Books,Product_418,3,137.38,412.14,0.2,121.78,Standard,Debit Card
AMZ100363,2022-01-16 03:00:00,CUST9308,Customer_363,India,West,Sports,Product_401,2,137.38,274.76,0.2,81.18,Standard,UPI
AMZ100364,2022-01-16 04:00:00,CUST6949,Customer_364,Canada,North,Books,Product_405,2,137.38,274.76,0.2,81.18,Standard,Credit Card
AMZ100365,2022-01-16 05:00:00,CUST3838,Customer_365,Canada,East,Clothing,Product_96,3,137.38,412.14,0.2,121.78,Express,Credit Card
AMZ100366,2022-01-16 06:00:00,CUST2150,Customer_366,Australia,South,Books,Product_195,1,137.38,137.38,0.2,40.59,Express,Cash on Delivery
AMZ100367,2022-01-16 07:00:00,CUST8560,Customer_367,Canada,South,Beauty,Product_58,4,137.38,549.52,0.2,162.37,Express,Cash on Delivery
AMZ100368,2022-01-16 08:00:00,CUST2931,Customer_368,UK,South,Home & Kitchen,Product_463,1,137.38,137.38,0.2,40.59,Same Day,Debit Card
AMZ100369,2022-01-16 09:00:00,CUST2664,Customer_369,Australia,West,Sports,Product_392,4,137.38,549.52,0.2,162.37,Same Day,Debit Card
AMZ100370,2022-01-16 10:00:00,CUST2081,Customer_370,USA,South,Beauty,Product_352,1,137.38,137.38,0.2,40.59,Same Day,Debit Card
AMZ100371,2022-01-16 11:00:00,CUST1512,Customer_371,UK,Central,Books,Product_294,3,137.38,412.14,0.2,121.78,Standard,Credit Card
AMZ100372,2022-01-16 12:00:00,CUST8805,Customer_372,Australia,North,Books,Product_154,4,137.38,549.52,0.2,162.37,Express,Credit Card
AMZ100373,2022-01-16 13:00:00,CUST6237,Customer_373,Australia,West,Home & Kitchen,Product_64,1,137.38,137.38,0.2,40.59,Same Day,Cash on Delivery
AMZ100374,2022-01-16 14:00:00,CUST1559,Customer_374,India,South,Books,Product_158,3,137.38,412.14,0.2,121.78,Express,UPI
AMZ100375,2022-01-16 15:00:00,CUST4672,Customer_375,Australia,North,Home & Kitchen,Product_265,1,137.38,137.38,0.2,40.59,Standard,Debit Card
AMZ100376,2022-01-16 16:00:00,CUST8404,Customer_376,UK,East,Sports,Product_121,2,137.38,274.76,0.2,81.18,Express,Net Banking
AMZ100377,2022-01-16 17:00:00,CUST4343,Customer_377,Canada,South,Clothing,Product_288,2,137.38,274.76,0.2,81.18,Standard,Debit Card
AMZ100378,2022-01-16 18:00:00,CUST5070,Customer_378,UK,North,Home & Kitchen,Product_11,1,137.38,137.38,0.2,40.59,Same Day,Cash on Delivery
AMZ100379,2022-01-16 19:00:00,CUST1580,Customer_379,USA,Central,Home & Kitchen,Product_214,3,137.38,412.14,0.2,121.78,Standard,Credit Card
AMZ100380,2022-01-16 20:00:00,CUST8004,Customer_380,Australia,East,Beauty,Product_162,1,137.38,137.38,0.2,40.59,Standard,Cash on Delivery
AMZ100381,2022-01-16 21:00:00,CUST9130,Customer_381,Australia,Central,Books,Product_105,3,137.38,412.14,0.2,121.78,Express,Cash on Delivery
AMZ100382,2022-01-16 22:00:00,CUST4147,Customer_382,Australia,North,Sports,Product_402,4,137.38,549.52,0.2,162.37,Standard,Cash on Delivery
AMZ100383,2022-01-16 23:00:00,CUST5249,Customer_383,Australia,Central,Clothing,Product_147,2,137.38,274.76,0.2,81.18,Same Day,Net Banking
AMZ100384,2022-01-17 00:00:00,CUST2679,Customer_384,India,North,Electronics,Product_182,4,137.38,549.52,0.2,162.37,Same Day,Net Banking
AMZ100385,2022-01-17 01:00:00,CUST4506,Customer_385,India,North,Home & Kitchen,Product_338,3,137.38,412.14,0.2,121.78,Standard,Debit Card
AMZ100386,2022-01-17 02:00:00,CUST8253,Customer_386,Canada,Central,Electronics,Product_37,1,137.38,137.38,0.2,40.59,Express,Credit Card
AMZ100387,2022-01-17 03:00:00,CUST3744,Customer_387,Australia,North,Books,Product_82,2,137.38,274.76,0.2,81.18,Same Day,Cash on Delivery
AMZ100388,2022-01-17 04:00:00,CUST6188,Customer_388,USA,South,Home & Kitchen,Product_12,3,137.38,412.14,0.2,121.78,Same Day,UPI
AMZ100389,2022-01-17 05:00:00,CUST3141,Customer_389,Canada,North,Electronics,Product_4,3,137.38,412.14,0.2,121.78,Standard,Debit Card
AMZ100390,2022-01-17 06:00:00,CUST7617,Customer_390,Australia,West,Beauty,Product_495,2,137.38,274.76,0.2,81.18,Standard,Debit Card
AMZ100391,2022-01-17 07:00:00,CUST3479,Customer_391,India,North,Electronics,Product_43,1,137.38,137.38,0.2,40.59,Same Day,Cash on Delivery
AMZ100392,2022-01-17 08:00:00,CUST7484,Customer_392,USA,West,Beauty,Product_411,2,137.38,274.76,0.2,81.18,Standard,Debit Card
AMZ100393,2022-01-17 09:00:00,CUST8421,Customer_393,Canada,North,Clothing,Product_51,1,137.38,137.38,0.2,40.59,Standard,Cash on Delivery
AMZ100394,2022-01-17 10:00:00,CUST5452,Customer_394,USA,North,Books,Product_261,1,137.38,137.38,0.2,40.59,Same Day,Debit Card
AMZ100395,2022-01-17 11:00:00,CUST6881,Customer_395,Australia,Central,Sports,Product_134,3,137.38,412.14,0.2,121.78,Express,Credit Card
AMZ100396,2022-01-17 12:00:00,CUST7665,Customer_396,UK,South,Electronics,Product_461,1,137.38,137.38,0.2,40.59,Express,Debit Card
AMZ100397,2022-01-17 13:00:00,CUST3849,Customer_397,USA,South,Home & Kitchen,Product_87,1,137.38,137.38,0.2,40.59,Same Day,Debit Card
AMZ100398,2022-01-17 14:00:00,CUST8390,Customer_398,USA,East,Books,Product_362,2,137.38,274.76,0.2,81.18,Standard,UPI
AMZ100399,2022-01-17 15:00:00,CUST7905,Customer_399,India,Central,Electronics,Product_56,2,137.38,274.76,0.2,81.18,Same Day,Credit Card
AMZ100400,2022-01-17 16:00:00,CUST3489,Customer_400,Australia,Central,Home & Kitchen,Product_217,1,137.38,137.38,0.2,40.59,Same Day,Credit Card
AMZ100401,2022-01-17 17:00:00,CUST5611,Customer_401,USA,South,Home & Kitchen,Product_366,3,137.38,412.14,0.2,121.78,Standard,Credit Card
AMZ100402,2022-01-17 18:00:00,CUST3839,Customer_402,Australia,Central,Sports,Product_68,2,137.38,274.76,0.2,81.18,Express,Debit Card
AMZ100403,2022-01-17 19:00:00,CUST9527,Customer_403,India,South,Sports,Product_352,4,137.38,549.52,0.2,162.37,Express,Net Banking
AMZ100404,2022-01-17 20:00:00,CUST6878,Customer_404,Australia,Central,Home & Kitchen,Product_44,3,137.38,412.14,0.2,121.78,Standard,Debit Card
AMZ100405,2022-01-17 21:00:00,CUST7303,Customer_405,India,North,Sports,Product_143,2,137.38,274.76,0.2,81.18,Same Day,Cash on Delivery
AMZ100406,2022-01-17 22:00:00,CUST1851,Customer_406,India,South,Home & Kitchen,Product_346,2,137.38,274.76,0.2,81.18,Standard,UPI
AMZ100407,2022-01-17 23:00:00,CUST2687,Customer_407,Canada,South,Electronics,Product_42,4,137.38,549.52,0.2,162.37,Same Day,Credit Card
AMZ100408,2022-01-18 00:00:00,CUST7833,Customer_408,Australia,West,Clothing,Product_139,1,137.38,137.38,0.2,40.59,Standard,Cash on Delivery
AMZ100409,2022-01-18 01:00:00,CUST3427,Customer_409,UK,Central,Sports,Product_73,2,137.38,274.76,0.2,81.18,Standard,Cash on Delivery
AMZ100410,2022-01-18 02:00:00,CUST5000,Customer_410,Canada,Central,Beauty,Product_267,4,137.38,549.52,0.2,162.37,Express,Net Banking
AMZ100411,2022-01-18 03:00:00,CUST6052,Customer_411,India,South,Beauty,Product_194,4,137.38,549.52,0.2,162.37,Express,Credit Card
AMZ100412,2022-01-18 04:00:00,CUST3738,Customer_412,UK,North,Beauty,Product_493,2,137.38,274.76,0.2,81.18,Standard,Debit Card
AMZ100413,2022-01-18 05:00:00,CUST6732,Customer_413,USA,North,Clothing,Product_155,3,137.38,412.14,0.2,121.78,Standard,Credit Card
AMZ100414,2022-01-18 06:00:00,CUST6387,Customer_414,USA,North,Home & Kitchen,Product_246,2,137.38,274.76,0.2,81.18,Express,UPI
AMZ100415,2022-01-18 07:00:00,CUST9002,Customer_415,Canada,Central,Home & Kitchen,Product_314,4,137.38,549.52,0.2,162.37,Same Day,Credit Card
AMZ100416,2022-01-18 08:00:00,CUST6536,Customer_416,UK,West,Books,Product_218,2,137.38,274.76,0.2,81.18,Express,Cash on Delivery
AMZ100417,2022-01-18 09:00:00,CUST4913,Customer_417,Australia,South,Beauty,Product_456,3,137.38,412.14,0.2,121.78,Same Day,Cash on Delivery
AMZ100418,2022-01-18 10:00:00,CUST2066,Customer_418,UK,East,Beauty,Product_384,1,137.38,137.38,0.2,40.59,Express,Debit Card
AMZ100419,2022-01-18 11:00:00,CUST8723,Customer_419,Canada,West,Home & Kitchen,Product_253,1,137.38,137.38,0.2,40.59,Express,Debit Card
AMZ100420,2022-01-18 12:00:00,CUST5380,Customer_420,Australia,East,Beauty,Product_277,2,137.38,274.76,0.2,81.18,Same Day,Debit Card
AMZ100421,2022-01-18 13:00:00,CUST5107,Customer_421,Australia,West,Home & Kitchen,Product_277,2,137.38,274.76,0.2,81.18,Standard,UPI
AMZ100422,2022-01-18 14:00:00,CUST6726,Customer_422,USA,North,Home & Kitchen,Product_72,4,137.38,549.52,0.2,162.37,Express,Credit Card
AMZ100423,2022-01-18 15:00:00,CUST4373,Customer_423,UK,Central,Sports,Product_129,3,137.38,412.14,0.2,121.78,Express,Net Banking
AMZ100424,2022-01-18 16:00:00,CUST9945,Customer_424,Australia,East,Home & Kitchen,Product_358,4,137.38,549.52,0.2,162.37,Express,Credit Card
AMZ100425,2022-01-18 17:00:00,CUST3082,Customer_425,Canada,West,Electronics,Product_186,4,137.38,549.52,0.2,162.37,Standard,Debit Card
AMZ100426,2022-01-18 18:00:00,CUST9967,Customer_426,USA,Central,Electronics,Product_13,1,137.38,137.38,0.2,40.59,Express,UPI
AMZ100427,2022-01-18 19:00:00,CUST7748,Customer_427,Australia,East,Electronics,Product_329,4,137.38,549.52,0.2,162.37,Standard,Credit Card
AMZ100428,2022-01-18 20:00:00,CUST1417,Customer_428,UK,South,Electronics,Product_220,4,137.38,549.52,0.2,162.37,Express,Cash on Delivery
AMZ100429,2022-01-18 21:00:00,CUST9306,Customer_429,USA,West,Clothing,Product_6,1,137.38,137.38,0.2,40.59,Same Day,Credit Card
AMZ100430,2022-01-18 22:00:00,CUST9808,Customer_430,UK,South,Books,Product_239,1,137.38,137.38,0.2,40.59,Express,Cash on Delivery
AMZ100431,2022-01-18 23:00:00,CUST4974,Customer_431,UK,North,Books,Product_471,3,137.38,412.14,0.2,121.78,Express,Credit Card
AMZ100432,2022-01-19 00:00:00,CUST4267,Customer_432,UK,South,Home & Kitchen,Product_112,3,137.38,412.14,0.2,121.78,Standard,Credit Card
AMZ100433,2022-01-19 01:00:00,CUST1825,Customer_433,USA,South,Beauty,Product_228,3,137.38,412.14,0.2,121.78,Standard,Credit Card
AMZ100434,2022-01-19 02:00:00,CUST8668,Customer_434,Australia,West,Electronics,Product_442,2,137.38,274.76,0.2,81.18,Standard,Debit Card
AMZ100435,2022-01-19 03:00:00,CUST6745,Customer_435,India,North,Books,Product_17,1,137.38,137.38,0.2,40.59,Same Day,Cash on Delivery
AMZ100436,2022-01-19 04:00:00,CUST1412,Customer_436,Australia,South,Books,Product_73,2,137.38,274.76,0.2,81.18,Same Day,UPI
AMZ100437,2022-01-19 05:00:00,CUST8543,Customer_437,USA,Central,Electronics,Product_12,2,137.38,274.76,0.2,81.18,Standard,Net Banking
AMZ100438,2022-01-19 06:00:00,CUST8587,Customer_438,India,East,Clothing,Product_86,3,137.38,412.14,0.2,121.78,Same Day,Cash on Delivery
AMZ100439,2022-01-19 07:00:00,CUST1728,Customer_439,India,South,Clothing,Product_499,1,137.38,137.38,0.2,40.59,Standard,Debit Card
AMZ100440,2022-01-19 08:00:00,CUST8164,Customer_440,India,North,Books,Product_180,2,137.38,274.76,0.2,81.18,Same Day,Cash on Delivery
AMZ100441,2022-01-19 09:00:00,CUST9867,Customer_441,Canada,South,Clothing,Product_122,4,137.38,549.52,0.2,162.37,Standard,UPI
AMZ100442,2022-01-19 10:00:00,CUST6988,Customer_442,USA,East,Sports,Product_204,4,137.38,549.52,0.2,162.37,Standard,Cash on Delivery
AMZ100443,2022-01-19 11:00:00,CUST3504,Customer_443,Canada,North,Electronics,Product_70,1,137.38,137.38,0.2,40.59,Same Day,Debit Card
AMZ100444,2022-01-19 12:00:00,CUST3967,Customer_444,India,West,Books,Product_108,2,137.38,274.76,0.2,81.18,Express,Debit Card
AMZ100445,2022-01-19 13:00:00,CUST3786,Customer_445,Canada,North,Electronics,Product_201,3,137.38,412.14,0.2,121.78,Standard,Net Banking
AMZ100446,2022-01-19 14:00:00,CUST2122,Customer_446,Canada,West,Clothing,Product_52,2,137.38,274.76,0.2,81.18,Standard,UPI
AMZ100447,2022-01-19 15:00:00,CUST5079,Customer_447,USA,North,Electronics,Product_37,4,137.38,549.52,0.2,162.37,Express,Net Banking
AMZ100448,2022-01-19 16:00:00,CUST2571,Customer_448,UK,East,Clothing,Product_117,4,137.38,549.52,0.2,162.37,Standard,Credit Card
AMZ100449,2022-01-19 17:00:00,CUST6073,Customer_449,Canada,East,Clothing,Product_259,3,137.38,412.14,0.2,121.78,Standard,Debit Card
AMZ100450,2022-01-19 18:00:00,CUST6104,Customer_450,Canada,North,Electronics,Product_482,1,137.38,137.38,0.2,40.59,Same Day,Net Banking
AMZ100451,2022-01-19 19:00:00,CUST3143,Customer_451,India,South,Clothing,Product_264,2,137.38,274.76,0.2,81.18,Express,Debit Card
AMZ100452,2022-01-19 20:00:00,CUST7806,Customer_452,India,East,Sports,Product_394,4,137.38,549.52,0.2,162.37,Standard,Debit Card
AMZ100453,2022-01-19 21:00:00,CUST8357,Customer_453,India,West,Home & Kitchen,Product_303,2,137.38,274.76,0.2,81.18,Standard,Credit Card
AMZ100454,2022-01-19 22:00:00,CUST4440,Customer_454,Australia,West,Electronics,Product_425,3,137.38,412.14,0.2,121.78,Express,Debit Card
AMZ100455,2022-01-19 23:00:00,CUST4766,Customer_455,Canada,Central,Home & Kitchen,Product_64,3,137.38,412.14,0.2,121.78,Express,Net Banking
AMZ100456,2022-01-20 00:00:00,CUST6644,Customer_456,India,West,Electronics,Product_42,1,137.38,137.38,0.2,40.59,Same Day,UPI
AMZ100457,2022-01-20 01:00:00,CUST3914,Customer_457,USA,Central,Clothing,Product_43,3,137.38,412.14,0.2,121.78,Same Day,Cash on Delivery
AMZ100458,2022-01-20 02:00:00,CUST5968,Customer_458,Australia,North,Clothing,Product_125,1,137.38,137.38,0.2,40.59,Same Day,Net Banking
AMZ100459,2022-01-20 03:00:00,CUST6917,Customer_459,UK,North,Books,Product_393,2,137.38,274.76,0.2,81.18,Standard,Credit Card
AMZ100460,2022-01-20 04:00:00,CUST9787,Customer_460,Canada,North,Sports,Product_270,4,137.38,549.52,0.2,162.37,Express,Cash on Delivery
AMZ100461,2022-01-20 05:00:00,CUST1728,Customer_461,Canada,South,Books,Product_485,4,137.38,549.52,0.2,162.37,Same Day,Debit Card
AMZ100462,2022-01-20 06:00:00,CUST2365,Customer_462,USA,South,Home & Kitchen,Product_347,1,137.38,137.38,0.2,40.59,Express,Net Banking
AMZ100463,2022-01-20 07:00:00,CUST5492,Customer_463,UK,Central,Clothing,Product_233,4,137.38,549.52,0.2,162.37,Standard,Cash on Delivery
AMZ100464,2022-01-20 08:00:00,CUST1698,Customer_464,UK,West,Books,Product_480,1,137.38,137.38,0.2,40.59,Standard,Net Banking
AMZ100465,2022-01-20 09:00:00,CUST8186,Customer_465,Australia,West,Clothing,Product_132,1,137.38,137.38,0.2,40.59,Express,Debit Card
AMZ100466,2022-01-20 10:00:00,CUST1395,Customer_466,Canada,North,Electronics,Product_2,2,137.38,274.76,0.2,81.18,Express,Net Banking
AMZ100467,2022-01-20 11:00:00,CUST8400,Customer_467,India,East,Books,Product_115,2,137.38,274.76,0.2,81.18,Same Day,Credit Card
AMZ100468,2022-01-20 12:00:00,CUST9082,Customer_468,USA,South,Home & Kitchen,Product_481,3,137.38,412.14,0.2,121.78,Express,Cash on Delivery
AMZ100469,2022-01-20 13:00:00,CUST5171,Customer_469,USA,South,Books,Product_469,1,137.38,137.38,0.2,40.59,Same Day,Cash on Delivery
AMZ100470,2022-01-20 14:00:00,CUST5360,Customer_470,USA,North,Clothing,Product_1,2,137.38,274.76,0.2,81.18,Express,Cash on Delivery
AMZ100471,2022-01-20 15:00:00,CUST3502,Customer_471,USA,South,Beauty,Product_492,1,137.38,137.38,0.2,40.59,Express,Net Banking
AMZ100472,2022-01-20 16:00:00,CUST1717,Customer_472,India,North,Beauty,Product_331,1,137.38,137.38,0.2,40.59,Express,Debit Card
AMZ100473,2022-01-20 17:00:00,CUST3782,Customer_473,India,Central,Sports,Product_65,1,137.38,137.38,0.2,40.59,Standard,Net Banking
AMZ100474,2022-01-20 18:00:00,CUST5946,Customer_474,Australia,West,Clothing,Product_430,2,137.38,274.76,0.2,81.18,Standard,Net Banking
AMZ100475,2022-01-20 19:00:00,CUST6486,Customer_475,Canada,East,Electronics,Product_443,1,137.38,137.38,0.2,40.59,Standard,Cash on Delivery
AMZ100476,2022-01-20 20:00:00,CUST9335,Customer_476,India,West,Books,Product_459,1,137.38,137.38,0.2,40.59,Same Day,Debit Card
AMZ100477,2022-01-20 21:00:00,CUST5980,Customer_477,Australia,West,Beauty,Product_125,3,137.38,412.14,0.2,121.78,Same Day,UPI
AMZ100478,2022-01-20 22:00:00,CUST8266,Customer_478,UK,Central,Electronics,Product_256,1,137.38,137.38,0.2,40.59,Standard,Debit Card
AMZ100479,2022-01-20 23:00:00,CUST5491,Customer_479,Canada,South,Clothing,Product_391,3,137.38,412.14,0.2,121.78,Standard,Net Banking
AMZ100480,2022-01-21 00:00:00,CUST8192,Customer_480,India,East,Electronics,Product_322,1,137.38,137.38,0.2,40.59,Express,Credit Card
AMZ100481,2022-01-21 01:00:00,CUST6588,Customer_481,UK,South,Clothing,Product_143,3,137.38,412.14,0.2,121.78,Express,Debit Card
AMZ100482,2022-01-21 02:00:00,CUST8651,Customer_482,Australia,West,Sports,Product_328,2,137.38,274.76,0.2,81.18,Same Day,Cash on Delivery
AMZ100483,2022-01-21 03:00:00,CUST4636,Customer_483,India,North,Books,Product_246,2,137.38,274.76,0.2,81.18,Same Day,Credit Card
AMZ100484,2022-01-21 04:00:00,CUST2167,Customer_484,India,West,Electronics,Product_116,4,137.38,549.52,0.2,162.37,Express,UPI
AMZ100485,2022-01-21 05:00:00,CUST2062,Customer_485,UK,South,Books,Product_377,1,137.38,137.38,0.2,40.59,Same Day,UPI
AMZ100486,2022-01-21 06:00:00,CUST3156,Customer_486,India,West,Electronics,Product_303,4,137.38,549.52,0.2,162.37,Standard,Credit Card
AMZ100487,2022-01-21 07:00:00,CUST8860,Customer_487,USA,North,Clothing,Product_90,4,137.38,549.52,0.2,162.37,Express,UPI
AMZ100488,2022-01-21 08:00:00,CUST6161,Customer_488,India,Central,Clothing,Product_296,3,137.38,412.14,0.2,121.78,Express,Credit Card
AMZ100489,2022-01-21 09:00:00,CUST6305,Customer_489,Canada,South,Electronics,Product_42,2,137.38,274.76,0.2,81.18,Same Day,Net Banking
AMZ100490,2022-01-21 10:00:00,CUST7541,Customer_490,UK,West,Sports,Product_435,1,137.38,137.38,0.2,40.59,Express,Credit Card
AMZ100491,2022-01-21 11:00:00,CUST5729,Customer_491,Canada,South,Clothing,Product_35,1,137.38,137.38,0.2,40.59,Express,Net Banking
AMZ100492,2022-01-21 12:00:00,CUST8330,Customer_492,Australia,Central,Home & Kitchen,Product_494,3,137.38,412.14,0.2,121.78,Standard,Cash on Delivery
AMZ100493,2022-01-21 13:00:00,CUST6334,Customer_493,Canada,West,Home & Kitchen,Product_489,4,137.38,549.52,0.2,162.37,Express,Cash on Delivery
AMZ100494,2022-01-21 14:00:00,CUST9924,Customer_494,USA,West,Books,Product_41,3,137.38,412.14,0.2,121.78,Express,UPI
AMZ100495,2022-01-21 15:00:00,CUST5330,Customer_495,USA,South,Home & Kitchen,Product_341,4,137.38,549.52,0.2,162.37,Express,Credit Card
AMZ100496,2022-01-21 16:00:00,CUST9010,Customer_496,Canada,South,Home & Kitchen,Product_124,1,137.38,137.38,0.2,40.59,Express,Net Banking
AMZ100497,2022-01-21 17:00:00,CUST7801,Customer_497,Australia,North,Sports,Product_57,3,137.38,412.14,0.2,121.78,Standard,Cash on Delivery
AMZ100498,2022-01-21 18:00:00,CUST5846,Customer_498,India,Central,Sports,Product_294,4,137.38,549.52,0.2,162.37,Express,Cash on Delivery
AMZ100499,2022-01-21 19:00:00,CUST7731,Customer_499,USA,North,Beauty,Product_456,3,137.38,412.14,0.2,121.78,Standard,Cash on Delivery
AMZ100500,2022-01-21 20:00:00,CUST8241,Customer_500,Canada,West,Beauty,Product_235,2,137.38,274.76,0.2,81.18,Standard,UPI
AMZ100501,2022-01-21 21:00:00,CUST1953,Customer_501,Canada,South,Sports,Product_96,3,137.38,412.14,0.2,121.78,Standard,Cash on Delivery
AMZ100502,2022-01-21 22:00:00,CUST3539,Customer_502,Canada,West,Beauty,Product_392,1,137.38,137.38,0.2,40.59,Same Day,Debit Card
AMZ100503,2022-01-21 23:00:00,CUST8056,Customer_503,India,West,Sports,Product_492,3,137.38,412.14,0.2,121.78,Same Day,UPI
AMZ100504,2022-01-22 00:00:00,CUST2542,Customer_504,UK,East,Beauty,Product_458,1,137.38,137.38,0.2,40.59,Express,Credit Card
AMZ100505,2022-01-22 01:00:00,CUST6293,Customer_505,Australia,East,Clothing,Product_319,1,137.38,137.38,0.2,40.59,Standard,Debit Card
AMZ100506,2022-01-22 02:00:00,CUST2191,Customer_506,UK,West,Sports,Product_343,3,137.38,412.14,0.2,121.78,Same Day,UPI
AMZ100507,2022-01-22 03:00:00,CUST7313,Customer_507,Australia,South,Books,Product_132,3,137.38,412.14,0.2,121.78,Express,UPI
AMZ100508,2022-01-22 04:00:00,CUST7938,Customer_508,Australia,West,Books,Product_176,3,137.38,412.14,0.2,121.78,Same Day,Net Banking
AMZ100509,2022-01-22 05:00:00,CUST3681,Customer_509,Canada,East,Sports,Product_52,2,137.38,274.76,0.2,81.18,Standard,Debit Card
AMZ100510,2022-01-22 06:00:00,CUST2540,Customer_510,USA,South,Home & Kitchen,Product_38,2,137.38,274.76,0.2,81.18,Express,Debit Card
AMZ100511,2022-01-22 07:00:00,CUST7172,Customer_511,Canada,West,Books,Product_478,4,137.38,549.52,0.2,162.37,Standard,Debit Card
AMZ100512,2022-01-22 08:00:00,CUST6541,Customer_512,India,Central,Home & Kitchen,Product_489,3,137.38,412.14,0.2,121.78,Standard,Cash on Delivery
AMZ100513,2022-01-22 09:00:00,CUST2365,Customer_513,Australia,Central,Books,Product_343,4,137.38,549.52,0.2,162.37,Same Day,Cash on Delivery
AMZ100514,2022-01-22 10:00:00,CUST9691,Customer_514,USA,West,Electronics,Product_5,4,137.38,549.52,0.2,162.37,Express,Credit Card
AMZ100515,2022-01-22 11:00:00,CUST9702,Customer_515,Australia,South,Electronics,Product_213,1,137.38,137.38,0.2,40.59,Express,Credit Card
AMZ100516,2022-01-22 12:00:00,CUST8494,Customer_516,Australia,West,Sports,Product_120,4,137.38,549.52,0.2,162.37,Express,Credit Card
AMZ100517,2022-01-22 13:00:00,CUST5312,Customer_517,Canada,West,Books,Product_326,3,137.38,412.14,0.2,121.78,Same Day,Cash on Delivery
AMZ100518,2022-01-22 14:00:00,CUST2324,Customer_518,USA,East,Clothing,Product_369,2,137.38,274.76,0.2,81.18,Express,Net Banking
AMZ100519,2022-01-22 15:00:00,CUST4141,Customer_519,USA,Central,Home & Kitchen,Product_209,4,137.38,549.52,0.2,162.37,Same Day,Credit Card
AMZ100520,2022-01-22 16:00:00,CUST8419,Customer_520,Australia,East,Books,Product_217,4,137.38,549.52,0.2,162.37,Express,UPI
AMZ100521,2022-01-22 17:00:00,CUST4486,Customer_521,USA,East,Sports,Product_24,2,137.38,274.76,0.2,81.18,Same Day,Cash on Delivery
AMZ100522,2022-01-22 18:00:00,CUST2810,Customer_522,USA,West,Home & Kitchen,Product_342,4,137.38,549.52,0.2,162.37,Express,Net Banking
AMZ100523,2022-01-22 19:00:00,CUST7588,Customer_523,Canada,East,Beauty,Product_205,3,137.38,412.14,0.2,121.78,Same Day,UPI
AMZ100524,2022-01-22 20:00:00,CUST3923,Customer_524,UK,Central,Sports,Product_401,4,137.38,549.52,0.2,162.37,Standard,UPI
AMZ100525,2022-01-22 21:00:00,CUST6301,Customer_525,India,East,Books,Product_462,1,137.38,137.38,0.2,40.59,Standard,Cash on Delivery
AMZ100526,2022-01-22 22:00:00,CUST5186,Customer_526,UK,Central,Clothing,Product_226,4,137.38,549.52,0.2,162.37,Standard,Debit Card
AMZ100527,2022-01-22 23:00:00,CUST9905,Customer_527,USA,East,Beauty,Product_218,1,137.38,137.38,0.2,40.59,Express,Net Banking
AMZ100528,2022-01-23 00:00:00,CUST6977,Customer_528,Australia,Central,Sports,Product_211,2,137.38,274.76,0.2,81.18,Same Day,Cash on Delivery
AMZ100529,2022-01-23 01:00:00,CUST5268,Customer_529,India,East,Books,Product_26,2,137.38,274.76,0.2,81.18,Standard,Debit Card
AMZ100530,2022-01-23 02:00:00,CUST5748,Customer_530,India,East,Electronics,Product_252,4,137.38,549.52,0.2,162.37,Express,Cash on Delivery
AMZ100531,2022-01-23 03:00:00,CUST5849,Customer_531,Australia,South,Books,Product_3,4,137.38,549.52,0.2,162.37,Same Day,Cash on Delivery
AMZ100532,2022-01-23 04:00:00,CUST4709,Customer_532,India,Central,Electronics,Product_2,2,137.38,274.76,0.2,81.18,Standard,UPI
AMZ100533,2022-01-23 05:00:00,CUST7619,Customer_533,Australia,Central,Electronics,Product_92,1,137.38,137.38,0.2,40.59,Standard,Cash on Delivery
AMZ100534,2022-01-23 06:00:00,CUST9647,Customer_534,India,Central,Sports,Product_2,2,137.38,274.76,0.2,81.18,Express,Debit Card
AMZ100535,2022-01-23 07:00:00,CUST4072,Customer_535,UK,North,Books,Product_150,2,137.38,274.76,0.2,81.18,Same Day,UPI
AMZ100536,2022-01-23 08:00:00,CUST7530,Customer_536,India,East,Books,Product_71,1,137.38,137.38,0.2,40.59,Express,Debit Card
AMZ100537,2022-01-23 09:00:00,CUST1504,Customer_537,Canada,Central,Electronics,Product_4,2,137.38,274.76,0.2,81.18,Standard,Debit Card
AMZ100538,2022-01-23 10:00:00,CUST2214,Customer_538,Australia,North,Home & Kitchen,Product_497,4,137.38,549.52,0.2,162.37,Express,UPI
AMZ100539,2022-01-23 11:00:00,CUST2531,Customer_539,India,South,Beauty,Product_38,4,137.38,549.52,0.2,162.37,Express,Debit Card
AMZ100540,2022-01-23 12:00:00,CUST8576,Customer_540,Australia,Central,Clothing,Product_359,2,137.38,274.76,0.2,81.18,Standard,Credit Card
AMZ100541,2022-01-23 13:00:00,CUST1823,Customer_541,Canada,Central,Books,Product_468,4,137.38,549.52,0.2,162.37,Standard,Cash on Delivery
AMZ100542,2022-01-23 14:00:00,CUST1928,Customer_542,India,North,Beauty,Product_70,3,137.38,412.14,0.2,121.78,Same Day,UPI
AMZ100543,2022-01-23 15:00:00,CUST6029,Customer_543,India,East,Beauty,Product_201,2,137.38,274.76,0.2,81.18,Same Day,UPI
AMZ100544,2022-01-23 16:00:00,CUST1133,Customer_544,Canada,South,Home & Kitchen,Product_308,3,137.38,412.14,0.2,121.78,Standard,Credit Card
AMZ100545,2022-01-23 17:00:00,CUST3105,Customer_545,Canada,Central,Beauty,Product_252,2,137.38,274.76,0.2,81.18,Standard,Credit Card
AMZ100546,2022-01-23 18:00:00,CUST4627,Customer_546,Canada,East,Books,Product_287,2,137.38,274.76,0.2,81.18,Same Day,Credit Card
AMZ100547,2022-01-23 19:00:00,CUST7316,Customer_547,Australia,South,Sports,Product_410,3,137.38,412.14,0.2,121.78,Express,Credit Card
AMZ100548,2022-01-23 20:00:00,CUST2852,Customer_548,Canada,West,Sports,Product_292,2,137.38,274.76,0.2,81.18,Standard,Net Banking
AMZ100549,2022-01-23 21:00:00,CUST5910,Customer_549,Australia,West,Beauty,Product_154,4,137.38,549.52,0.2,162.37,Standard,UPI
AMZ100550,2022-01-23 22:00:00,CUST5175,Customer_550,UK,South,Books,Product_412,3,137.38,412.14,0.2,121.78,Express,Debit Card
AMZ100551,2022-01-23 23:00:00,CUST6348,Customer_551,India,North,Books,Product_133,2,137.38,274.76,0.2,81.18,Same Day,UPI
AMZ100552,2022-01-24 00:00:00,CUST7190,Customer_552,India,South,Electronics,Product_371,4,137.38,549.52,0.2,162.37,Same Day,UPI
AMZ100553,2022-01-24 01:00:00,CUST2256,Customer_553,USA,South,Home & Kitchen,Product_74,3,137.38,412.14,0.2,121.78,Express,UPI
AMZ100554,2022-01-24 02:00:00,CUST4376,Customer_554,UK,North,Clothing,Product_274,3,137.38,412.14,0.2,121.78,Standard,Credit Card
AMZ100555,2022-01-24 03:00:00,CUST6645,Customer_555,Canada,North,Electronics,Product_271,4,137.38,549.52,0.2,162.37,Express,Credit Card
AMZ100556,2022-01-24 04:00:00,CUST4486,Customer_556,Canada,East,Clothing,Product_185,2,137.38,274.76,0.2,81.18,Standard,Net Banking
AMZ100557,2022-01-24 05:00:00,CUST4584,Customer_557,UK,East,Books,Product_353,2,137.38,274.76,0.2,81.18,Same Day,UPI
AMZ100558,2022-01-24 06:00:00,CUST9053,Customer_558,Canada,North,Sports,Product_5,3,137.38,412.14,0.2,121.78,Standard,Cash on Delivery
AMZ100559,2022-01-24 07:00:00,CUST4330,Customer_559,USA,West,Electronics,Product_293,1,137.38,137.38,0.2,40.59,Standard,Net Banking
AMZ100560,2022-01-24 08:00:00,CUST3703,Customer_560,Australia,West,Beauty,Product_360,2,137.38,274.76,0.2,81.18,Standard,Credit Card
AMZ100561,2022-01-24 09:00:00,CUST9662,Customer_561,India,South,Beauty,Product_86,2,137.38,274.76,0.2,81.18,Standard,UPI
AMZ100562,2022-01-24 10:00:00,CUST9120,Customer_562,UK,Central,Clothing,Product_214,4,137.38,549.52,0.2,162.37,Standard,Credit Card
AMZ100563,2022-01-24 11:00:00,CUST8114,Customer_563,India,South,Books,Product_406,1,137.38,137.38,0.2,40.59,Same Day,Debit Card
AMZ100564,2022-01-24 12:00:00,CUST2353,Customer_564,Australia,South,Sports,Product_436,1,137.38,137.38,0.2,40.59,Express,Credit Card
AMZ100565,2022-01-24 13:00:00,CUST6063,Customer_565,UK,Central,Clothing,Product_15,3,137.38,412.14,0.2,121.78,Same Day,Credit Card
AMZ100566,2022-01-24 14:00:00,CUST9549,Customer_566,Australia,North,Sports,Product_273,4,137.38,549.52,0.2,162.37,Standard,Net Banking
AMZ100567,2022-01-24 15:00:00,CUST8575,Customer_567,Canada,West,Home & Kitchen,Product_51,4,137.38,549.52,0.2,162.37,Express,Debit Card
AMZ100568,2022-01-24 16:00:00,CUST1667,Customer_568,Canada,South,Sports,Product_253,2,137.38,274.76,0.2,81.18,Standard,Cash on Delivery
AMZ100569,2022-01-24 17:00:00,CUST5468,Customer_569,Canada,Central,Beauty,Product_45,3,137.38,412.14,0.2,121.78,Same Day,Cash on Delivery
AMZ100570,2022-01-24 18:00:00,CUST7819,Customer_570,Australia,East,Electronics,Product_191,2,137.38,274.76,0.2,81.18,Same Day,Cash on Delivery
AMZ100571,2022-01-24 19:00:00,CUST4719,Customer_571,Australia,South,Electronics,Product_122,1,137.38,137.38,0.2,40.59,Standard,UPI
AMZ100572,2022-01-24 20:00:00,CUST3745,Customer_572,Australia,West,Electronics,Product_412,4,137.38,549.52,0.2,162.37,Standard,Cash on Delivery
AMZ100573,2022-01-24 21:00:00,CUST8483,Customer_573,India,North,Sports,Product_187,3,137.38,412.14,0.2,121.78,Express,UPI
AMZ100574,2022-01-24 22:00:00,CUST1539,Customer_574,Australia,South,Beauty,Product_214,2,137.38,274.76,0.2,81.18,Express,Credit Card
AMZ100575,2022-01-24 23:00:00,CUST5964,Customer_575,Canada,South,Sports,Product_149,2,137.38,274.76,0.2,81.18,Standard,Cash on Delivery
AMZ100576,2022-01-25 00:00:00,CUST5835,Customer_576,USA,Central,Books,Product_170,1,137.38,137.38,0.2,40.59,Express,Net Banking
AMZ100577,2022-01-25 01:00:00,CUST4775,Customer_577,Australia,East,Beauty,Product_209,4,137.38,549.52,0.2,162.37,Standard,Debit Card
AMZ100578,2022-01-25 02:00:00,CUST7042,Customer_578,USA,East,Beauty,Product_453,1,137.38,137.38,0.2,40.59,Standard,Debit Card
AMZ100579,2022-01-25 03:00:00,CUST8102,Customer_579,Canada,North,Sports,Product_82,2,137.38,274.76,0.2,81.18,Standard,Credit Card
AMZ100580,2022-01-25 04:00:00,CUST8312,Customer_580,Australia,West,Sports,Product_401,4,137.38,549.52,0.2,162.37,Same Day,Debit Card
AMZ100581,2022-01-25 05:00:00,CUST6320,Customer_581,India,North,Electronics,Product_196,4,137.38,549.52,0.2,162.37,Standard,Debit Card
AMZ100582,2022-01-25 06:00:00,CUST7132,Customer_582,India,South,Beauty,Product_246,1,137.38,137.38,0.2,40.59,Standard,Credit Card
AMZ100583,2022-01-25 07:00:00,CUST8891,Customer_583,USA,South,Electronics,Product_391,4,137.38,549.52,0.2,162.37,Standard,Credit Card
AMZ100584,2022-01-25 08:00:00,CUST3779,Customer_584,India,East,Books,Product_345,1,137.38,137.38,0.2,40.59,Express,Credit Card
AMZ100585,2022-01-25 09:00:00,CUST1924,Customer_585,India,West,Home & Kitchen,Product_357,4,137.38,549.52,0.2,162.37,Standard,Net Banking
AMZ100586,2022-01-25 10:00:00,CUST2581,Customer_586,India,Central,Electronics,Product_40,4,137.38,549.52,0.2,162.37,Same Day,Credit Card
AMZ100587,2022-01-25 11:00:00,CUST8714,Customer_587,Canada,West,Sports,Product_168,3,137.38,412.14,0.2,121.78,Same Day,Credit Card
AMZ100588,2022-01-25 12:00:00,CUST4324,Customer_588,India,South,Clothing,Product_43,4,137.38,549.52,0.2,162.37,Standard,Credit Card
AMZ100589,2022-01-25 13:00:00,CUST6713,Customer_589,UK,Central,Home & Kitchen,Product_329,2,137.38,274.76,0.2,81.18,Standard,Cash on Delivery
AMZ100590,2022-01-25 14:00:00,CUST8026,Customer_590,Australia,West,Books,Product_211,3,137.38,412.14,0.2,121.78,Standard,Cash on Delivery
AMZ100591,2022-01-25 15:00:00,CUST1255,Customer_591,India,West,Sports,Product_179,1,137.38,137.38,0.2,40.59,Same Day,Net Banking
AMZ100592,2022-01-25 16:00:00,CUST5804,Customer_592,India,Central,Home & Kitchen,Product_457,2,137.38,274.76,0.2,81.18,Express,Net Banking
AMZ100593,2022-01-25 17:00:00,CUST2838,Customer_593,India,South,Sports,Product_23,1,137.38,137.38,0.2,40.59,Express,Debit Card
AMZ100594,2022-01-25 18:00:00,CUST1009,Customer_594,UK,West,Electronics,Product_95,1,137.38,137.38,0.2,40.59,Standard,Cash on Delivery
AMZ100595,2022-01-25 19:00:00,CUST3871,Customer_595,India,Central,Sports,Product_160,2,137.38,274.76,0.2,81.18,Express,Net Banking
AMZ100596,2022-01-25 20:00:00,CUST9989,Customer_596,India,South,Books,Product_244,1,137.38,137.38,0.2,40.59,Same Day,Net Banking
AMZ100597,2022-01-25 21:00:00,CUST8409,Customer_597,Australia,Central,Clothing,Product_415,3,137.38,412.14,0.2,121.78,Standard,Debit Card
AMZ100598,2022-01-25 22:00:00,CUST8418,Customer_598,UK,Central,Electronics,Product_17,2,137.38,274.76,0.2,81.18,Express,Credit Card
AMZ100599,2022-01-25 23:00:00,CUST6124,Customer_599,UK,West,Electronics,Product_112,1,137.38,137.38,0.2,40.59,Standard,UPI
AMZ100600,2022-01-26 00:00:00,CUST2015,Customer_600,India,South,Books,Product_103,1,137.38,137.38,0.2,40.59,Standard,Debit Card
AMZ100601,2022-01-26 01:00:00,CUST3193,Customer_601,UK,West,Books,Product_314,4,137.38,549.52,0.2,162.37,Same Day,UPI
AMZ100602,2022-01-26 02:00:00,CUST9415,Customer_602,USA,North,Home & Kitchen,Product_86,4,137.38,549.52,0.2,162.37,Same Day,Debit Card
AMZ100603,2022-01-26 03:00:00,CUST8449,Customer_603,UK,North,Clothing,Product_35,1,137.38,137.38,0.2,40.59,Express,Debit Card
AMZ100604,2022-01-26 04:00:00,CUST5158,Customer_604,UK,South,Sports,Product_30,2,137.38,274.76,0.2,81.18,Same Day,Credit Card
AMZ100605,2022-01-26 05:00:00,CUST4925,Customer_605,UK,Central,Home & Kitchen,Product_192,3,137.38,412.14,0.2,121.78,Standard,Net Banking
AMZ100606,2022-01-26 06:00:00,CUST7970,Customer_606,Canada,West,Sports,Product_437,1,137.38,137.38,0.2,40.59,Same Day,Cash on Delivery
AMZ100607,2022-01-26 07:00:00,CUST7938,Customer_607,Canada,West,Sports,Product_179,1,137.38,137.38,0.2,40.59,Express,Debit Card
AMZ100608,2022-01-26 08:00:00,CUST5784,Customer_608,Canada,South,Sports,Product_104,1,137.38,137.38,0.2,40.59,Express,Credit Card
AMZ100609,2022-01-26 09:00:00,CUST5000,Customer_609,UK,South,Home & Kitchen,Product_165,4,137.38,549.52,0.2,162.37,Express,UPI
AMZ100610,2022-01-26 10:00:00,CUST2633,Customer_610,USA,North,Electronics,Product_474,2,137.38,274.76,0.2,81.18,Same Day,Net Banking
AMZ100611,2022-01-26 11:00:00,CUST8266,Customer_611,UK,East,Books,Product_122,1,137.38,137.38,0.2,40.59,Same Day,Debit Card
AMZ100612,2022-01-26 12:00:00,CUST9702,Customer_612,India,South,Electronics,Product_134,4,137.38,549.52,0.2,162.37,Same Day,UPI
AMZ100613,2022-01-26 13:00:00,CUST1384,Customer_613,USA,East,Clothing,Product_290,1,137.38,137.38,0.2,40.59,Same Day,Debit Card
AMZ100614,2022-01-26 14:00:00,CUST1404,Customer_614,Canada,South,Home & Kitchen,Product_312,1,137.38,137.38,0.2,40.59,Same Day,Cash on Delivery
AMZ100615,2022-01-26 15:00:00,CUST9175,Customer_615,Australia,Central,Clothing,Product_224,2,137.38,274.76,0.2,81.18,Express,Cash on Delivery
AMZ100616,2022-01-26 16:00:00,CUST3000,Customer_616,USA,Central,Books,Product_25,4,137.38,549.52,0.2,162.37,Express,Net Banking
AMZ100617,2022-01-26 17:00:00,CUST6989,Customer_617,Canada,North,Books,Product_371,3,137.38,412.14,0.2,121.78,Same Day,UPI
AMZ100618,2022-01-26 18:00:00,CUST2460,Customer_618,USA,North,Beauty,Product_13,2,137.38,274.76,0.2,81.18,Standard,Cash on Delivery
AMZ100619,2022-01-26 19:00:00,CUST8190,Customer_619,USA,East,Clothing,Product_319,3,137.38,412.14,0.2,121.78,Express,Credit Card
AMZ100620,2022-01-26 20:00:00,CUST8140,Customer_620,UK,South,Electronics,Product_230,4,137.38,549.52,0.2,162.37,Standard,Net Banking
AMZ100621,2022-01-26 21:00:00,CUST4636,Customer_621,India,West,Clothing,Product_102,4,137.38,549.52,0.2,162.37,Standard,Debit Card
AMZ100622,2022-01-26 22:00:00,CUST5809,Customer_622,Australia,North,Home & Kitchen,Product_450,3,137.38,412.14,0.2,121.78,Express,UPI
AMZ100623,2022-01-26 23:00:00,CUST5178,Customer_623,Canada,West,Books,Product_378,4,137.38,549.52,0.2,162.37,Standard,UPI
AMZ100624,2022-01-27 00:00:00,CUST8245,Customer_624,USA,West,Books,Product_376,2,137.38,274.76,0.2,81.18,Standard,Credit Card
AMZ100625,2022-01-27 01:00:00,CUST7600,Customer_625,Australia,South,Clothing,Product_389,1,137.38,137.38,0.2,40.59,Express,Cash on Delivery
AMZ100626,2022-01-27 02:00:00,CUST6997,Customer_626,USA,East,Clothing,Product_203,3,137.38,412.14,0.2,121.78,Express,UPI
AMZ100627,2022-01-27 03:00:00,CUST3048,Customer_627,India,South,Sports,Product_267,1,137.38,137.38,0.2,40.59,Same Day,Credit Card
AMZ100628,2022-01-27 04:00:00,CUST5780,Customer_628,Australia,North,Clothing,Product_472,3,137.38,412.14,0.2,121.78,Express,Credit Card
AMZ100629,2022-01-27 05:00:00,CUST1716,Customer_629,Canada,West,Sports,Product_462,1,137.38,137.38,0.2,40.59,Standard,Debit Card
AMZ100630,2022-01-27 06:00:00,CUST8939,Customer_630,USA,South,Home & Kitchen,Product_365,1,137.38,137.38,0.2,40.59,Express,Credit Card
AMZ100631,2022-01-27 07:00:00,CUST6565,Customer_631,India,South,Home & Kitchen,Product_222,2,137.38,274.76,0.2,81.18,Same Day,Net Banking
AMZ100632,2022-01-27 08:00:00,CUST5544,Customer_632,Australia,South,Electronics,Product_104,1,137.38,137.38,0.2,40.59,Express,UPI
AMZ100633,2022-01-27 09:00:00,CUST5976,Customer_633,USA,North,Clothing,Product_111,3,137.38,412.14,0.2,121.78,Standard,Net Banking
AMZ100634,2022-01-27 10:00:00,CUST4419,Customer_634,USA,East,Electronics,Product_428,1,137.38,137.38,0.2,40.59,Express,Credit Card
AMZ100635,2022-01-27 11:00:00,CUST8239,Customer_635,Canada,South,Beauty,Product_483,4,137.38,549.52,0.2,162.37,Standard,Credit Card
AMZ100636,2022-01-27 12:00:00,CUST1249,Customer_636,India,North,Home & Kitchen,Product_469,1,137.38,137.38,0.2,40.59,Express,Net Banking
AMZ100637,2022-01-27 13:00:00,CUST9865,Customer_637,UK,West,Books,Product_69,1,137.38,137.38,0.2,40.59,Same Day,Debit Card
AMZ100638,2022-01-27 14:00:00,CUST1770,Customer_638,USA,Central,Sports,Product_358,4,137.38,549.52,0.2,162.37,Same Day,Credit Card
AMZ100639,2022-01-27 15:00:00,CUST5363,Customer_639,Australia,North,Beauty,Product_258,4,137.38,549.52,0.2,162.37,Express,Net Banking
AMZ100640,2022-01-27 16:00:00,CUST2077,Customer_640,Canada,Central,Books,Product_168,3,137.38,412.14,0.2,121.78,Standard,Net Banking
AMZ100641,2022-01-27 17:00:00,CUST9427,Customer_641,Canada,South,Beauty,Product_293,4,137.38,549.52,0.2,162.37,Same Day,UPI
AMZ100642,2022-01-27 18:00:00,CUST9580,Customer_642,USA,South,Electronics,Product_374,4,137.38,549.52,0.2,162.37,Standard,Debit Card
AMZ100643,2022-01-27 19:00:00,CUST8901,Customer_643,USA,North,Electronics,Product_49,3,137.38,412.14,0.2,121.78,Express,Cash on Delivery
AMZ100644,2022-01-27 20:00:00,CUST5858,Customer_644,USA,Central,Sports,Product_250,3,137.38,412.14,0.2,121.78,Same Day,Net Banking
AMZ100645,2022-01-27 21:00:00,CUST7544,Customer_645,UK,South,Home & Kitchen,Product_482,1,137.38,137.38,0.2,40.59,Same Day,UPI
AMZ100646,2022-01-27 22:00:00,CUST5719,Customer_646,USA,West,Sports,Product_331,2,137.38,274.76,0.2,81.18,Standard,Cash on Delivery
AMZ100647,2022-01-27 23:00:00,CUST3814,Customer_647,India,East,Books,Product_420,3,137.38,412.14,0.2,121.78,Same Day,UPI
AMZ100648,2022-01-28 00:00:00,CUST4374,Customer_648,Australia,East,Beauty,Product_75,4,137.38,549.52,0.2,162.37,Standard,UPI
AMZ100649,2022-01-28 01:00:00,CUST2252,Customer_649,USA,South,Sports,Product_201,1,137.38,137.38,0.2,40.59,Standard,Debit Card
AMZ100650,2022-01-28 02:00:00,CUST7996,Customer_650,UK,Central,Clothing,Product_454,4,137.38,549.52,0.2,162.37,Express,Credit Card
AMZ100651,2022-01-28 03:00:00,CUST5673,Customer_651,Australia,South,Clothing,Product_34,3,137.38,412.14,0.2,121.78,Standard,Debit Card
AMZ100652,2022-01-28 04:00:00,CUST5530,Customer_652,Canada,Central,Home & Kitchen,Product_314,2,137.38,274.76,0.2,81.18,Same Day,Cash on Delivery
AMZ100653,2022-01-28 05:00:00,CUST7881,Customer_653,USA,West,Sports,Product_111,1,137.38,137.38,0.2,40.59,Standard,Debit Card
AMZ100654,2022-01-28 06:00:00,CUST7949,Customer_654,Australia,Central,Books,Product_421,3,137.38,412.14,0.2,121.78,Same Day,Credit Card
AMZ100655,2022-01-28 07:00:00,CUST7241,Customer_655,Canada,South,Clothing,Product_352,3,137.38,412.14,0.2,121.78,Standard,Debit Card
AMZ100656,2022-01-28 08:00:00,CUST9017,Customer_656,UK,West,Home & Kitchen,Product_316,4,137.38,549.52,0.2,162.37,Express,Debit Card
AMZ100657,2022-01-28 09:00:00,CUST7941,Customer_657,India,North,Sports,Product_396,2,137.38,274.76,0.2,81.18,Express,Debit Card
AMZ100658,2022-01-28 10:00:00,CUST8002,Customer_658,USA,East,Home & Kitchen,Product_237,3,137.38,412.14,0.2,121.78,Standard,Net Banking
AMZ100659,2022-01-28 11:00:00,CUST2331,Customer_659,India,South,Books,Product_32,4,137.38,549.52,0.2,162.37,Standard,Net Banking
AMZ100660,2022-01-28 12:00:00,CUST5261,Customer_660,UK,South,Clothing,Product_209,1,137.38,137.38,0.2,40.59,Standard,Debit Card
AMZ100661,2022-01-28 13:00:00,CUST8648,Customer_661,Australia,South,Clothing,Product_132,4,137.38,549.52,0.2,162.37,Express,Credit Card
AMZ100662,2022-01-28 14:00:00,CUST6115,Customer_662,Australia,West,Clothing,Product_106,1,137.38,137.38,0.2,40.59,Standard,Credit Card
AMZ100663,2022-01-28 15:00:00,CUST5637,Customer_663,UK,North,Electronics,Product_33,4,137.38,549.52,0.2,162.37,Standard,Credit Card
AMZ100664,2022-01-28 16:00:00,CUST5854,Customer_664,UK,Central,Clothing,Product_43,2,137.38,274.76,0.2,81.18,Same Day,Credit Card
AMZ100665,2022-01-28 17:00:00,CUST4177,Customer_665,USA,North,Beauty,Product_368,4,137.38,549.52,0.2,162.37,Express,UPI
AMZ100666,2022-01-28 18:00:00,CUST8730,Customer_666,Canada,West,Electronics,Product_107,2,137.38,274.76,0.2,81.18,Express,Debit Card
AMZ100667,2022-01-28 19:00:00,CUST3180,Customer_667,India,South,Sports,Product_265,2,137.38,274.76,0.2,81.18,Standard,Debit Card
AMZ100668,2022-01-28 20:00:00,CUST5892,Customer_668,India,East,Electronics,Product_226,1,137.38,137.38,0.2,40.59,Standard,UPI
AMZ100669,2022-01-28 21:00:00,CUST8043,Customer_669,Australia,South,Electronics,Product_487,4,137.38,549.52,0.2,162.37,Same Day,Credit Card
AMZ100670,2022-01-28 22:00:00,CUST1137,Customer_670,Australia,Central,Electronics,Product_179,4,137.38,549.52,0.2,162.37,Standard,Cash on Delivery
AMZ100671,2022-01-28 23:00:00,CUST7327,Customer_671,USA,East,Home & Kitchen,Product_222,4,137.38,549.52,0.2,162.37,Express,Cash on Delivery
AMZ100672,2022-01-29 00:00:00,CUST4472,Customer_672,UK,South,Beauty,Product_370,2,137.38,274.76,0.2,81.18,Same Day,UPI
AMZ100673,2022-01-29 01:00:00,CUST6449,Customer_673,India,East,Books,Product_125,3,137.38,412.14,0.2,121.78,Express,Cash on Delivery
AMZ100674,2022-01-29 02:00:00,CUST3832,Customer_674,USA,North,Clothing,Product_276,4,137.38,549.52,0.2,162.37,Standard,Net Banking
AMZ100675,2022-01-29 03:00:00,CUST4579,Customer_675,Australia,West,Electronics,Product_167,4,137.38,549.52,0.2,162.37,Same Day,Debit Card
AMZ100676,2022-01-29 04:00:00,CUST6971,Customer_676,Australia,South,Books,Product_151,3,137.38,412.14,0.2,121.78,Express,Cash on Delivery
AMZ100677,2022-01-29 05:00:00,CUST5164,Customer_677,India,Central,Home & Kitchen,Product_41,1,137.38,137.38,0.2,40.59,Express,Net Banking
AMZ100678,2022-01-29 06:00:00,CUST8941,Customer_678,Australia,North,Books,Product_300,4,137.38,549.52,0.2,162.37,Express,Debit Card
AMZ100679,2022-01-29 07:00:00,CUST6569,Customer_679,Australia,South,Electronics,Product_381,3,137.38,412.14,0.2,121.78,Standard,Net Banking
AMZ100680,2022-01-29 08:00:00,CUST5300,Customer_680,Canada,North,Sports,Product_35,4,137.38,549.52,0.2,162.37,Standard,Debit Card
AMZ100681,2022-01-29 09:00:00,CUST7269,Customer_681,UK,Central,Beauty,Product_407,2,137.38,274.76,0.2,81.18,Standard,Debit Card
AMZ100682,2022-01-29 10:00:00,CUST4818,Customer_682,Australia,South,Books,Product_314,3,137.38,412.14,0.2,121.78,Standard,Cash on Delivery
AMZ100683,2022-01-29 11:00:00,CUST2906,Customer_683,Canada,Central,Electronics,Product_304,2,137.38,274.76,0.2,81.18,Express,UPI
AMZ100684,2022-01-29 12:00:00,CUST7254,Customer_684,USA,East,Electronics,Product_231,3,137.38,412.14,0.2,121.78,Same Day,Cash on Delivery
AMZ100685,2022-01-29 13:00:00,CUST1760,Customer_685,Australia,Central,Clothing,Product_215,1,137.38,137.38,0.2,40.59,Standard,Credit Card
AMZ100686,2022-01-29 14:00:00,CUST8830,Customer_686,USA,East,Sports,Product_314,2,137.38,274.76,0.2,81.18,Same Day,Net Banking
AMZ100687,2022-01-29 15:00:00,CUST8350,Customer_687,Australia,South,Clothing,Product_101,4,137.38,549.52,0.2,162.37,Express,Credit Card
AMZ100688,2022-01-29 16:00:00,CUST7238,Customer_688,India,East,Sports,Product_57,3,137.38,412.14,0.2,121.78,Standard,Debit Card
AMZ100689,2022-01-29 17:00:00,CUST7090,Customer_689,Canada,South,Beauty,Product_215,4,137.38,549.52,0.2,162.37,Express,Cash on Delivery
AMZ100690,2022-01-29 18:00:00,CUST7031,Customer_690,Canada,South,Clothing,Product_423,1,137.38,137.38,0.2,40.59,Standard,Credit Card
AMZ100691,2022-01-29 19:00:00,CUST8687,Customer_691,India,West,Beauty,Product_156,3,137.38,412.14,0.2,121.78,Standard,Credit Card
AMZ100692,2022-01-29 20:00:00,CUST9472,Customer_692,UK,South,Home & Kitchen,Product_64,1,137.38,137.38,0.2,40.59,Same Day,Credit Card
AMZ100693,2022-01-29 21:00:00,CUST2887,Customer_693,Canada,East,Home & Kitchen,Product_62,3,137.38,412.14,0.2,121.78,Express,Debit Card
AMZ100694,2022-01-29 22:00:00,CUST4266,Customer_694,USA,West,Sports,Product_339,2,137.38,274.76,0.2,81.18,Express,Debit Card
AMZ100695,2022-01-29 23:00:00,CUST1666,Customer_695,Canada,West,Sports,Product_369,4,137.38,549.52,0.2,162.37,Express,Debit Card
AMZ100696,2022-01-30 00:00:00,CUST5188,Customer_696,UK,South,Clothing,Product_368,2,137.38,274.76,0.2,81.18,Same Day,Credit Card
AMZ100697,2022-01-30 01:00:00,CUST1671,Customer_697,USA,Central,Home & Kitchen,Product_62,2,137.38,274.76,0.2,81.18,Same Day,Net Banking
AMZ100698,2022-01-30 02:00:00,CUST7777,Customer_698,USA,Central,Books,Product_94,2,137.38,274.76,0.2,81.18,Express,Cash on Delivery
AMZ100699,2022-01-30 03:00:00,CUST8570,Customer_699,India,West,Books,Product_469,2,137.38,274.76,0.2,81.18,Express,Cash on Delivery
AMZ100700,2022-01-30 04:00:00,CUST8956,Customer_700,Australia,South,Books,Product_472,3,137.38,412.14,0.2,121.78,Standard,Debit Card
AMZ100701,2022-01-30 05:00:00,CUST6124,Customer_701,India,Central,Home & Kitchen,Product_341,4,137.38,549.52,0.2,162.37,Standard,Credit Card
AMZ100702,2022-01-30 06:00:00,CUST6585,Customer_702,Australia,South,Books,Product_26,3,137.38,412.14,0.2,121.78,Same Day,Net Banking
AMZ100703,2022-01-30 07:00:00,CUST5777,Customer_703,India,South,Beauty,Product_435,3,137.38,412.14,0.2,121.78,Standard,UPI
AMZ100704,2022-01-30 08:00:00,CUST4900,Customer_704,Australia,West,Electronics,Product_121,3,137.38,412.14,0.2,121.78,Express,Debit Card
AMZ100705,2022-01-30 09:00:00,CUST7677,Customer_705,Canada,West,Sports,Product_50,2,137.38,274.76,0.2,81.18,Express,UPI
AMZ100706,2022-01-30 10:00:00,CUST7981,Customer_706,USA,North,Clothing,Product_371,1,137.38,137.38,0.2,40.59,Standard,Cash on Delivery
AMZ100707,2022-01-30 11:00:00,CUST7376,Customer_707,Australia,Central,Beauty,Product_252,2,137.38,274.76,0.2,81.18,Standard,Cash on Delivery
AMZ100708,2022-01-30 12:00:00,CUST1523,Customer_708,Canada,Central,Books,Product_36,3,137.38,412.14,0.2,121.78,Same Day,Net Banking
AMZ100709,2022-01-30 13:00:00,CUST3393,Customer_709,UK,Central,Electronics,Product_410,2,137.38,274.76,0.2,81.18,Standard,Net Banking
AMZ100710,2022-01-30 14:00:00,CUST3593,Customer_710,India,East,Clothing,Product_289,4,137.38,549.52,0.2,162.37,Same Day,UPI
AMZ100711,2022-01-30 15:00:00,CUST8240,Customer_711,UK,South,Beauty,Product_379,4,137.38,549.52,0.2,162.37,Standard,Cash on Delivery
AMZ100712,2022-01-30 16:00:00,CUST7937,Customer_712,Canada,West,Clothing,Product_100,2,137.38,274.76,0.2,81.18,Standard,Net Banking
AMZ100713,2022-01-30 17:00:00,CUST7190,Customer_713,UK,Central,Sports,Product_324,2,137.38,274.76,0.2,81.18,Standard,Net Banking
AMZ100714,2022-01-30 18:00:00,CUST6240,Customer_714,UK,North,Home & Kitchen,Product_329,1,137.38,137.38,0.2,40.59,Standard,Cash on Delivery
AMZ100715,2022-01-30 19:00:00,CUST7493,Customer_715,Canada,Central,Books,Product_136,2,137.38,274.76,0.2,81.18,Express,Cash on Delivery
AMZ100716,2022-01-30 20:00:00,CUST3878,Customer_716,USA,South,Beauty,Product_194,2,137.38,274.76,0.2,81.18,Express,Credit Card
AMZ100717,2022-01-30 21:00:00,CUST5143,Customer_717,Australia,South,Beauty,Product_221,1,137.38,137.38,0.2,40.59,Express,Net Banking
AMZ100718,2022-01-30 22:00:00,CUST4644,Customer_718,India,West,Electronics,Product_279,2,137.38,274.76,0.2,81.18,Standard,UPI
AMZ100719,2022-01-30 23:00:00,CUST5432,Customer_719,Australia,East,Electronics,Product_326,2,137.38,274.76,0.2,81.18,Same Day,Debit Card
AMZ100720,2022-01-31 00:00:00,CUST2276,Customer_720,India,West,Electronics,Product_55,2,137.38,274.76,0.2,81.18,Standard,Debit Card
AMZ100721,2022-01-31 01:00:00,CUST6811,Customer_721,Australia,Central,Clothing,Product_427,2,137.38,274.76,0.2,81.18,Express,Cash on Delivery
AMZ100722,2022-01-31 02:00:00,CUST1302,Customer_722,UK,North,Books,Product_484,2,137.38,274.76,0.2,81.18,Same Day,UPI
AMZ100723,2022-01-31 03:00:00,CUST1638,Customer_723,USA,West,Clothing,Product_110,3,137.38,412.14,0.2,121.78,Same Day,Credit Card
AMZ100724,2022-01-31 04:00:00,CUST1055,Customer_724,UK,East,Books,Product_149,2,137.38,274.76,0.2,81.18,Express,Net Banking
AMZ100725,2022-01-31 05:00:00,CUST9717,Customer_725,USA,West,Beauty,Product_406,1,137.38,137.38,0.2,40.59,Standard,Credit Card
AMZ100726,2022-01-31 06:00:00,CUST9150,Customer_726,Canada,South,Clothing,Product_265,2,137.38,274.76,0.2,81.18,Same Day,UPI
AMZ100727,2022-01-31 07:00:00,CUST3125,Customer_727,India,Central,Clothing,Product_162,3,137.38,412.14,0.2,121.78,Same Day,Credit Card
AMZ100728,2022-01-31 08:00:00,CUST1364,Customer_728,India,Central,Clothing,Product_187,1,137.38,137.38,0.2,40.59,Express,Cash on Delivery
AMZ100729,2022-01-31 09:00:00,CUST7809,Customer_729,Canada,Central,Home & Kitchen,Product_410,1,137.38,137.38,0.2,40.59,Same Day,Debit Card
AMZ100730,2022-01-31 10:00:00,CUST5621,Customer_730,Australia,Central,Sports,Product_129,2,137.38,274.76,0.2,81.18,Same Day,Cash on Delivery
AMZ100731,2022-01-31 11:00:00,CUST6126,Customer_731,Canada,Central,Books,Product_484,4,137.38,549.52,0.2,162.37,Same Day,Net Banking
AMZ100732,2022-01-31 12:00:00,CUST6122,Customer_732,Canada,Central,Books,Product_108,3,137.38,412.14,0.2,121.78,Standard,Cash on Delivery
AMZ100733,2022-01-31 13:00:00,CUST2646,Customer_733,USA,North,Clothing,Product_389,4,137.38,549.52,0.2,162.37,Standard,UPI
AMZ100734,2022-01-31 14:00:00,CUST1918,Customer_734,Canada,East,Home & Kitchen,Product_425,2,137.38,274.76,0.2,81.18,Express,UPI
AMZ100735,2022-01-31 15:00:00,CUST3797,Customer_735,India,Central,Clothing,Product_447,3,137.38,412.14,0.2,121.78,Standard,Net Banking
AMZ100736,2022-01-31 16:00:00,CUST7506,Customer_736,UK,East,Books,Product_406,4,137.38,549.52,0.2,162.37,Same Day,Net Banking
AMZ100737,2022-01-31 17:00:00,CUST6870,Customer_737,USA,Central,Sports,Product_68,3,137.38,412.14,0.2,121.78,Standard,Debit Card
AMZ100738,2022-01-31 18:00:00,CUST2531,Customer_738,USA,West,Sports,Product_432,2,137.38,274.76,0.2,81.18,Same Day,Credit Card
AMZ100739,2022-01-31 19:00:00,CUST9172,Customer_739,Australia,Central,Beauty,Product_66,3,137.38,412.14,0.2,121.78,Same Day,Debit Card
AMZ100740,2022-01-31 20:00:00,CUST4345,Customer_740,UK,South,Home & Kitchen,Product_144,2,137.38,274.76,0.2,81.18,Standard,Cash on Delivery
AMZ100741,2022-01-31 21:00:00,CUST8673,Customer_741,USA,North,Sports,Product_464,4,137.38,549.52,0.2,162.37,Standard,Credit Card
AMZ100742,2022-01-31 22:00:00,CUST7949,Customer_742,Canada,West,Home & Kitchen,Product_53,3,137.38,412.14,0.2,121.78,Standard,Net Banking
AMZ100743,2022-01-31 23:00:00,CUST7882,Customer_743,USA,West,Clothing,Product_128,1,137.38,137.38,0.2,40.59,Standard,UPI
AMZ100744,2022-02-01 00:00:00,CUST2906,Customer_744,USA,South,Beauty,Product_470,2,137.38,274.76,0.2,81.18,Express,Cash on Delivery
AMZ100745,2022-02-01 01:00:00,CUST4086,Customer_745,USA,Central,Books,Product_491,3,137.38,412.14,0.2,121.78,Standard,Debit Card
AMZ100746,2022-02-01 02:00:00,CUST9152,Customer_746,Australia,North,Sports,Product_321,1,137.38,137.38,0.2,40.59,Express,Net Banking
AMZ100747,2022-02-01 03:00:00,CUST6750,Customer_747,USA,West,Sports,Product_207,1,137.38,137.38,0.2,40.59,Same Day,Credit Card
AMZ100748,2022-02-01 04:00:00,CUST9905,Customer_748,USA,North,Electronics,Product_320,1,137.38,137.38,0.2,40.59,Express,Credit Card
AMZ100749,2022-02-01 05:00:00,CUST2062,Customer_749,Australia,West,Books,Product_216,1,137.38,137.38,0.2,40.59,Same Day,UPI
AMZ100750,2022-02-01 06:00:00,CUST2976,Customer_750,UK,Central,Sports,Product_68,2,137.38,274.76,0.2,81.18,Express,Net Banking
AMZ100751,2022-02-01 07:00:00,CUST2296,Customer_751,India,West,Sports,Product_447,3,137.38,412.14,0.2,121.78,Express,Net Banking
AMZ100752,2022-02-01 08:00:00,CUST7229,Customer_752,Australia,West,Books,Product_62,1,137.38,137.38,0.2,40.59,Same Day,Cash on Delivery
AMZ100753,2022-02-01 09:00:00,CUST8641,Customer_753,Australia,East,Beauty,Product_210,3,137.38,412.14,0.2,121.78,Express,Cash on Delivery
AMZ100754,2022-02-01 10:00:00,CUST1125,Customer_754,USA,Central,Home & Kitchen,Product_337,3,137.38,412.14,0.2,121.78,Same Day,Credit Card
AMZ100755,2022-02-01 11:00:00,CUST5632,Customer_755,USA,South,Books,Product_327,4,137.38,549.52,0.2,162.37,Standard,Debit Card
AMZ100756,2022-02-01 12:00:00,CUST7288,Customer_756,India,South,Home & Kitchen,Product_370,3,137.38,412.14,0.2,121.78,Same Day,Credit Card
AMZ100757,2022-02-01 13:00:00,CUST4596,Customer_757,USA,Central,Beauty,Product_429,2,137.38,274.76,0.2,81.18,Express,Cash on Delivery
AMZ100758,2022-02-01 14:00:00,CUST7168,Customer_758,Canada,South,Beauty,Product_52,2,137.38,274.76,0.2,81.18,Standard,Cash on Delivery
AMZ100759,2022-02-01 15:00:00,CUST8561,Customer_759,USA,Central,Clothing,Product_116,1,137.38,137.38,0.2,40.59,Express,Cash on Delivery
AMZ100760,2022-02-01 16:00:00,CUST9258,Customer_760,USA,South,Electronics,Product_381,3,137.38,412.14,0.2,121.78,Standard,Credit Card
AMZ100761,2022-02-01 17:00:00,CUST1232,Customer_761,Canada,East,Beauty,Product_458,2,137.38,274.76,0.2,81.18,Same Day,Net Banking
AMZ100762,2022-02-01 18:00:00,CUST7371,Customer_762,India,South,Beauty,Product_383,2,137.38,274.76,0.2,81.18,Standard,Debit Card
AMZ100763,2022-02-01 19:00:00,CUST5206,Customer_763,Canada,West,Home & Kitchen,Product_65,2,137.38,274.76,0.2,81.18,Standard,Debit Card
AMZ100764,2022-02-01 20:00:00,CUST8943,Customer_764,Australia,Central,Beauty,Product_130,1,137.38,137.38,0.2,40.59,Standard,Cash on Delivery
AMZ100765,2022-02-01 21:00:00,CUST7891,Customer_765,Canada,North,Books,Product_177,2,137.38,274.76,0.2,81.18,Express,UPI
AMZ100766,2022-02-01 22:00:00,CUST7738,Customer_766,UK,North,Clothing,Product_278,3,137.38,412.14,0.2,121.78,Standard,Credit Card
AMZ100767,2022-02-01 23:00:00,CUST3472,Customer_767,Australia,Central,Clothing,Product_480,2,137.38,274.76,0.2,81.18,Same Day,Net Banking
AMZ100768,2022-02-02 00:00:00,CUST3739,Customer_768,USA,East,Books,Product_413,2,137.38,274.76,0.2,81.18,Same Day,Cash on Delivery
AMZ100769,2022-02-02 01:00:00,CUST6401,Customer_769,Australia,South,Sports,Product_163,1,137.38,137.38,0.2,40.59,Same Day,UPI
AMZ100770,2022-02-02 02:00:00,CUST2761,Customer_770,India,East,Beauty,Product_465,3,137.38,412.14,0.2,121.78,Standard,Cash on Delivery
AMZ100771,2022-02-02 03:00:00,CUST1876,Customer_771,India,North,Electronics,Product_332,2,137.38,274.76,0.2,81.18,Same Day,UPI
AMZ100772,2022-02-02 04:00:00,CUST4812,Customer_772,Canada,Central,Beauty,Product_152,3,137.38,412.14,0.2,121.78,Express,Debit Card
AMZ100773,2022-02-02 05:00:00,CUST2460,Customer_773,Australia,Central,Clothing,Product_350,3,137.38,412.14,0.2,121.78,Same Day,UPI
AMZ100774,2022-02-02 06:00:00,CUST2733,Customer_774,USA,East,Electronics,Product_236,2,137.38,274.76,0.2,81.18,Standard,Debit Card
AMZ100775,2022-02-02 07:00:00,CUST2605,Customer_775,India,East,Sports,Product_158,1,137.38,137.38,0.2,40.59,Same Day,Debit Card
AMZ100776,2022-02-02 08:00:00,CUST6622,Customer_776,USA,South,Home & Kitchen,Product_468,3,137.38,412.14,0.2,121.78,Standard,Credit Card
AMZ100777,2022-02-02 09:00:00,CUST7767,Customer_777,UK,West,Home & Kitchen,Product_426,4,137.38,549.52,0.2,162.37,Standard,UPI
AMZ100778,2022-02-02 10:00:00,CUST7986,Customer_778,India,West,Beauty,Product_327,2,137.38,274.76,0.2,81.18,Same Day,Net Banking
AMZ100779,2022-02-02 11:00:00,CUST4517,Customer_779,Canada,South,Beauty,Product_106,3,137.38,412.14,0.2,121.78,Express,Net Banking
AMZ100780,2022-02-02 12:00:00,CUST4735,Customer_780,UK,West,Electronics,Product_306,3,137.38,412.14,0.2,121.78,Express,UPI
AMZ100781,2022-02-02 13:00:00,CUST9434,Customer_781,Australia,North,Electronics,Product_255,3,137.38,412.14,0.2,121.78,Same Day,Credit Card
AMZ100782,2022-02-02 14:00:00,CUST3590,Customer_782,USA,West,Sports,Product_358,2,137.38,274.76,0.2,81.18,Standard,Net Banking
AMZ100783,2022-02-02 15:00:00,CUST2063,Customer_783,India,South,Beauty,Product_455,4,137.38,549.52,0.2,162.37,Same Day,Cash on Delivery
AMZ100784,2022-02-02 16:00:00,CUST5324,Customer_784,UK,West,Clothing,Product_444,3,137.38,412.14,0.2,121.78,Standard,Net Banking
AMZ100785,2022-02-02 17:00:00,CUST6342,Customer_785,UK,Central,Home & Kitchen,Product_113,3,137.38,412.14,0.2,121.78,Standard,Credit Card
AMZ100786,2022-02-02 18:00:00,CUST1005,Customer_786,India,East,Sports,Product_30,1,137.38,137.38,0.2,40.59,Standard,Debit Card
AMZ100787,2022-02-02 19:00:00,CUST8489,Customer_787,Australia,North,Electronics,Product_12,2,137.38,274.76,0.2,81.18,Express,Debit Card
AMZ100788,2022-02-02 20:00:00,CUST9659,Customer_788,Australia,Central,Clothing,Product_177,2,137.38,274.76,0.2,81.18,Express,Debit Card
AMZ100789,2022-02-02 21:00:00,CUST9195,Customer_789,Canada,Central,Beauty,Product_479,3,137.38,412.14,0.2,121.78,Same Day,Credit Card
AMZ100790,2022-02-02 22:00:00,CUST6966,Customer_790,Australia,South,Books,Product_338,1,137.38,137.38,0.2,40.59,Express,Debit Card
AMZ100791,2022-02-02 23:00:00,CUST9837,Customer_791,Canada,East,Electronics,Product_46,3,137.38,412.14,0.2,121.78,Standard,Debit Card
AMZ100792,2022-02-03 00:00:00,CUST1117,Customer_792,UK,East,Sports,Product_171,3,137.38,412.14,0.2,121.78,Standard,Credit Card
AMZ100793,2022-02-03 01:00:00,CUST3551,Customer_793,India,North,Books,Product_130,2,137.38,274.76,0.2,81.18,Same Day,Cash on Delivery
AMZ100794,2022-02-03 02:00:00,CUST6560,Customer_794,Australia,South,Clothing,Product_245,1,137.38,137.38,0.2,40.59,Standard,Net Banking
AMZ100795,2022-02-03 03:00:00,CUST5289,Customer_795,Canada,North,Home & Kitchen,Product_353,3,137.38,412.14,0.2,121.78,Same Day,Credit Card
AMZ100796,2022-02-03 04:00:00,CUST1846,Customer_796,UK,West,Clothing,Product_203,2,137.38,274.76,0.2,81.18,Same Day,Credit Card
AMZ100797,2022-02-03 05:00:00,CUST7316,Customer_797,Australia,Central,Home & Kitchen,Product_226,3,137.38,412.14,0.2,121.78,Standard,UPI
AMZ100798,2022-02-03 06:00:00,CUST7469,Customer_798,USA,North,Clothing,Product_80,3,137.38,412.14,0.2,121.78,Express,Debit Card
AMZ100799,2022-02-03 07:00:00,CUST9915,Customer_799,UK,Central,Electronics,Product_310,1,137.38,137.38,0.2,40.59,Standard,Cash on Delivery
AMZ100800,2022-02-03 08:00:00,CUST1224,Customer_800,Australia,South,Electronics,Product_35,1,137.38,137.38,0.2,40.59,Standard,UPI
AMZ100801,2022-02-03 09:00:00,CUST5208,Customer_801,UK,West,Sports,Product_52,1,137.38,137.38,0.2,40.59,Same Day,Cash on Delivery
AMZ100802,2022-02-03 10:00:00,CUST7283,Customer_802,India,South,Books,Product_161,3,137.38,412.14,0.2,121.78,Express,Debit Card
AMZ100803,2022-02-03 11:00:00,CUST3048,Customer_803,India,West,Clothing,Product_469,4,137.38,549.52,0.2,162.37,Same Day,Debit Card
AMZ100804,2022-02-03 12:00:00,CUST7233,Customer_804,India,West,Clothing,Product_84,1,137.38,137.38,0.2,40.59,Standard,Debit Card
AMZ100805,2022-02-03 13:00:00,CUST2828,Customer_805,USA,Central,Books,Product_328,4,137.38,549.52,0.2,162.37,Same Day,Net Banking
AMZ100806,2022-02-03 14:00:00,CUST2917,Customer_806,India,South,Beauty,Product_435,4,137.38,549.52,0.2,162.37,Same Day,Cash on Delivery
AMZ100807,2022-02-03 15:00:00,CUST5234,Customer_807,USA,South,Sports,Product_26,4,137.38,549.52,0.2,162.37,Standard,Cash on Delivery
AMZ100808,2022-02-03 16:00:00,CUST7988,Customer_808,India,North,Clothing,Product_225,2,137.38,274.76,0.2,81.18,Same Day,UPI
AMZ100809,2022-02-03 17:00:00,CUST3026,Customer_809,UK,South,Sports,Product_446,3,137.38,412.14,0.2,121.78,Standard,Credit Card
AMZ100810,2022-02-03 18:00:00,CUST4744,Customer_810,Australia,North,Clothing,Product_317,1,137.38,137.38,0.2,40.59,Same Day,Debit Card
AMZ100811,2022-02-03 19:00:00,CUST1009,Customer_811,Australia,East,Clothing,Product_154,3,137.38,412.14,0.2,121.78,Express,Debit Card
AMZ100812,2022-02-03 20:00:00,CUST1260,Customer_812,India,East,Beauty,Product_293,3,137.38,412.14,0.2,121.78,Standard,UPI
AMZ100813,2022-02-03 21:00:00,CUST7038,Customer_813,Australia,East,Electronics,Product_414,2,137.38,274.76,0.2,81.18,Express,Cash on Delivery
AMZ100814,2022-02-03 22:00:00,CUST3219,Customer_814,India,South,Sports,Product_95,2,137.38,274.76,0.2,81.18,Same Day,Net Banking
AMZ100815,2022-02-03 23:00:00,CUST8041,Customer_815,India,South,Books,Product_225,2,137.38,274.76,0.2,81.18,Express,Cash on Delivery
AMZ100816,2022-02-04 00:00:00,CUST3060,Customer_816,Canada,North,Sports,Product_267,3,137.38,412.14,0.2,121.78,Express,Net Banking
AMZ100817,2022-02-04 01:00:00,CUST6287,Customer_817,Canada,West,Beauty,Product_437,4,137.38,549.52,0.2,162.37,Express,Net Banking
AMZ100818,2022-02-04 02:00:00,CUST2619,Customer_818,Canada,North,Home & Kitchen,Product_41,3,137.38,412.14,0.2,121.78,Same Day,Cash on Delivery
AMZ100819,2022-02-04 03:00:00,CUST9512,Customer_819,USA,East,Home & Kitchen,Product_133,2,137.38,274.76,0.2,81.18,Standard,Debit Card
AMZ100820,2022-02-04 04:00:00,CUST2342,Customer_820,Canada,North,Beauty,Product_66,3,137.38,412.14,0.2,121.78,Same Day,Net Banking
AMZ100821,2022-02-04 05:00:00,CUST3832,Customer_821,India,West,Beauty,Product_397,2,137.38,274.76,0.2,81.18,Same Day,UPI
AMZ100822,2022-02-04 06:00:00,CUST3824,Customer_822,UK,South,Electronics,Product_447,2,137.38,274.76,0.2,81.18,Same Day,UPI
AMZ100823,2022-02-04 07:00:00,CUST2994,Customer_823,Canada,North,Sports,Product_210,1,137.38,137.38,0.2,40.59,Standard,Net Banking
AMZ100824,2022-02-04 08:00:00,CUST4490,Customer_824,Canada,East,Sports,Product_474,4,137.38,549.52,0.2,162.37,Same Day,Debit Card
AMZ100825,2022-02-04 09:00:00,CUST8984,Customer_825,UK,East,Home & Kitchen,Product_153,2,137.38,274.76,0.2,81.18,Same Day,Net Banking
AMZ100826,2022-02-04 10:00:00,CUST2604,Customer_826,India,South,Books,Product_172,1,137.38,137.38,0.2,40.59,Standard,UPI
AMZ100827,2022-02-04 11:00:00,CUST1235,Customer_827,USA,North,Sports,Product_398,4,137.38,549.52,0.2,162.37,Standard,UPI
AMZ100828,2022-02-04 12:00:00,CUST2908,Customer_828,Canada,West,Clothing,Product_325,2,137.38,274.76,0.2,81.18,Standard,Cash on Delivery
AMZ100829,2022-02-04 13:00:00,CUST9567,Customer_829,UK,South,Clothing,Product_59,4,137.38,549.52,0.2,162.37,Express,Debit Card
AMZ100830,2022-02-04 14:00:00,CUST4530,Customer_830,India,North,Electronics,Product_184,4,137.38,549.52,0.2,162.37,Standard,Cash on Delivery
AMZ100831,2022-02-04 15:00:00,CUST6256,Customer_831,Australia,Central,Electronics,Product_490,3,137.38,412.14,0.2,121.78,Express,Credit Card
AMZ100832,2022-02-04 16:00:00,CUST3635,Customer_832,USA,East,Home & Kitchen,Product_180,1,137.38,137.38,0.2,40.59,Express,Net Banking
AMZ100833,2022-02-04 17:00:00,CUST9162,Customer_833,UK,West,Books,Product_322,4,137.38,549.52,0.2,162.37,Same Day,Cash on Delivery
AMZ100834,2022-02-04 18:00:00,CUST3560,Customer_834,UK,West,Books,Product_324,3,137.38,412.14,0.2,121.78,Express,Debit Card
AMZ100835,2022-02-04 19:00:00,CUST6415,Customer_835,UK,West,Beauty,Product_12,4,137.38,549.52,0.2,162.37,Same Day,Net Banking
AMZ100836,2022-02-04 20:00:00,CUST4391,Customer_836,Canada,East,Electronics,Product_459,3,137.38,412.14,0.2,121.78,Express,Net Banking
AMZ100837,2022-02-04 21:00:00,CUST6951,Customer_837,Australia,North,Sports,Product_68,2,137.38,274.76,0.2,81.18,Standard,Net Banking
AMZ100838,2022-02-04 22:00:00,CUST6468,Customer_838,USA,South,Clothing,Product_427,2,137.38,274.76,0.2,81.18,Same Day,Net Banking
AMZ100839,2022-02-04 23:00:00,CUST9007,Customer_839,India,North,Sports,Product_329,3,137.38,412.14,0.2,121.78,Express,Net Banking
AMZ100840,2022-02-05 00:00:00,CUST7413,Customer_840,India,South,Clothing,Product_202,2,137.38,274.76,0.2,81.18,Same Day,Debit Card
AMZ100841,2022-02-05 01:00:00,CUST7941,Customer_841,Australia,West,Home & Kitchen,Product_475,2,137.38,274.76,0.2,81.18,Standard,Credit Card
AMZ100842,2022-02-05 02:00:00,CUST5820,Customer_842,UK,North,Clothing,Product_6,2,137.38,274.76,0.2,81.18,Express,UPI
AMZ100843,2022-02-05 03:00:00,CUST3898,Customer_843,UK,West,Sports,Product_15,4,137.38,549.52,0.2,162.37,Express,Credit Card
AMZ100844,2022-02-05 04:00:00,CUST8546,Customer_844,UK,Central,Sports,Product_42,3,137.38,412.14,0.2,121.78,Standard,UPI
AMZ100845,2022-02-05 05:00:00,CUST1077,Customer_845,UK,West,Books,Product_31,1,137.38,137.38,0.2,40.59,Express,Cash on Delivery
AMZ100846,2022-02-05 06:00:00,CUST8577,Customer_846,UK,West,Books,Product_470,1,137.38,137.38,0.2,40.59,Express,Net Banking
AMZ100847,2022-02-05 07:00:00,CUST5227,Customer_847,Australia,South,Electronics,Product_181,3,137.38,412.14,0.2,121.78,Same Day,Cash on Delivery
AMZ100848,2022-02-05 08:00:00,CUST1600,Customer_848,Canada,Central,Sports,Product_262,4,137.38,549.52,0.2,162.37,Express,Cash on Delivery
AMZ100849,2022-02-05 09:00:00,CUST2065,Customer_849,USA,West,Home & Kitchen,Product_289,2,137.38,274.76,0.2,81.18,Standard,UPI
AMZ100850,2022-02-05 10:00:00,CUST3136,Customer_850,UK,West,Clothing,Product_413,2,137.38,274.76,0.2,81.18,Express,Debit Card
AMZ100851,2022-02-05 11:00:00,CUST7943,Customer_851,Canada,Central,Electronics,Product_21,4,137.38,549.52,0.2,162.37,Same Day,Net Banking
AMZ100852,2022-02-05 12:00:00,CUST8804,Customer_852,India,Central,Beauty,Product_380,1,137.38,137.38,0.2,40.59,Express,Cash on Delivery
AMZ100853,2022-02-05 13:00:00,CUST7565,Customer_853,Australia,North,Beauty,Product_182,3,137.38,412.14,0.2,121.78,Same Day,Credit Card
AMZ100854,2022-02-05 14:00:00,CUST6984,Customer_854,Canada,South,Clothing,Product_184,3,137.38,412.14,0.2,121.78,Express,Net Banking
AMZ100855,2022-02-05 15:00:00,CUST6142,Customer_855,UK,Central,Clothing,Product_244,4,137.38,549.52,0.2,162.37,Same Day,Debit Card
AMZ100856,2022-02-05 16:00:00,CUST5670,Customer_856,UK,Central,Clothing,Product_350,2,137.38,274.76,0.2,81.18,Same Day,Net Banking
AMZ100857,2022-02-05 17:00:00,CUST3190,Customer_857,UK,East,Books,Product_149,2,137.38,274.76,0.2,81.18,Express,Cash on Delivery
AMZ100858,2022-02-05 18:00:00,CUST3712,Customer_858,Canada,Central,Clothing,Product_256,2,137.38,274.76,0.2,81.18,Standard,Credit Card
AMZ100859,2022-02-05 19:00:00,CUST3192,Customer_859,UK,South,Beauty,Product_100,3,137.38,412.14,0.2,121.78,Standard,Cash on Delivery
AMZ100860,2022-02-05 20:00:00,CUST2248,Customer_860,Canada,West,Clothing,Product_55,1,137.38,137.38,0.2,40.59,Express,Debit Card
AMZ100861,2022-02-05 21:00:00,CUST5033,Customer_861,UK,West,Sports,Product_186,3,137.38,412.14,0.2,121.78,Express,UPI
AMZ100862,2022-02-05 22:00:00,CUST2997,Customer_862,India,West,Home & Kitchen,Product_320,4,137.38,549.52,0.2,162.37,Express,Credit Card
AMZ100863,2022-02-05 23:00:00,CUST4687,Customer_863,India,West,Beauty,Product_86,3,137.38,412.14,0.2,121.78,Express,Debit Card
AMZ100864,2022-02-06 00:00:00,CUST5018,Customer_864,USA,East,Home & Kitchen,Product_174,4,137.38,549.52,0.2,162.37,Express,Debit Card
AMZ100865,2022-02-06 01:00:00,CUST2970,Customer_865,UK,Central,Beauty,Product_468,3,137.38,412.14,0.2,121.78,Standard,Cash on Delivery
AMZ100866,2022-02-06 02:00:00,CUST9389,Customer_866,UK,West,Electronics,Product_22,1,137.38,137.38,0.2,40.59,Same Day,Cash on Delivery
AMZ100867,2022-02-06 03:00:00,CUST6765,Customer_867,Canada,North,Sports,Product_244,4,137.38,549.52,0.2,162.37,Same Day,Cash on Delivery
AMZ100868,2022-02-06 04:00:00,CUST2202,Customer_868,Canada,West,Beauty,Product_60,2,137.38,274.76,0.2,81.18,Standard,UPI
AMZ100869,2022-02-06 05:00:00,CUST9135,Customer_869,UK,Central,Sports,Product_104,2,137.38,274.76,0.2,81.18,Standard,Net Banking
AMZ100870,2022-02-06 06:00:00,CUST6567,Customer_870,USA,West,Beauty,Product_139,3,137.38,412.14,0.2,121.78,Same Day,Net Banking
AMZ100871,2022-02-06 07:00:00,CUST8667,Customer_871,UK,East,Home & Kitchen,Product_303,3,137.38,412.14,0.2,121.78,Standard,Cash on Delivery
AMZ100872,2022-02-06 08:00:00,CUST6742,Customer_872,Canada,South,Home & Kitchen,Product_159,1,137.38,137.38,0.2,40.59,Express,Cash on Delivery
AMZ100873,2022-02-06 09:00:00,CUST6788,Customer_873,UK,South,Beauty,Product_499,1,137.38,137.38,0.2,40.59,Standard,UPI
AMZ100874,2022-02-06 10:00:00,CUST6408,Customer_874,Canada,Central,Beauty,Product_232,2,137.38,274.76,0.2,81.18,Standard,Net Banking
AMZ100875,2022-02-06 11:00:00,CUST9669,Customer_875,UK,South,Books,Product_77,3,137.38,412.14,0.2,121.78,Standard,UPI
AMZ100876,2022-02-06 12:00:00,CUST1922,Customer_876,Australia,South,Sports,Product_18,4,137.38,549.52,0.2,162.37,Standard,Debit Card
AMZ100877,2022-02-06 13:00:00,CUST1419,Customer_877,Canada,North,Sports,Product_22,1,137.38,137.38,0.2,40.59,Same Day,Net Banking
AMZ100878,2022-02-06 14:00:00,CUST3204,Customer_878,USA,Central,Sports,Product_184,4,137.38,549.52,0.2,162.37,Same Day,Cash on Delivery
AMZ100879,2022-02-06 15:00:00,CUST2120,Customer_879,Australia,Central,Sports,Product_145,4,137.38,549.52,0.2,162.37,Same Day,Credit Card
AMZ100880,2022-02-06 16:00:00,CUST1950,Customer_880,UK,South,Electronics,Product_38,1,137.38,137.38,0.2,40.59,Same Day,Debit Card
AMZ100881,2022-02-06 17:00:00,CUST3336,Customer_881,Canada,South,Electronics,Product_281,3,137.38,412.14,0.2,121.78,Express,Credit Card
AMZ100882,2022-02-06 18:00:00,CUST6373,Customer_882,Australia,South,Clothing,Product_288,4,137.38,549.52,0.2,162.37,Express,UPI
AMZ100883,2022-02-06 19:00:00,CUST3243,Customer_883,USA,East,Beauty,Product_143,3,137.38,412.14,0.2,121.78,Same Day,UPI
AMZ100884,2022-02-06 20:00:00,CUST3645,Customer_884,Canada,West,Beauty,Product_13,4,137.38,549.52,0.2,162.37,Same Day,UPI
AMZ100885,2022-02-06 21:00:00,CUST5612,Customer_885,Australia,East,Beauty,Product_186,3,137.38,412.14,0.2,121.78,Same Day,Cash on Delivery
AMZ100886,2022-02-06 22:00:00,CUST2865,Customer_886,Australia,Central,Beauty,Product_474,3,137.38,412.14,0.2,121.78,Standard,UPI
AMZ100887,2022-02-06 23:00:00,CUST7028,Customer_887,Australia,North,Sports,Product_434,3,137.38,412.14,0.2,121.78,Express,Credit Card
AMZ100888,2022-02-07 00:00:00,CUST8326,Customer_888,India,West,Sports,Product_267,3,137.38,412.14,0.2,121.78,Express,Debit Card
AMZ100889,2022-02-07 01:00:00,CUST7371,Customer_889,UK,North,Electronics,Product_269,1,137.38,137.38,0.2,40.59,Standard,Cash on Delivery
AMZ100890,2022-02-07 02:00:00,CUST7359,Customer_890,Canada,Central,Home & Kitchen,Product_97,4,137.38,549.52,0.2,162.37,Standard,Debit Card
AMZ100891,2022-02-07 03:00:00,CUST8863,Customer_891,Canada,Central,Books,Product_434,3,137.38,412.14,0.2,121.78,Standard,UPI
AMZ100892,2022-02-07 04:00:00,CUST4228,Customer_892,Canada,North,Sports,Product_357,2,137.38,274.76,0.2,81.18,Express,Net Banking
AMZ100893,2022-02-07 05:00:00,CUST4719,Customer_893,Australia,North,Sports,Product_294,4,137.38,549.52,0.2,162.37,Standard,Cash on Delivery
AMZ100894,2022-02-07 06:00:00,CUST3371,Customer_894,UK,North,Sports,Product_1,4,137.38,549.52,0.2,162.37,Standard,UPI
AMZ100895,2022-02-07 07:00:00,CUST3891,Customer_895,USA,Central,Home & Kitchen,Product_295,3,137.38,412.14,0.2,121.78,Standard,Cash on Delivery
AMZ100896,2022-02-07 08:00:00,CUST4756,Customer_896,Canada,South,Home & Kitchen,Product_27,4,137.38,549.52,0.2,162.37,Same Day,Net Banking
AMZ100897,2022-02-07 09:00:00,CUST5225,Customer_897,UK,North,Electronics,Product_36,2,137.38,274.76,0.2,81.18,Standard,Credit Card
AMZ100898,2022-02-07 10:00:00,CUST1094,Customer_898,UK,West,Sports,Product_160,2,137.38,274.76,0.2,81.18,Same Day,Credit Card
AMZ100899,2022-02-07 11:00:00,CUST3674,Customer_899,India,Central,Books,Product_425,2,137.38,274.76,0.2,81.18,Express,Credit Card
AMZ100900,2022-02-07 12:00:00,CUST7898,Customer_900,Canada,East,Beauty,Product_399,4,137.38,549.52,0.2,162.37,Express,Net Banking
AMZ100901,2022-02-07 13:00:00,CUST1793,Customer_901,Australia,East,Sports,Product_31,4,137.38,549.52,0.2,162.37,Express,Debit Card
AMZ100902,2022-02-07 14:00:00,CUST3116,Customer_902,UK,West,Electronics,Product_127,3,137.38,412.14,0.2,121.78,Same Day,Net Banking
AMZ100903,2022-02-07 15:00:00,CUST6779,Customer_903,UK,South,Electronics,Product_262,4,137.38,549.52,0.2,162.37,Standard,Net Banking
AMZ100904,2022-02-07 16:00:00,CUST7166,Customer_904,USA,North,Books,Product_345,4,137.38,549.52,0.2,162.37,Express,UPI
AMZ100905,2022-02-07 17:00:00,CUST1814,Customer_905,India,Central,Clothing,Product_497,3,137.38,412.14,0.2,121.78,Standard,Credit Card
AMZ100906,2022-02-07 18:00:00,CUST1345,Customer_906,UK,North,Electronics,Product_436,2,137.38,274.76,0.2,81.18,Same Day,Cash on Delivery
AMZ100907,2022-02-07 19:00:00,CUST9554,Customer_907,UK,Central,Home & Kitchen,Product_210,3,137.38,412.14,0.2,121.78,Express,Debit Card
AMZ100908,2022-02-07 20:00:00,CUST3443,Customer_908,Australia,East,Home & Kitchen,Product_150,1,137.38,137.38,0.2,40.59,Standard,Cash on Delivery
AMZ100909,2022-02-07 21:00:00,CUST8783,Customer_909,Australia,North,Beauty,Product_31,4,137.38,549.52,0.2,162.37,Standard,UPI
AMZ100910,2022-02-07 22:00:00,CUST1984,Customer_910,USA,West,Electronics,Product_100,4,137.38,549.52,0.2,162.37,Express,UPI
AMZ100911,2022-02-07 23:00:00,CUST8790,Customer_911,USA,South,Beauty,Product_329,1,137.38,137.38,0.2,40.59,Standard,Debit Card
AMZ100912,2022-02-08 00:00:00,CUST1827,Customer_912,USA,West,Electronics,Product_302,1,137.38,137.38,0.2,40.59,Same Day,Cash on Delivery
AMZ100913,2022-02-08 01:00:00,CUST4531,Customer_913,Australia,South,Books,Product_451,1,137.38,137.38,0.2,40.59,Express,Debit Card
AMZ100914,2022-02-08 02:00:00,CUST8147,Customer_914,Australia,North,Sports,Product_353,3,137.38,412.14,0.2,121.78,Express,Debit Card
AMZ100915,2022-02-08 03:00:00,CUST5451,Customer_915,India,North,Electronics,Product_219,2,137.38,274.76,0.2,81.18,Express,Credit Card
AMZ100916,2022-02-08 04:00:00,CUST4876,Customer_916,Canada,South,Clothing,Product_253,3,137.38,412.14,0.2,121.78,Express,Cash on Delivery
AMZ100917,2022-02-08 05:00:00,CUST6959,Customer_917,Canada,East,Home & Kitchen,Product_171,1,137.38,137.38,0.2,40.59,Same Day,Credit Card
AMZ100918,2022-02-08 06:00:00,CUST1126,Customer_918,India,Central,Books,Product_257,3,137.38,412.14,0.2,121.78,Same Day,Credit Card
AMZ100919,2022-02-08 07:00:00,CUST4177,Customer_919,Canada,West,Sports,Product_428,4,137.38,549.52,0.2,162.37,Standard,Credit Card
AMZ100920,2022-02-08 08:00:00,CUST9795,Customer_920,Australia,West,Sports,Product_57,3,137.38,412.14,0.2,121.78,Same Day,Net Banking
AMZ100921,2022-02-08 09:00:00,CUST7024,Customer_921,Canada,West,Home & Kitchen,Product_9,1,137.38,137.38,0.2,40.59,Standard,UPI
AMZ100922,2022-02-08 10:00:00,CUST6109,Customer_922,Australia,North,Sports,Product_5,4,137.38,549.52,0.2,162.37,Standard,UPI
AMZ100923,2022-02-08 11:00:00,CUST5146,Customer_923,India,West,Beauty,Product_335,2,137.38,274.76,0.2,81.18,Express,Net Banking
AMZ100924,2022-02-08 12:00:00,CUST8196,Customer_924,USA,Central,Books,Product_114,3,137.38,412.14,0.2,121.78,Standard,Debit Card
AMZ100925,2022-02-08 13:00:00,CUST4368,Customer_925,India,Central,Clothing,Product_265,3,137.38,412.14,0.2,121.78,Express,Cash on Delivery
AMZ100926,2022-02-08 14:00:00,CUST4797,Customer_926,Canada,South,Home & Kitchen,Product_173,1,137.38,137.38,0.2,40.59,Standard,Cash on Delivery
AMZ100927,2022-02-08 15:00:00,CUST2792,Customer_927,Australia,North,Electronics,Product_220,2,137.38,274.76,0.2,81.18,Same Day,Cash on Delivery
AMZ100928,2022-02-08 16:00:00,CUST6732,Customer_928,Canada,Central,Electronics,Product_205,4,137.38,549.52,0.2,162.37,Express,Credit Card
AMZ100929,2022-02-08 17:00:00,CUST4476,Customer_929,Canada,East,Electronics,Product_24,1,137.38,137.38,0.2,40.59,Standard,Cash on Delivery
AMZ100930,2022-02-08 18:00:00,CUST4417,Customer_930,USA,North,Books,Product_493,1,137.38,137.38,0.2,40.59,Same Day,Cash on Delivery
AMZ100931,2022-02-08 19:00:00,CUST2645,Customer_931,Canada,North,Clothing,Product_458,3,137.38,412.14,0.2,121.78,Same Day,Cash on Delivery
AMZ100932,2022-02-08 20:00:00,CUST4030,Customer_932,USA,Central,Sports,Product_170,2,137.38,274.76,0.2,81.18,Express,UPI
AMZ100933,2022-02-08 21:00:00,CUST3872,Customer_933,Australia,East,Clothing,Product_406,1,137.38,137.38,0.2,40.59,Express,Net Banking
AMZ100934,2022-02-08 22:00:00,CUST4072,Customer_934,Australia,South,Clothing,Product_103,3,137.38,412.14,0.2,121.78,Express,Debit Card
AMZ100935,2022-02-08 23:00:00,CUST2854,Customer_935,USA,Central,Home & Kitchen,Product_60,4,137.38,549.52,0.2,162.37,Standard,Net Banking
AMZ100936,2022-02-09 00:00:00,CUST5021,Customer_936,India,East,Books,Product_86,1,137.38,137.38,0.2,40.59,Express,Cash on Delivery
AMZ100937,2022-02-09 01:00:00,CUST5662,Customer_937,Australia,North,Electronics,Product_255,4,137.38,549.52,0.2,162.37,Same Day,Debit Card
AMZ100938,2022-02-09 02:00:00,CUST7514,Customer_938,India,East,Home & Kitchen,Product_165,4,137.38,549.52,0.2,162.37,Same Day,Debit Card
AMZ100939,2022-02-09 03:00:00,CUST6031,Customer_939,Australia,North,Sports,Product_372,3,137.38,412.14,0.2,121.78,Express,Net Banking
AMZ100940,2022-02-09 04:00:00,CUST3708,Customer_940,Australia,Central,Clothing,Product_167,2,137.38,274.76,0.2,81.18,Express,Net Banking
AMZ100941,2022-02-09 05:00:00,CUST8112,Customer_941,UK,Central,Electronics,Product_84,4,137.38,549.52,0.2,162.37,Same Day,Net Banking
AMZ100942,2022-02-09 06:00:00,CUST9393,Customer_942,Canada,West,Books,Product_458,1,137.38,137.38,0.2,40.59,Standard,Net Banking
AMZ100943,2022-02-09 07:00:00,CUST4507,Customer_943,Canada,West,Beauty,Product_202,2,137.38,274.76,0.2,81.18,Same Day,Credit Card
AMZ100944,2022-02-09 08:00:00,CUST7456,Customer_944,India,West,Clothing,Product_90,2,137.38,274.76,0.2,81.18,Same Day,UPI
AMZ100945,2022-02-09 09:00:00,CUST5212,Customer_945,Canada,Central,Clothing,Product_89,3,137.38,412.14,0.2,121.78,Same Day,UPI
AMZ100946,2022-02-09 10:00:00,CUST8970,Customer_946,India,South,Clothing,Product_437,1,137.38,137.38,0.2,40.59,Express,Cash on Delivery
AMZ100947,2022-02-09 11:00:00,CUST9766,Customer_947,Australia,Central,Clothing,Product_120,1,137.38,137.38,0.2,40.59,Standard,Credit Card
AMZ100948,2022-02-09 12:00:00,CUST1536,Customer_948,UK,East,Electronics,Product_156,3,137.38,412.14,0.2,121.78,Standard,Debit Card
AMZ100949,2022-02-09 13:00:00,CUST2625,Customer_949,UK,Central,Books,Product_461,3,137.38,412.14,0.2,121.78,Express,Net Banking
AMZ100950,2022-02-09 14:00:00,CUST8973,Customer_950,Australia,Central,Home & Kitchen,Product_399,2,137.38,274.76,0.2,81.18,Same Day,Cash on Delivery
AMZ100951,2022-02-09 15:00:00,CUST9577,Customer_951,USA,North,Electronics,Product_188,4,137.38,549.52,0.2,162.37,Express,Debit Card
AMZ100952,2022-02-09 16:00:00,CUST9070,Customer_952,USA,North,Books,Product_188,4,137.38,549.52,0.2,162.37,Express,UPI
AMZ100953,2022-02-09 17:00:00,CUST9666,Customer_953,Canada,North,Home & Kitchen,Product_262,4,137.38,549.52,0.2,162.37,Standard,Debit Card
AMZ100954,2022-02-09 18:00:00,CUST9609,Customer_954,India,Central,Clothing,Product_52,4,137.38,549.52,0.2,162.37,Standard,Net Banking
AMZ100955,2022-02-09 19:00:00,CUST7490,Customer_955,UK,South,Books,Product_140,1,137.38,137.38,0.2,40.59,Express,Net Banking
AMZ100956,2022-02-09 20:00:00,CUST4600,Customer_956,Canada,East,Clothing,Product_19,1,137.38,137.38,0.2,40.59,Express,UPI
AMZ100957,2022-02-09 21:00:00,CUST7783,Customer_957,Australia,East,Books,Product_480,3,137.38,412.14,0.2,121.78,Standard,Net Banking
AMZ100958,2022-02-09 22:00:00,CUST5971,Customer_958,UK,South,Sports,Product_75,3,137.38,412.14,0.2,121.78,Standard,Credit Card
AMZ100959,2022-02-09 23:00:00,CUST2205,Customer_959,India,South,Beauty,Product_230,4,137.38,549.52,0.2,162.37,Same Day,Cash on Delivery
AMZ100960,2022-02-10 00:00:00,CUST2990,Customer_960,India,East,Clothing,Product_481,3,137.38,412.14,0.2,121.78,Express,UPI
AMZ100961,2022-02-10 01:00:00,CUST6299,Customer_961,USA,West,Clothing,Product_130,1,137.38,137.38,0.2,40.59,Same Day,UPI
AMZ100962,2022-02-10 02:00:00,CUST4572,Customer_962,Canada,North,Clothing,Product_55,4,137.38,549.52,0.2,162.37,Same Day,Debit Card
AMZ100963,2022-02-10 03:00:00,CUST6975,Customer_963,Australia,North,Sports,Product_271,4,137.38,549.52,0.2,162.37,Same Day,UPI
AMZ100964,2022-02-10 04:00:00,CUST7320,Customer_964,UK,East,Electronics,Product_448,1,137.38,137.38,0.2,40.59,Standard,Cash on Delivery
AMZ100965,2022-02-10 05:00:00,CUST5380,Customer_965,India,South,Home & Kitchen,Product_100,2,137.38,274.76,0.2,81.18,Same Day,Credit Card
AMZ100966,2022-02-10 06:00:00,CUST5757,Customer_966,UK,West,Clothing,Product_69,4,137.38,549.52,0.2,162.37,Standard,Debit Card
AMZ100967,2022-02-10 07:00:00,CUST3713,Customer_967,Australia,East,Clothing,Product_399,3,137.38,412.14,0.2,121.78,Standard,Cash on Delivery
AMZ100968,2022-02-10 08:00:00,CUST6588,Customer_968,UK,North,Electronics,Product_299,2,137.38,274.76,0.2,81.18,Standard,UPI
AMZ100969,2022-02-10 09:00:00,CUST1966,Customer_969,Canada,Central,Electronics,Product_458,1,137.38,137.38,0.2,40.59,Express,Net Banking
AMZ100970,2022-02-10 10:00:00,CUST5944,Customer_970,USA,South,Beauty,Product_17,2,137.38,274.76,0.2,81.18,Same Day,Net Banking
AMZ100971,2022-02-10 11:00:00,CUST4432,Customer_971,UK,Central,Books,Product_354,2,137.38,274.76,0.2,81.18,Standard,Cash on Delivery
AMZ100972,2022-02-10 12:00:00,CUST1688,Customer_972,USA,East,Clothing,Product_116,4,137.38,549.52,0.2,162.37,Express,Credit Card
AMZ100973,2022-02-10 13:00:00,CUST5243,Customer_973,Australia,North,Books,Product_152,2,137.38,274.76,0.2,81.18,Express,Net Banking
AMZ100974,2022-02-10 14:00:00,CUST4701,Customer_974,USA,West,Electronics,Product_330,3,137.38,412.14,0.2,121.78,Express,Cash on Delivery
AMZ100975,2022-02-10 15:00:00,CUST9533,Customer_975,UK,Central,Electronics,Product_116,4,137.38,549.52,0.2,162.37,Standard,Debit Card
AMZ100976,2022-02-10 16:00:00,CUST6182,Customer_976,UK,West,Beauty,Product_30,1,137.38,137.38,0.2,40.59,Standard,UPI
AMZ100977,2022-02-10 17:00:00,CUST7704,Customer_977,India,North,Home & Kitchen,Product_323,3,137.38,412.14,0.2,121.78,Standard,Credit Card
AMZ100978,2022-02-10 18:00:00,CUST5422,Customer_978,UK,Central,Sports,Product_51,4,137.38,549.52,0.2,162.37,Express,Credit Card
AMZ100979,2022-02-10 19:00:00,CUST2759,Customer_979,USA,West,Sports,Product_60,2,137.38,274.76,0.2,81.18,Standard,Debit Card
AMZ100980,2022-02-10 20:00:00,CUST3482,Customer_980,India,West,Sports,Product_229,3,137.38,412.14,0.2,121.78,Same Day,Credit Card
AMZ100981,2022-02-10 21:00:00,CUST9058,Customer_981,UK,Central,Electronics,Product_259,4,137.38,549.52,0.2,162.37,Standard,Cash on Delivery
AMZ100982,2022-02-10 22:00:00,CUST1951,Customer_982,UK,North,Clothing,Product_360,4,137.38,549.52,0.2,162.37,Standard,Credit Card
AMZ100983,2022-02-10 23:00:00,CUST9914,Customer_983,Australia,West,Beauty,Product_5,1,137.38,137.38,0.2,40.59,Same Day,Credit Card
AMZ100984,2022-02-11 00:00:00,CUST3079,Customer_984,India,East,Home & Kitchen,Product_28,4,137.38,549.52,0.2,162.37,Standard,Credit Card
AMZ100985,2022-02-11 01:00:00,CUST3717,Customer_985,Australia,Central,Sports,Product_254,1,137.38,137.38,0.2,40.59,Standard,Cash on Delivery
AMZ100986,2022-02-11 02:00:00,CUST5524,Customer_986,Australia,South,Beauty,Product_364,2,137.38,274.76,0.2,81.18,Standard,UPI
AMZ100987,2022-02-11 03:00:00,CUST9477,Customer_987,Australia,South,Electronics,Product_462,4,137.38,549.52,0.2,162.37,Standard,Net Banking
AMZ100988,2022-02-11 04:00:00,CUST8311,Customer_988,Canada,North,Sports,Product_231,4,137.38,549.52,0.2,162.37,Express,Credit Card
AMZ100989,2022-02-11 05:00:00,CUST8186,Customer_989,Australia,East,Home & Kitchen,Product_395,2,137.38,274.76,0.2,81.18,Standard,Debit Card
AMZ100990,2022-02-11 06:00:00,CUST3065,Customer_990,USA,West,Books,Product_456,4,137.38,549.52,0.2,162.37,Same Day,Debit Card
AMZ100991,2022-02-11 07:00:00,CUST1768,Customer_991,UK,South,Home & Kitchen,Product_357,4,137.38,549.52,0.2,162.37,Same Day,Cash on Delivery
AMZ100992,2022-02-11 08:00:00,CUST6490,Customer_992,Canada,North,Clothing,Product_200,3,137.38,412.14,0.2,121.78,Express,UPI
AMZ100993,2022-02-11 09:00:00,CUST7645,Customer_993,Australia,East,Sports,Product_332,1,137.38,137.38,0.2,40.59,Standard,Credit Card
AMZ100994,2022-02-11 10:00:00,CUST6083,Customer_994,UK,East,Sports,Product_271,4,137.38,549.52,0.2,162.37,Same Day,Cash on Delivery
AMZ100995,2022-02-11 11:00:00,CUST6232,Customer_995,India,North,Books,Product_339,4,137.38,549.52,0.2,162.37,Express,Net Banking
AMZ100996,2022-02-11 12:00:00,CUST6797,Customer_996,India,North,Books,Product_304,1,137.38,137.38,0.2,40.59,Standard,UPI
AMZ100997,2022-02-11 13:00:00,CUST5926,Customer_997,UK,West,Sports,Product_383,3,137.38,412.14,0.2,121.78,Express,UPI
AMZ100998,2022-02-11 14:00:00,CUST7016,Customer_998,USA,North,Clothing,Product_46,1,137.38,137.38,0.2,40.59,Standard,Cash on Delivery
AMZ100999,2022-02-11 15:00:00,CUST4335,Customer_999,UK,West,Books,Product_28,4,137.38,549.52,0.2,162.37,Express,Debit Card
AMZ101000,2022-02-11 16:00:00,CUST9038,Customer_1000,UK,West,Electronics,Product_7,2,137.38,274.76,0.2,81.18,Express,UPI
AMZ101001,2022-02-11 17:00:00,CUST5873,Customer_1001,Canada,Central,Sports,Product_232,2,137.38,274.76,0.2,81.18,Same Day,Debit Card
AMZ101002,2022-02-11 18:00:00,CUST2481,Customer_1002,India,East,Home & Kitchen,Product_199,3,137.38,412.14,0.2,121.78,Same Day,UPI
AMZ101003,2022-02-11 19:00:00,CUST7305,Customer_1003,India,East,Home & Kitchen,Product_94,3,137.38,412.14,0.2,121.78,Express,UPI
AMZ101004,2022-02-11 20:00:00,CUST4451,Customer_1004,Australia,East,Clothing,Product_82,4,137.38,549.52,0.2,162.37,Standard,UPI
AMZ101005,2022-02-11 21:00:00,CUST1054,Customer_1005,UK,Central,Electronics,Product_88,3,137.38,412.14,0.2,121.78,Standard,Net Banking
AMZ101006,2022-02-11 22:00:00,CUST8643,Customer_1006,UK,West,Books,Product_390,4,137.38,549.52,0.2,162.37,Standard,Debit Card
AMZ101007,2022-02-11 23:00:00,CUST4462,Customer_1007,USA,West,Sports,Product_186,2,137.38,274.76,0.2,81.18,Standard,Net Banking
AMZ101008,2022-02-12 00:00:00,CUST1832,Customer_1008,India,North,Home & Kitchen,Product_243,3,137.38,412.14,0.2,121.78,Standard,Debit Card
AMZ101009,2022-02-12 01:00:00,CUST6954,Customer_1009,USA,Central,Home & Kitchen,Product_68,4,137.38,549.52,0.2,162.37,Same Day,Net Banking
AMZ101010,2022-02-12 02:00:00,CUST9519,Customer_1010,Canada,North,Home & Kitchen,Product_311,1,137.38,137.38,0.2,40.59,Express,Net Banking
AMZ101011,2022-02-12 03:00:00,CUST8221,Customer_1011,Australia,Central,Home & Kitchen,Product_451,3,137.38,412.14,0.2,121.78,Same Day,Net Banking
AMZ101012,2022-02-12 04:00:00,CUST4310,Customer_1012,USA,North,Beauty,Product_433,4,137.38,549.52,0.2,162.37,Standard,Cash on Delivery
AMZ101013,2022-02-12 05:00:00,CUST4300,Customer_1013,India,South,Clothing,Product_374,4,137.38,549.52,0.2,162.37,Express,Net Banking
AMZ101014,2022-02-12 06:00:00,CUST7722,Customer_1014,Canada,East,Books,Product_435,1,137.38,137.38,0.2,40.59,Standard,UPI
AMZ101015,2022-02-12 07:00:00,CUST8218,Customer_1015,UK,East,Sports,Product_187,2,137.38,274.76,0.2,81.18,Standard,Credit Card
AMZ101016,2022-02-12 08:00:00,CUST8776,Customer_1016,Canada,West,Sports,Product_239,1,137.38,137.38,0.2,40.59,Express,Net Banking
AMZ101017,2022-02-12 09:00:00,CUST4675,Customer_1017,USA,South,Sports,Product_390,4,137.38,549.52,0.2,162.37,Standard,Credit Card
AMZ101018,2022-02-12 10:00:00,CUST4054,Customer_1018,India,East,Books,Product_218,1,137.38,137.38,0.2,40.59,Same Day,Credit Card
AMZ101019,2022-02-12 11:00:00,CUST8970,Customer_1019,USA,West,Clothing,Product_108,1,137.38,137.38,0.2,40.59,Same Day,UPI
AMZ101020,2022-02-12 12:00:00,CUST3143,Customer_1020,UK,South,Electronics,Product_307,4,137.38,549.52,0.2,162.37,Same Day,Credit Card
AMZ101021,2022-02-12 13:00:00,CUST6207,Customer_1021,UK,East,Clothing,Product_38,2,137.38,274.76,0.2,81.18,Standard,Credit Card
AMZ101022,2022-02-12 14:00:00,CUST3538,Customer_1022,India,North,Home & Kitchen,Product_395,1,137.38,137.38,0.2,40.59,Same Day,Credit Card
AMZ101023,2022-02-12 15:00:00,CUST5547,Customer_1023,Australia,Central,Home & Kitchen,Product_436,1,137.38,137.38,0.2,40.59,Standard,Debit Card
AMZ101024,2022-02-12 16:00:00,CUST6619,Customer_1024,Canada,South,Clothing,Product_349,3,137.38,412.14,0.2,121.78,Standard,Net Banking
AMZ101025,2022-02-12 17:00:00,CUST9356,Customer_1025,Canada,West,Clothing,Product_276,3,137.38,412.14,0.2,121.78,Same Day,Net Banking
AMZ101026,2022-02-12 18:00:00,CUST7612,Customer_1026,UK,South,Books,Product_10,4,137.38,549.52,0.2,162.37,Same Day,Credit Card
AMZ101027,2022-02-12 19:00:00,CUST6005,Customer_1027,USA,West,Books,Product_26,4,137.38,549.52,0.2,162.37,Standard,UPI
AMZ101028,2022-02-12 20:00:00,CUST1822,Customer_1028,USA,South,Beauty,Product_48,4,137.38,549.52,0.2,162.37,Standard,Debit Card
AMZ101029,2022-02-12 21:00:00,CUST1943,Customer_1029,Australia,West,Sports,Product_347,3,137.38,412.14,0.2,121.78,Standard,UPI
AMZ101030,2022-02-12 22:00:00,CUST7150,Customer_1030,USA,East,Beauty,Product_370,4,137.38,549.52,0.2,162.37,Standard,UPI
AMZ101031,2022-02-12 23:00:00,CUST5425,Customer_1031,Canada,North,Sports,Product_14,1,137.38,137.38,0.2,40.59,Same Day,Credit Card
AMZ101032,2022-02-13 00:00:00,CUST9966,Customer_1032,USA,East,Home & Kitchen,Product_100,1,137.38,137.38,0.2,40.59,Standard,Cash on Delivery
AMZ101033,2022-02-13 01:00:00,CUST3198,Customer_1033,Australia,North,Beauty,Product_187,2,137.38,274.76,0.2,81.18,Standard,Credit Card
AMZ101034,2022-02-13 02:00:00,CUST5242,Customer_1034,Canada,East,Beauty,Product_12,4,137.38,549.52,0.2,162.37,Standard,Cash on Delivery
AMZ101035,2022-02-13 03:00:00,CUST4695,Customer_1035,USA,East,Electronics,Product_372,1,137.38,137.38,0.2,40.59,Standard,Debit Card
AMZ101036,2022-02-13 04:00:00,CUST4452,Customer_1036,Canada,South,Clothing,Product_379,1,137.38,137.38,0.2,40.59,Standard,Cash on Delivery
AMZ101037,2022-02-13 05:00:00,CUST2308,Customer_1037,UK,Central,Books,Product_279,2,137.38,274.76,0.2,81.18,Express,Credit Card
AMZ101038,2022-02-13 06:00:00,CUST5177,Customer_1038,UK,West,Beauty,Product_341,1,137.38,137.38,0.2,40.59,Express,Credit Card
AMZ101039,2022-02-13 07:00:00,CUST9705,Customer_1039,UK,West,Books,Product_328,2,137.38,274.76,0.2,81.18,Express,UPI
AMZ101040,2022-02-13 08:00:00,CUST7852,Customer_1040,USA,West,Sports,Product_167,2,137.38,274.76,0.2,81.18,Same Day,Credit Card
AMZ101041,2022-02-13 09:00:00,CUST7035,Customer_1041,Australia,North,Beauty,Product_122,3,137.38,412.14,0.2,121.78,Standard,Credit Card
AMZ101042,2022-02-13 10:00:00,CUST4594,Customer_1042,Canada,West,Sports,Product_393,1,137.38,137.38,0.2,40.59,Same Day,Net Banking
AMZ101043,2022-02-13 11:00:00,CUST5841,Customer_1043,India,West,Beauty,Product_472,3,137.38,412.14,0.2,121.78,Standard,Net Banking
AMZ101044,2022-02-13 12:00:00,CUST2409,Customer_1044,UK,South,Home & Kitchen,Product_95,1,137.38,137.38,0.2,40.59,Express,UPI
AMZ101045,2022-02-13 13:00:00,CUST5566,Customer_1045,UK,East,Electronics,Product_25,3,137.38,412.14,0.2,121.78,Standard,Cash on Delivery
AMZ101046,2022-02-13 14:00:00,CUST5491,Customer_1046,India,West,Sports,Product_17,2,137.38,274.76,0.2,81.18,Same Day,Cash on Delivery
AMZ101047,2022-02-13 15:00:00,CUST2555,Customer_1047,India,Central,Clothing,Product_426,2,137.38,274.76,0.2,81.18,Same Day,Net Banking
AMZ101048,2022-02-13 16:00:00,CUST1804,Customer_1048,USA,West,Clothing,Product_29,2,137.38,274.76,0.2,81.18,Standard,Debit Card
AMZ101049,2022-02-13 17:00:00,CUST2279,Customer_1049,Canada,North,Home & Kitchen,Product_444,2,137.38,274.76,0.2,81.18,Same Day,Net Banking
AMZ101050,2022-02-13 18:00:00,CUST8083,Customer_1050,UK,North,Home & Kitchen,Product_323,1,137.38,137.38,0.2,40.59,Express,Debit Card
AMZ101051,2022-02-13 19:00:00,CUST6986,Customer_1051,Australia,North,Clothing,Product_341,4,137.38,549.52,0.2,162.37,Standard,Cash on Delivery
AMZ101052,2022-02-13 20:00:00,CUST6619,Customer_1052,USA,West,Sports,Product_313,1,137.38,137.38,0.2,40.59,Express,Net Banking
AMZ101053,2022-02-13 21:00:00,CUST2387,Customer_1053,USA,South,Clothing,Product_72,3,137.38,412.14,0.2,121.78,Express,Credit Card
AMZ101054,2022-02-13 22:00:00,CUST3679,Customer_1054,Australia,Central,Electronics,Product_270,1,137.38,137.38,0.2,40.59,Same Day,Debit Card
AMZ101055,2022-02-13 23:00:00,CUST3106,Customer_1055,Australia,West,Beauty,Product_250,1,137.38,137.38,0.2,40.59,Standard,Debit Card
AMZ101056,2022-02-14 00:00:00,CUST9173,Customer_1056,Australia,South,Electronics,Product_295,3,137.38,412.14,0.2,121.78,Express,Debit Card
AMZ101057,2022-02-14 01:00:00,CUST5223,Customer_1057,India,South,Clothing,Product_144,2,137.38,274.76,0.2,81.18,Express,Cash on Delivery
AMZ101058,2022-02-14 02:00:00,CUST5831,Customer_1058,UK,West,Beauty,Product_274,3,137.38,412.14,0.2,121.78,Standard,UPI
AMZ101059,2022-02-14 03:00:00,CUST3768,Customer_1059,India,West,Clothing,Product_223,3,137.38,412.14,0.2,121.78,Same Day,Credit Card
AMZ101060,2022-02-14 04:00:00,CUST4186,Customer_1060,UK,South,Electronics,Product_75,4,137.38,549.52,0.2,162.37,Express,Net Banking
AMZ101061,2022-02-14 05:00:00,CUST3573,Customer_1061,India,South,Electronics,Product_102,4,137.38,549.52,0.2,162.37,Standard,Debit Card
AMZ101062,2022-02-14 06:00:00,CUST3599,Customer_1062,Canada,South,Sports,Product_20,2,137.38,274.76,0.2,81.18,Standard,Cash on Delivery
AMZ101063,2022-02-14 07:00:00,CUST5033,Customer_1063,UK,West,Sports,Product_117,3,137.38,412.14,0.2,121.78,Express,Debit Card
AMZ101064,2022-02-14 08:00:00,CUST9428,Customer_1064,USA,South,Electronics,Product_174,3,137.38,412.14,0.2,121.78,Express,Net Banking
AMZ101065,2022-02-14 09:00:00,CUST2304,Customer_1065,UK,North,Beauty,Product_373,3,137.38,412.14,0.2,121.78,Express,Credit Card
AMZ101066,2022-02-14 10:00:00,CUST8368,Customer_1066,UK,West,Sports,Product_173,1,137.38,137.38,0.2,40.59,Same Day,Debit Card
AMZ101067,2022-02-14 11:00:00,CUST6877,Customer_1067,UK,North,Sports,Product_4,4,137.38,549.52,0.2,162.37,Same Day,Cash on Delivery
AMZ101068,2022-02-14 12:00:00,CUST2301,Customer_1068,Canada,East,Books,Product_340,4,137.38,549.52,0.2,162.37,Standard,Cash on Delivery
AMZ101069,2022-02-14 13:00:00,CUST3541,Customer_1069,India,West,Books,Product_479,2,137.38,274.76,0.2,81.18,Standard,UPI
AMZ101070,2022-02-14 14:00:00,CUST3051,Customer_1070,USA,East,Sports,Product_148,4,137.38,549.52,0.2,162.37,Express,Cash on Delivery
AMZ101071,2022-02-14 15:00:00,CUST7809,Customer_1071,India,South,Clothing,Product_395,4,137.38,549.52,0.2,162.37,Standard,UPI
AMZ101072,2022-02-14 16:00:00,CUST9633,Customer_1072,India,South,Beauty,Product_114,2,137.38,274.76,0.2,81.18,Same Day,Credit Card
AMZ101073,2022-02-14 17:00:00,CUST9996,Customer_1073,Australia,Central,Home & Kitchen,Product_321,3,137.38,412.14,0.2,121.78,Standard,Net Banking
AMZ101074,2022-02-14 18:00:00,CUST1074,Customer_1074,Canada,South,Sports,Product_492,1,137.38,137.38,0.2,40.59,Standard,UPI
AMZ101075,2022-02-14 19:00:00,CUST7981,Customer_1075,Australia,East,Books,Product_402,2,137.38,274.76,0.2,81.18,Express,Debit Card
AMZ101076,2022-02-14 20:00:00,CUST6475,Customer_1076,Canada,South,Beauty,Product_167,4,137.38,549.52,0.2,162.37,Express,Debit Card
AMZ101077,2022-02-14 21:00:00,CUST9232,Customer_1077,India,West,Beauty,Product_300,2,137.38,274.76,0.2,81.18,Same Day,Net Banking
AMZ101078,2022-02-14 22:00:00,CUST8184,Customer_1078,India,South,Books,Product_481,4,137.38,549.52,0.2,162.37,Standard,Cash on Delivery
AMZ101079,2022-02-14 23:00:00,CUST6796,Customer_1079,Canada,Central,Beauty,Product_118,3,137.38,412.14,0.2,121.78,Standard,Debit Card
AMZ101080,2022-02-15 00:00:00,CUST8141,Customer_1080,India,South,Beauty,Product_100,3,137.38,412.14,0.2,121.78,Standard,UPI
AMZ101081,2022-02-15 01:00:00,CUST2622,Customer_1081,India,East,Books,Product_274,3,137.38,412.14,0.2,121.78,Express,Net Banking
AMZ101082,2022-02-15 02:00:00,CUST9041,Customer_1082,USA,East,Electronics,Product_175,4,137.38,549.52,0.2,162.37,Same Day,Debit Card
AMZ101083,2022-02-15 03:00:00,CUST1341,Customer_1083,Australia,South,Sports,Product_159,2,137.38,274.76,0.2,81.18,Standard,Cash on Delivery
AMZ101084,2022-02-15 04:00:00,CUST3074,Customer_1084,Australia,East,Clothing,Product_384,4,137.38,549.52,0.2,162.37,Standard,Cash on Delivery
AMZ101085,2022-02-15 05:00:00,CUST8992,Customer_1085,Australia,East,Home & Kitchen,Product_227,3,137.38,412.14,0.2,121.78,Standard,Debit Card
AMZ101086,2022-02-15 06:00:00,CUST1645,Customer_1086,UK,Central,Clothing,Product_423,3,137.38,412.14,0.2,121.78,Standard,Net Banking
AMZ101087,2022-02-15 07:00:00,CUST5263,Customer_1087,USA,West,Electronics,Product_38,3,137.38,412.14,0.2,121.78,Same Day,Credit Card
AMZ101088,2022-02-15 08:00:00,CUST9801,Customer_1088,Australia,Central,Electronics,Product_463,4,137.38,549.52,0.2,162.37,Same Day,Debit Card
AMZ101089,2022-02-15 09:00:00,CUST7136,Customer_1089,Australia,North,Beauty,Product_431,1,137.38,137.38,0.2,40.59,Same Day,Cash on Delivery
AMZ101090,2022-02-15 10:00:00,CUST9646,Customer_1090,USA,Central,Clothing,Product_198,3,137.38,412.14,0.2,121.78,Express,Credit Card
AMZ101091,2022-02-15 11:00:00,CUST3969,Customer_1091,India,South,Electronics,Product_136,2,137.38,274.76,0.2,81.18,Standard,Net Banking
AMZ101092,2022-02-15 12:00:00,CUST4028,Customer_1092,Australia,West,Clothing,Product_104,3,137.38,412.14,0.2,121.78,Standard,Cash on Delivery
AMZ101093,2022-02-15 13:00:00,CUST8643,Customer_1093,India,South,Electronics,Product_470,4,137.38,549.52,0.2,162.37,Standard,Net Banking
AMZ101094,2022-02-15 14:00:00,CUST3681,Customer_1094,Australia,North,Home & Kitchen,Product_193,2,137.38,274.76,0.2,81.18,Standard,Debit Card
AMZ101095,2022-02-15 15:00:00,CUST4629,Customer_1095,Canada,West,Electronics,Product_250,4,137.38,549.52,0.2,162.37,Same Day,Net Banking
AMZ101096,2022-02-15 16:00:00,CUST5225,Customer_1096,UK,East,Clothing,Product_13,1,137.38,137.38,0.2,40.59,Express,Cash on Delivery
AMZ101097,2022-02-15 17:00:00,CUST4067,Customer_1097,Australia,Central,Beauty,Product_55,1,137.38,137.38,0.2,40.59,Express,Debit Card
AMZ101098,2022-02-15 18:00:00,CUST6941,Customer_1098,Canada,South,Clothing,Product_344,4,137.38,549.52,0.2,162.37,Standard,Cash on Delivery
AMZ101099,2022-02-15 19:00:00,CUST2386,Customer_1099,USA,North,Books,Product_85,3,137.38,412.14,0.2,121.78,Same Day,Cash on Delivery
AMZ101100,2022-02-15 20:00:00,CUST3866,Customer_1100,Canada,East,Clothing,Product_109,2,137.38,274.76,0.2,81.18,Express,Credit Card
AMZ101101,2022-02-15 21:00:00,CUST5788,Customer_1101,USA,Central,Home & Kitchen,Product_43,3,137.38,412.14,0.2,121.78,Express,UPI
AMZ101102,2022-02-15 22:00:00,CUST6490,Customer_1102,Australia,East,Sports,Product_388,4,137.38,549.52,0.2,162.37,Standard,Net Banking
AMZ101103,2022-02-15 23:00:00,CUST5124,Customer_1103,USA,Central,Home & Kitchen,Product_71,4,137.38,549.52,0.2,162.37,Express,Net Banking
AMZ101104,2022-02-16 00:00:00,CUST9340,Customer_1104,Canada,West,Home & Kitchen,Product_444,3,137.38,412.14,0.2,121.78,Standard,Credit Card
AMZ101105,2022-02-16 01:00:00,CUST4850,Customer_1105,UK,East,Electronics,Product_268,2,137.38,274.76,0.2,81.18,Same Day,Net Banking
AMZ101106,2022-02-16 02:00:00,CUST6415,Customer_1106,India,East,Home & Kitchen,Product_59,2,137.38,274.76,0.2,81.18,Standard,Credit Card
AMZ101107,2022-02-16 03:00:00,CUST8679,Customer_1107,India,East,Clothing,Product_461,2,137.38,274.76,0.2,81.18,Express,Net Banking
AMZ101108,2022-02-16 04:00:00,CUST7819,Customer_1108,UK,West,Sports,Product_438,2,137.38,274.76,0.2,81.18,Standard,Net Banking
AMZ101109,2022-02-16 05:00:00,CUST9378,Customer_1109,India,North,Beauty,Product_44,2,137.38,274.76,0.2,81.18,Standard,Cash on Delivery
AMZ101110,2022-02-16 06:00:00,CUST2333,Customer_1110,Australia,Central,Home & Kitchen,Product_272,1,137.38,137.38,0.2,40.59,Standard,Credit Card
AMZ101111,2022-02-16 07:00:00,CUST5150,Customer_1111,Australia,East,Clothing,Product_390,1,137.38,137.38,0.2,40.59,Standard,Net Banking
AMZ101112,2022-02-16 08:00:00,CUST7766,Customer_1112,Canada,West,Electronics,Product_14,4,137.38,549.52,0.2,162.37,Standard,UPI
AMZ101113,2022-02-16 09:00:00,CUST3711,Customer_1113,Canada,North,Electronics,Product_371,1,137.38,137.38,0.2,40.59,Standard,Credit Card
AMZ101114,2022-02-16 10:00:00,CUST5853,Customer_1114,USA,Central,Beauty,Product_112,2,137.38,274.76,0.2,81.18,Express,Credit Card
AMZ101115,2022-02-16 11:00:00,CUST7212,Customer_1115,Canada,West,Beauty,Product_379,2,137.38,274.76,0.2,81.18,Standard,Credit Card
AMZ101116,2022-02-16 12:00:00,CUST8479,Customer_1116,Australia,Central,Clothing,Product_314,2,137.38,274.76,0.2,81.18,Express,Cash on Delivery
AMZ101117,2022-02-16 13:00:00,CUST6408,Customer_1117,Canada,East,Beauty,Product_415,4,137.38,549.52,0.2,162.37,Standard,Credit Card
AMZ101118,2022-02-16 14:00:00,CUST8715,Customer_1118,India,North,Beauty,Product_228,4,137.38,549.52,0.2,162.37,Same Day,Cash on Delivery
AMZ101119,2022-02-16 15:00:00,CUST9942,Customer_1119,USA,West,Electronics,Product_485,3,137.38,412.14,0.2,121.78,Standard,UPI
AMZ101120,2022-02-16 16:00:00,CUST2762,Customer_1120,USA,North,Clothing,Product_169,1,137.38,137.38,0.2,40.59,Express,Debit Card
AMZ101121,2022-02-16 17:00:00,CUST8101,Customer_1121,Australia,East,Sports,Product_376,1,137.38,137.38,0.2,40.59,Express,Cash on Delivery
AMZ101122,2022-02-16 18:00:00,CUST8674,Customer_1122,Canada,North,Beauty,Product_291,3,137.38,412.14,0.2,121.78,Same Day,Net Banking
AMZ101123,2022-02-16 19:00:00,CUST7122,Customer_1123,India,North,Clothing,Product_246,3,137.38,412.14,0.2,121.78,Standard,Credit Card
AMZ101124,2022-02-16 20:00:00,CUST1481,Customer_1124,Canada,South,Home & Kitchen,Product_266,1,137.38,137.38,0.2,40.59,Same Day,Debit Card
AMZ101125,2022-02-16 21:00:00,CUST1153,Customer_1125,UK,North,Electronics,Product_337,2,137.38,274.76,0.2,81.18,Standard,Cash on Delivery
AMZ101126,2022-02-16 22:00:00,CUST8617,Customer_1126,Canada,Central,Sports,Product_243,1,137.38,137.38,0.2,40.59,Standard,Net Banking
AMZ101127,2022-02-16 23:00:00,CUST2524,Customer_1127,Australia,West,Electronics,Product_490,2,137.38,274.76,0.2,81.18,Express,Debit Card
AMZ101128,2022-02-17 00:00:00,CUST3120,Customer_1128,Canada,South,Electronics,Product_158,4,137.38,549.52,0.2,162.37,Same Day,UPI
AMZ101129,2022-02-17 01:00:00,CUST3343,Customer_1129,USA,West,Books,Product_300,1,137.38,137.38,0.2,40.59,Same Day,Cash on Delivery
AMZ101130,2022-02-17 02:00:00,CUST6136,Customer_1130,India,West,Clothing,Product_439,1,137.38,137.38,0.2,40.59,Express,Cash on Delivery
AMZ101131,2022-02-17 03:00:00,CUST6760,Customer_1131,Australia,East,Home & Kitchen,Product_327,4,137.38,549.52,0.2,162.37,Express,UPI
AMZ101132,2022-02-17 04:00:00,CUST2240,Customer_1132,UK,East,Beauty,Product_18,4,137.38,549.52,0.2,162.37,Same Day,Cash on Delivery
AMZ101133,2022-02-17 05:00:00,CUST1060,Customer_1133,India,South,Home & Kitchen,Product_83,4,137.38,549.52,0.2,162.37,Express,Credit Card
AMZ101134,2022-02-17 06:00:00,CUST2639,Customer_1134,India,East,Clothing,Product_335,4,137.38,549.52,0.2,162.37,Standard,Cash on Delivery
AMZ101135,2022-02-17 07:00:00,CUST7185,Customer_1135,USA,East,Electronics,Product_231,4,137.38,549.52,0.2,162.37,Same Day,Credit Card
AMZ101136,2022-02-17 08:00:00,CUST8970,Customer_1136,USA,East,Books,Product_492,3,137.38,412.14,0.2,121.78,Same Day,Cash on Delivery
AMZ101137,2022-02-17 09:00:00,CUST2252,Customer_1137,USA,West,Clothing,Product_342,3,137.38,412.14,0.2,121.78,Express,Net Banking
AMZ101138,2022-02-17 10:00:00,CUST5203,Customer_1138,Australia,South,Sports,Product_253,4,137.38,549.52,0.2,162.37,Standard,Net Banking
AMZ101139,2022-02-17 11:00:00,CUST9363,Customer_1139,Canada,West,Sports,Product_167,4,137.38,549.52,0.2,162.37,Same Day,Debit Card
AMZ101140,2022-02-17 12:00:00,CUST4549,Customer_1140,India,Central,Clothing,Product_42,4,137.38,549.52,0.2,162.37,Same Day,Net Banking
AMZ101141,2022-02-17 13:00:00,CUST5197,Customer_1141,Canada,West,Beauty,Product_249,4,137.38,549.52,0.2,162.37,Standard,UPI
AMZ101142,2022-02-17 14:00:00,CUST8009,Customer_1142,Canada,Central,Home & Kitchen,Product_248,2,137.38,274.76,0.2,81.18,Express,Debit Card
AMZ101143,2022-02-17 15:00:00,CUST7667,Customer_1143,USA,North,Home & Kitchen,Product_438,2,137.38,274.76,0.2,81.18,Express,Net Banking
AMZ101144,2022-02-17 16:00:00,CUST3322,Customer_1144,Canada,North,Beauty,Product_380,4,137.38,549.52,0.2,162.37,Express,Credit Card
AMZ101145,2022-02-17 17:00:00,CUST5090,Customer_1145,India,Central,Books,Product_286,4,137.38,549.52,0.2,162.37,Express,Cash on Delivery
AMZ101146,2022-02-17 18:00:00,CUST7960,Customer_1146,India,Central,Electronics,Product_20,1,137.38,137.38,0.2,40.59,Standard,Net Banking
AMZ101147,2022-02-17 19:00:00,CUST4004,Customer_1147,UK,West,Electronics,Product_382,4,137.38,549.52,0.2,162.37,Standard,Credit Card
AMZ101148,2022-02-17 20:00:00,CUST6136,Customer_1148,Australia,Central,Sports,Product_352,4,137.38,549.52,0.2,162.37,Same Day,Debit Card
AMZ101149,2022-02-17 21:00:00,CUST1329,Customer_1149,Canada,South,Books,Product_381,3,137.38,412.14,0.2,121.78,Same Day,Cash on Delivery
AMZ101150,2022-02-17 22:00:00,CUST4640,Customer_1150,Australia,North,Beauty,Product_42,2,137.38,274.76,0.2,81.18,Standard,Net Banking
AMZ101151,2022-02-17 23:00:00,CUST8982,Customer_1151,Australia,North,Clothing,Product_345,4,137.38,549.52,0.2,162.37,Same Day,Debit Card
AMZ101152,2022-02-18 00:00:00,CUST5107,Customer_1152,Australia,Central,Home & Kitchen,Product_87,2,137.38,274.76,0.2,81.18,Standard,Net Banking
AMZ101153,2022-02-18 01:00:00,CUST2341,Customer_1153,Australia,East,Clothing,Product_261,2,137.38,274.76,0.2,81.18,Express,Debit Card
AMZ101154,2022-02-18 02:00:00,CUST9407,Customer_1154,India,East,Home & Kitchen,Product_306,1,137.38,137.38,0.2,40.59,Standard,Net Banking
AMZ101155,2022-02-18 03:00:00,CUST1338,Customer_1155,Canada,Central,Clothing,Product_297,2,137.38,274.76,0.2,81.18,Standard,Credit Card
AMZ101156,2022-02-18 04:00:00,CUST6895,Customer_1156,UK,South,Beauty,Product_350,2,137.38,274.76,0.2,81.18,Same Day,UPI
AMZ101157,2022-02-18 05:00:00,CUST3708,Customer_1157,Australia,East,Beauty,Product_240,4,137.38,549.52,0.2,162.37,Standard,Credit Card
AMZ101158,2022-02-18 06:00:00,CUST2750,Customer_1158,UK,Central,Books,Product_167,3,137.38,412.14,0.2,121.78,Express,Cash on Delivery
AMZ101159,2022-02-18 07:00:00,CUST6604,Customer_1159,India,South,Clothing,Product_313,4,137.38,549.52,0.2,162.37,Express,Net Banking
AMZ101160,2022-02-18 08:00:00,CUST3421,Customer_1160,India,South,Clothing,Product_219,4,137.38,549.52,0.2,162.37,Same Day,UPI
AMZ101161,2022-02-18 09:00:00,CUST8119,Customer_1161,USA,West,Books,Product_441,3,137.38,412.14,0.2,121.78,Same Day,UPI
AMZ101162,2022-02-18 10:00:00,CUST9901,Customer_1162,Australia,South,Books,Product_490,3,137.38,412.14,0.2,121.78,Standard,Cash on Delivery
AMZ101163,2022-02-18 11:00:00,CUST6319,Customer_1163,USA,East,Beauty,Product_421,1,137.38,137.38,0.2,40.59,Same Day,Cash on Delivery
AMZ101164,2022-02-18 12:00:00,CUST7609,Customer_1164,UK,East,Beauty,Product_391,3,137.38,412.14,0.2,121.78,Express,UPI
AMZ101165,2022-02-18 13:00:00,CUST6387,Customer_1165,Canada,Central,Sports,Product_133,4,137.38,549.52,0.2,162.37,Same Day,Cash on Delivery
AMZ101166,2022-02-18 14:00:00,CUST4993,Customer_1166,USA,Central,Clothing,Product_207,3,137.38,412.14,0.2,121.78,Same Day,Cash on Delivery
AMZ101167,2022-02-18 15:00:00,CUST9680,Customer_1167,India,South,Beauty,Product_51,3,137.38,412.14,0.2,121.78,Express,Net Banking
AMZ101168,2022-02-18 16:00:00,CUST9044,Customer_1168,Australia,North,Beauty,Product_106,3,137.38,412.14,0.2,121.78,Standard,Credit Card
AMZ101169,2022-02-18 17:00:00,CUST9238,Customer_1169,UK,West,Clothing,Product_392,2,137.38,274.76,0.2,81.18,Standard,Debit Card
AMZ101170,2022-02-18 18:00:00,CUST5873,Customer_1170,India,North,Books,Product_184,1,137.38,137.38,0.2,40.59,Same Day,UPI
AMZ101171,2022-02-18 19:00:00,CUST5806,Customer_1171,Canada,South,Clothing,Product_201,2,137.38,274.76,0.2,81.18,Express,Debit Card
AMZ101172,2022-02-18 20:00:00,CUST9592,Customer_1172,Australia,South,Electronics,Product_11,2,137.38,274.76,0.2,81.18,Express,UPI
AMZ101173,2022-02-18 21:00:00,CUST6913,Customer_1173,Canada,North,Clothing,Product_254,1,137.38,137.38,0.2,40.59,Express,UPI
AMZ101174,2022-02-18 22:00:00,CUST8124,Customer_1174,Canada,West,Electronics,Product_150,2,137.38,274.76,0.2,81.18,Standard,Credit Card
AMZ101175,2022-02-18 23:00:00,CUST4157,Customer_1175,Australia,North,Clothing,Product_354,3,137.38,412.14,0.2,121.78,Express,UPI
AMZ101176,2022-02-19 00:00:00,CUST1390,Customer_1176,Australia,Central,Electronics,Product_355,1,137.38,137.38,0.2,40.59,Express,UPI
AMZ101177,2022-02-19 01:00:00,CUST5430,Customer_1177,Canada,East,Electronics,Product_461,2,137.38,274.76,0.2,81.18,Standard,Credit Card
AMZ101178,2022-02-19 02:00:00,CUST9820,Customer_1178,UK,Central,Clothing,Product_395,4,137.38,549.52,0.2,162.37,Express,Cash on Delivery
AMZ101179,2022-02-19 03:00:00,CUST8686,Customer_1179,Australia,East,Sports,Product_444,2,137.38,274.76,0.2,81.18,Standard,Debit Card
AMZ101180,2022-02-19 04:00:00,CUST5232,Customer_1180,India,South,Beauty,Product_96,4,137.38,549.52,0.2,162.37,Same Day,UPI
AMZ101181,2022-02-19 05:00:00,CUST9007,Customer_1181,USA,West,Home & Kitchen,Product_106,3,137.38,412.14,0.2,121.78,Same Day,Credit Card
AMZ101182,2022-02-19 06:00:00,CUST2521,Customer_1182,UK,North,Beauty,Product_143,4,137.38,549.52,0.2,162.37,Same Day,UPI
AMZ101183,2022-02-19 07:00:00,CUST2500,Customer_1183,Australia,West,Electronics,Product_166,2,137.38,274.76,0.2,81.18,Same Day,Credit Card
AMZ101184,2022-02-19 08:00:00,CUST7737,Customer_1184,Australia,North,Clothing,Product_1,2,137.38,274.76,0.2,81.18,Same Day,Debit Card
AMZ101185,2022-02-19 09:00:00,CUST4294,Customer_1185,UK,Central,Clothing,Product_46,2,137.38,274.76,0.2,81.18,Standard,Net Banking
AMZ101186,2022-02-19 10:00:00,CUST6085,Customer_1186,USA,Central,Clothing,Product_242,1,137.38,137.38,0.2,40.59,Standard,Cash on Delivery
AMZ101187,2022-02-19 11:00:00,CUST3419,Customer_1187,Canada,North,Clothing,Product_344,1,137.38,137.38,0.2,40.59,Standard,Net Banking
AMZ101188,2022-02-19 12:00:00,CUST4042,Customer_1188,India,West,Sports,Product_427,2,137.38,274.76,0.2,81.18,Express,Credit Card
AMZ101189,2022-02-19 13:00:00,CUST5497,Customer_1189,Australia,North,Home & Kitchen,Product_488,2,137.38,274.76,0.2,81.18,Same Day,UPI
AMZ101190,2022-02-19 14:00:00,CUST2466,Customer_1190,USA,South,Books,Product_278,3,137.38,412.14,0.2,121.78,Express,Cash on Delivery
AMZ101191,2022-02-19 15:00:00,CUST4561,Customer_1191,India,Central,Electronics,Product_3,1,137.38,137.38,0.2,40.59,Express,Debit Card
AMZ101192,2022-02-19 16:00:00,CUST1614,Customer_1192,UK,South,Home & Kitchen,Product_142,1,137.38,137.38,0.2,40.59,Express,Cash on Delivery
AMZ101193,2022-02-19 17:00:00,CUST6392,Customer_1193,Australia,Central,Beauty,Product_386,1,137.38,137.38,0.2,40.59,Same Day,UPI
AMZ101194,2022-02-19 18:00:00,CUST8693,Customer_1194,Canada,Central,Books,Product_61,4,137.38,549.52,0.2,162.37,Express,Net Banking
AMZ101195,2022-02-19 19:00:00,CUST4223,Customer_1195,UK,East,Books,Product_416,2,137.38,274.76,0.2,81.18,Same Day,Credit Card
AMZ101196,2022-02-19 20:00:00,CUST8138,Customer_1196,Australia,South,Clothing,Product_496,3,137.38,412.14,0.2,121.78,Same Day,Net Banking
AMZ101197,2022-02-19 21:00:00,CUST3667,Customer_1197,USA,South,Home & Kitchen,Product_294,3,137.38,412.14,0.2,121.78,Same Day,Cash on Delivery
AMZ101198,2022-02-19 22:00:00,CUST8980,Customer_1198,India,East,Beauty,Product_225,2,137.38,274.76,0.2,81.18,Express,UPI
AMZ101199,2022-02-19 23:00:00,CUST1130,Customer_1199,India,West,Clothing,Product_302,2,137.38,274.76,0.2,81.18,Same Day,Credit Card
AMZ101200,2022-02-20 00:00:00,CUST3983,Customer_1200,Australia,South,Clothing,Product_170,3,137.38,412.14,0.2,121.78,Same Day,UPI
AMZ101201,2022-02-20 01:00:00,CUST5278,Customer_1201,UK,North,Sports,Product_134,4,137.38,549.52,0.2,162.37,Standard,UPI
AMZ101202,2022-02-20 02:00:00,CUST8126,Customer_1202,Canada,East,Electronics,Product_41,3,137.38,412.14,0.2,121.78,Express,Cash on Delivery
AMZ101203,2022-02-20 03:00:00,CUST9230,Customer_1203,USA,South,Books,Product_231,4,137.38,549.52,0.2,162.37,Standard,Net Banking
AMZ101204,2022-02-20 04:00:00,CUST8694,Customer_1204,Australia,West,Beauty,Product_409,4,137.38,549.52,0.2,162.37,Standard,UPI
AMZ101205,2022-02-20 05:00:00,CUST7640,Customer_1205,USA,South,Books,Product_226,1,137.38,137.38,0.2,40.59,Express,UPI
AMZ101206,2022-02-20 06:00:00,CUST6468,Customer_1206,India,Central,Home & Kitchen,Product_139,2,137.38,274.76,0.2,81.18,Standard,UPI
AMZ101207,2022-02-20 07:00:00,CUST1920,Customer_1207,Canada,North,Electronics,Product_110,1,137.38,137.38,0.2,40.59,Same Day,Credit Card
AMZ101208,2022-02-20 08:00:00,CUST8564,Customer_1208,USA,East,Clothing,Product_485,4,137.38,549.52,0.2,162.37,Standard,UPI
AMZ101209,2022-02-20 09:00:00,CUST9684,Customer_1209,Australia,Central,Electronics,Product_297,3,137.38,412.14,0.2,121.78,Standard,UPI
AMZ101210,2022-02-20 10:00:00,CUST9502,Customer_1210,Canada,West,Clothing,Product_455,1,137.38,137.38,0.2,40.59,Same Day,Cash on Delivery
AMZ101211,2022-02-20 11:00:00,CUST9930,Customer_1211,UK,Central,Electronics,Product_57,3,137.38,412.14,0.2,121.78,Standard,UPI
AMZ101212,2022-02-20 12:00:00,CUST4241,Customer_1212,Australia,Central,Clothing,Product_430,4,137.38,549.52,0.2,162.37,Same Day,UPI
AMZ101213,2022-02-20 13:00:00,CUST1545,Customer_1213,USA,West,Books,Product_123,3,137.38,412.14,0.2,121.78,Express,Cash on Delivery
AMZ101214,2022-02-20 14:00:00,CUST5346,Customer_1214,Canada,Central,Books,Product_240,1,137.38,137.38,0.2,40.59,Standard,Credit Card
AMZ101215,2022-02-20 15:00:00,CUST4810,Customer_1215,Australia,East,Books,Product_86,4,137.38,549.52,0.2,162.37,Express,Net Banking
AMZ101216,2022-02-20 16:00:00,CUST8206,Customer_1216,Canada,South,Books,Product_176,2,137.38,274.76,0.2,81.18,Standard,Cash on Delivery
AMZ101217,2022-02-20 17:00:00,CUST3032,Customer_1217,Canada,Central,Electronics,Product_63,1,137.38,137.38,0.2,40.59,Same Day,Credit Card
AMZ101218,2022-02-20 18:00:00,CUST9436,Customer_1218,Canada,East,Clothing,Product_39,1,137.38,137.38,0.2,40.59,Standard,Net Banking
AMZ101219,2022-02-20 19:00:00,CUST1271,Customer_1219,USA,South,Books,Product_138,2,137.38,274.76,0.2,81.18,Express,UPI
AMZ101220,2022-02-20 20:00:00,CUST4511,Customer_1220,Australia,South,Electronics,Product_469,4,137.38,549.52,0.2,162.37,Same Day,Cash on Delivery
AMZ101221,2022-02-20 21:00:00,CUST2771,Customer_1221,India,Central,Clothing,Product_454,2,137.38,274.76,0.2,81.18,Same Day,UPI
AMZ101222,2022-02-20 22:00:00,CUST5361,Customer_1222,India,East,Electronics,Product_241,1,137.38,137.38,0.2,40.59,Express,Cash on Delivery
AMZ101223,2022-02-20 23:00:00,CUST8069,Customer_1223,USA,Central,Sports,Product_449,4,137.38,549.52,0.2,162.37,Express,Net Banking
AMZ101224,2022-02-21 00:00:00,CUST1920,Customer_1224,USA,West,Books,Product_226,3,137.38,412.14,0.2,121.78,Standard,Credit Card
AMZ101225,2022-02-21 01:00:00,CUST9190,Customer_1225,Canada,South,Home & Kitchen,Product_443,1,137.38,137.38,0.2,40.59,Standard,Cash on Delivery
AMZ101226,2022-02-21 02:00:00,CUST4430,Customer_1226,Australia,Central,Electronics,Product_206,3,137.38,412.14,0.2,121.78,Same Day,Credit Card
AMZ101227,2022-02-21 03:00:00,CUST5435,Customer_1227,Australia,South,Books,Product_164,2,137.38,274.76,0.2,81.18,Express,UPI
AMZ101228,2022-02-21 04:00:00,CUST4760,Customer_1228,UK,East,Beauty,Product_27,4,137.38,549.52,0.2,162.37,Express,UPI
AMZ101229,2022-02-21 05:00:00,CUST3050,Customer_1229,UK,North,Clothing,Product_457,2,137.38,274.76,0.2,81.18,Standard,Net Banking
AMZ101230,2022-02-21 06:00:00,CUST2165,Customer_1230,India,Central,Sports,Product_183,3,137.38,412.14,0.2,121.78,Standard,Net Banking
AMZ101231,2022-02-21 07:00:00,CUST9567,Customer_1231,UK,Central,Books,Product_198,1,137.38,137.38,0.2,40.59,Same Day,Debit Card
AMZ101232,2022-02-21 08:00:00,CUST3033,Customer_1232,UK,South,Beauty,Product_479,4,137.38,549.52,0.2,162.37,Express,Debit Card
AMZ101233,2022-02-21 09:00:00,CUST7467,Customer_1233,India,East,Electronics,Product_337,2,137.38,274.76,0.2,81.18,Express,Net Banking
AMZ101234,2022-02-21 10:00:00,CUST1145,Customer_1234,India,West,Electronics,Product_437,3,137.38,412.14,0.2,121.78,Express,UPI
AMZ101235,2022-02-21 11:00:00,CUST5388,Customer_1235,UK,East,Beauty,Product_107,3,137.38,412.14,0.2,121.78,Express,Credit Card
AMZ101236,2022-02-21 12:00:00,CUST8832,Customer_1236,Australia,Central,Sports,Product_444,1,137.38,137.38,0.2,40.59,Standard,Net Banking
AMZ101237,2022-02-21 13:00:00,CUST9623,Customer_1237,UK,West,Beauty,Product_189,3,137.38,412.14,0.2,121.78,Standard,Credit Card
AMZ101238,2022-02-21 14:00:00,CUST9896,Customer_1238,Canada,East,Clothing,Product_36,4,137.38,549.52,0.2,162.37,Standard,Debit Card
AMZ101239,2022-02-21 15:00:00,CUST9173,Customer_1239,Canada,North,Electronics,Product_85,3,137.38,412.14,0.2,121.78,Same Day,Credit Card
AMZ101240,2022-02-21 16:00:00,CUST3632,Customer_1240,Canada,South,Beauty,Product_155,1,137.38,137.38,0.2,40.59,Express,Net Banking
AMZ101241,2022-02-21 17:00:00,CUST5494,Customer_1241,USA,East,Home & Kitchen,Product_169,2,137.38,274.76,0.2,81.18,Standard,UPI
AMZ101242,2022-02-21 18:00:00,CUST9056,Customer_1242,Canada,East,Home & Kitchen,Product_284,4,137.38,549.52,0.2,162.37,Express,Net Banking
AMZ101243,2022-02-21 19:00:00,CUST8511,Customer_1243,Australia,North,Beauty,Product_272,2,137.38,274.76,0.2,81.18,Standard,Cash on Delivery
AMZ101244,2022-02-21 20:00:00,CUST2828,Customer_1244,USA,Central,Clothing,Product_35,2,137.38,274.76,0.2,81.18,Same Day,Cash on Delivery
AMZ101245,2022-02-21 21:00:00,CUST5805,Customer_1245,USA,South,Electronics,Product_420,3,137.38,412.14,0.2,121.78,Standard,Cash on Delivery
AMZ101246,2022-02-21 22:00:00,CUST1806,Customer_1246,Canada,East,Home & Kitchen,Product_184,3,137.38,412.14,0.2,121.78,Same Day,UPI
AMZ101247,2022-02-21 23:00:00,CUST8486,Customer_1247,UK,West,Beauty,Product_99,1,137.38,137.38,0.2,40.59,Express,Net Banking
AMZ101248,2022-02-22 00:00:00,CUST9202,Customer_1248,India,East,Beauty,Product_237,3,137.38,412.14,0.2,121.78,Standard,Cash on Delivery
AMZ101249,2022-02-22 01:00:00,CUST2868,Customer_1249,UK,South,Books,Product_403,3,137.38,412.14,0.2,121.78,Standard,Net Banking
AMZ101250,2022-02-22 02:00:00,CUST8878,Customer_1250,UK,East,Beauty,Product_441,2,137.38,274.76,0.2,81.18,Standard,Debit Card
AMZ101251,2022-02-22 03:00:00,CUST6690,Customer_1251,USA,North,Clothing,Product_469,4,137.38,549.52,0.2,162.37,Express,Cash on Delivery
AMZ101252,2022-02-22 04:00:00,CUST8827,Customer_1252,USA,East,Home & Kitchen,Product_122,3,137.38,412.14,0.2,121.78,Same Day,Cash on Delivery
AMZ101253,2022-02-22 05:00:00,CUST6429,Customer_1253,USA,East,Books,Product_417,4,137.38,549.52,0.2,162.37,Same Day,UPI
AMZ101254,2022-02-22 06:00:00,CUST4564,Customer_1254,Australia,West,Home & Kitchen,Product_23,3,137.38,412.14,0.2,121.78,Standard,Net Banking
AMZ101255,2022-02-22 07:00:00,CUST2389,Customer_1255,Australia,North,Home & Kitchen,Product_375,3,137.38,412.14,0.2,121.78,Express,UPI
AMZ101256,2022-02-22 08:00:00,CUST8274,Customer_1256,India,North,Clothing,Product_63,1,137.38,137.38,0.2,40.59,Same Day,UPI
AMZ101257,2022-02-22 09:00:00,CUST1824,Customer_1257,USA,East,Beauty,Product_326,3,137.38,412.14,0.2,121.78,Same Day,Net Banking
AMZ101258,2022-02-22 10:00:00,CUST3265,Customer_1258,Canada,West,Clothing,Product_480,1,137.38,137.38,0.2,40.59,Same Day,Debit Card
AMZ101259,2022-02-22 11:00:00,CUST1936,Customer_1259,USA,East,Beauty,Product_150,2,137.38,274.76,0.2,81.18,Same Day,Net Banking
AMZ101260,2022-02-22 12:00:00,CUST7402,Customer_1260,Australia,East,Books,Product_195,4,137.38,549.52,0.2,162.37,Same Day,Debit Card
AMZ101261,2022-02-22 13:00:00,CUST4845,Customer_1261,USA,South,Clothing,Product_483,3,137.38,412.14,0.2,121.78,Standard,UPI
AMZ101262,2022-02-22 14:00:00,CUST2796,Customer_1262,Australia,South,Clothing,Product_80,1,137.38,137.38,0.2,40.59,Standard,Debit Card
AMZ101263,2022-02-22 15:00:00,CUST9245,Customer_1263,USA,West,Sports,Product_490,2,137.38,274.76,0.2,81.18,Standard,Debit Card
AMZ101264,2022-02-22 16:00:00,CUST8214,Customer_1264,Canada,Central,Electronics,Product_315,3,137.38,412.14,0.2,121.78,Same Day,Debit Card
AMZ101265,2022-02-22 17:00:00,CUST1726,Customer_1265,India,South,Clothing,Product_153,1,137.38,137.38,0.2,40.59,Same Day,Cash on Delivery
AMZ101266,2022-02-22 18:00:00,CUST3736,Customer_1266,Canada,Central,Sports,Product_17,1,137.38,137.38,0.2,40.59,Same Day,Cash on Delivery
AMZ101267,2022-02-22 19:00:00,CUST2913,Customer_1267,Australia,North,Electronics,Product_39,2,137.38,274.76,0.2,81.18,Standard,UPI
AMZ101268,2022-02-22 20:00:00,CUST8657,Customer_1268,UK,South,Beauty,Product_333,3,137.38,412.14,0.2,121.78,Same Day,Net Banking
AMZ101269,2022-02-22 21:00:00,CUST3466,Customer_1269,Canada,South,Beauty,Product_348,3,137.38,412.14,0.2,121.78,Standard,Debit Card
AMZ101270,2022-02-22 22:00:00,CUST8312,Customer_1270,USA,West,Beauty,Product_459,4,137.38,549.52,0.2,162.37,Same Day,Cash on Delivery
AMZ101271,2022-02-22 23:00:00,CUST9194,Customer_1271,India,Central,Sports,Product_202,3,137.38,412.14,0.2,121.78,Standard,Net Banking
AMZ101272,2022-02-23 00:00:00,CUST8906,Customer_1272,USA,South,Sports,Product_423,1,137.38,137.38,0.2,40.59,Express,Debit Card
AMZ101273,2022-02-23 01:00:00,CUST5876,Customer_1273,USA,South,Electronics,Product_280,4,137.38,549.52,0.2,162.37,Same Day,Net Banking
AMZ101274,2022-02-23 02:00:00,CUST8287,Customer_1274,Canada,West,Beauty,Product_422,4,137.38,549.52,0.2,162.37,Same Day,Credit Card
AMZ101275,2022-02-23 03:00:00,CUST1892,Customer_1275,India,West,Home & Kitchen,Product_88,3,137.38,412.14,0.2,121.78,Standard,Debit Card
AMZ101276,2022-02-23 04:00:00,CUST5675,Customer_1276,UK,Central,Clothing,Product_481,4,137.38,549.52,0.2,162.37,Same Day,Net Banking
AMZ101277,2022-02-23 05:00:00,CUST2933,Customer_1277,USA,North,Sports,Product_465,1,137.38,137.38,0.2,40.59,Standard,Debit Card
AMZ101278,2022-02-23 06:00:00,CUST2380,Customer_1278,India,North,Sports,Product_441,1,137.38,137.38,0.2,40.59,Standard,Debit Card
AMZ101279,2022-02-23 07:00:00,CUST2290,Customer_1279,UK,East,Sports,Product_300,2,137.38,274.76,0.2,81.18,Express,Credit Card
AMZ101280,2022-02-23 08:00:00,CUST2640,Customer_1280,USA,South,Electronics,Product_292,1,137.38,137.38,0.2,40.59,Express,Net Banking
AMZ101281,2022-02-23 09:00:00,CUST8490,Customer_1281,India,Central,Beauty,Product_355,2,137.38,274.76,0.2,81.18,Same Day,UPI
AMZ101282,2022-02-23 10:00:00,CUST2218,Customer_1282,Canada,South,Home & Kitchen,Product_70,4,137.38,549.52,0.2,162.37,Same Day,Cash on Delivery
AMZ101283,2022-02-23 11:00:00,CUST6016,Customer_1283,USA,Central,Clothing,Product_378,2,137.38,274.76,0.2,81.18,Standard,Debit Card
AMZ101284,2022-02-23 12:00:00,CUST7881,Customer_1284,USA,Central,Clothing,Product_124,3,137.38,412.14,0.2,121.78,Standard,Debit Card
AMZ101285,2022-02-23 13:00:00,CUST1954,Customer_1285,India,Central,Beauty,Product_80,2,137.38,274.76,0.2,81.18,Standard,Debit Card
AMZ101286,2022-02-23 14:00:00,CUST8291,Customer_1286,USA,South,Home & Kitchen,Product_45,3,137.38,412.14,0.2,121.78,Standard,Debit Card
AMZ101287,2022-02-23 15:00:00,CUST1974,Customer_1287,UK,West,Electronics,Product_476,4,137.38,549.52,0.2,162.37,Same Day,Cash on Delivery
AMZ101288,2022-02-23 16:00:00,CUST5133,Customer_1288,USA,South,Sports,Product_233,2,137.38,274.76,0.2,81.18,Express,UPI
AMZ101289,2022-02-23 17:00:00,CUST6370,Customer_1289,Australia,Central,Sports,Product_480,1,137.38,137.38,0.2,40.59,Same Day,Credit Card
AMZ101290,2022-02-23 18:00:00,CUST4972,Customer_1290,UK,East,Beauty,Product_154,3,137.38,412.14,0.2,121.78,Same Day,UPI
AMZ101291,2022-02-23 19:00:00,CUST6295,Customer_1291,India,North,Clothing,Product_395,4,137.38,549.52,0.2,162.37,Same Day,Cash on Delivery
AMZ101292,2022-02-23 20:00:00,CUST9228,Customer_1292,UK,Central,Sports,Product_180,1,137.38,137.38,0.2,40.59,Express,Net Banking
AMZ101293,2022-02-23 21:00:00,CUST4020,Customer_1293,Australia,East,Clothing,Product_409,3,137.38,412.14,0.2,121.78,Same Day,Credit Card
AMZ101294,2022-02-23 22:00:00,CUST9987,Customer_1294,Australia,West,Clothing,Product_31,4,137.38,549.52,0.2,162.37,Express,Credit Card
AMZ101295,2022-02-23 23:00:00,CUST5036,Customer_1295,USA,Central,Beauty,Product_85,4,137.38,549.52,0.2,162.37,Standard,Net Banking
AMZ101296,2022-02-24 00:00:00,CUST6068,Customer_1296,USA,East,Books,Product_45,1,137.38,137.38,0.2,40.59,Same Day,Debit Card
AMZ101297,2022-02-24 01:00:00,CUST6233,Customer_1297,Canada,Central,Books,Product_371,4,137.38,549.52,0.2,162.37,Standard,Cash on Delivery
AMZ101298,2022-02-24 02:00:00,CUST1317,Customer_1298,UK,South,Books,Product_323,2,137.38,274.76,0.2,81.18,Standard,Net Banking
AMZ101299,2022-02-24 03:00:00,CUST3396,Customer_1299,Canada,East,Home & Kitchen,Product_332,4,137.38,549.52,0.2,162.37,Standard,UPI
AMZ101300,2022-02-24 04:00:00,CUST3162,Customer_1300,Australia,South,Beauty,Product_243,3,137.38,412.14,0.2,121.78,Same Day,UPI
AMZ101301,2022-02-24 05:00:00,CUST3745,Customer_1301,USA,South,Clothing,Product_40,3,137.38,412.14,0.2,121.78,Standard,Net Banking
AMZ101302,2022-02-24 06:00:00,CUST2591,Customer_1302,USA,East,Sports,Product_430,3,137.38,412.14,0.2,121.78,Same Day,Cash on Delivery
AMZ101303,2022-02-24 07:00:00,CUST7183,Customer_1303,USA,North,Home & Kitchen,Product_182,2,137.38,274.76,0.2,81.18,Standard,Credit Card
AMZ101304,2022-02-24 08:00:00,CUST4930,Customer_1304,India,East,Books,Product_297,1,137.38,137.38,0.2,40.59,Same Day,Credit Card
AMZ101305,2022-02-24 09:00:00,CUST2312,Customer_1305,Australia,North,Electronics,Product_473,2,137.38,274.76,0.2,81.18,Same Day,Debit Card
AMZ101306,2022-02-24 10:00:00,CUST5311,Customer_1306,USA,Central,Home & Kitchen,Product_376,2,137.38,274.76,0.2,81.18,Same Day,Cash on Delivery
AMZ101307,2022-02-24 11:00:00,CUST8314,Customer_1307,Australia,Central,Home & Kitchen,Product_81,2,137.38,274.76,0.2,81.18,Standard,UPI
AMZ101308,2022-02-24 12:00:00,CUST3383,Customer_1308,USA,East,Beauty,Product_38,4,137.38,549.52,0.2,162.37,Same Day,UPI
AMZ101309,2022-02-24 13:00:00,CUST4239,Customer_1309,UK,Central,Sports,Product_356,1,137.38,137.38,0.2,40.59,Standard,Debit Card
AMZ101310,2022-02-24 14:00:00,CUST3139,Customer_1310,Australia,West,Home & Kitchen,Product_420,4,137.38,549.52,0.2,162.37,Express,UPI
AMZ101311,2022-02-24 15:00:00,CUST2704,Customer_1311,Canada,South,Sports,Product_467,2,137.38,274.76,0.2,81.18,Standard,Debit Card
AMZ101312,2022-02-24 16:00:00,CUST7924,Customer_1312,India,South,Beauty,Product_428,3,137.38,412.14,0.2,121.78,Standard,Debit Card
AMZ101313,2022-02-24 17:00:00,CUST1362,Customer_1313,Canada,North,Electronics,Product_57,2,137.38,274.76,0.2,81.18,Same Day,Net Banking
AMZ101314,2022-02-24 18:00:00,CUST3604,Customer_1314,Australia,Central,Clothing,Product_322,1,137.38,137.38,0.2,40.59,Standard,Credit Card
AMZ101315,2022-02-24 19:00:00,CUST5286,Customer_1315,USA,North,Clothing,Product_465,3,137.38,412.14,0.2,121.78,Express,Cash on Delivery
AMZ101316,2022-02-24 20:00:00,CUST4738,Customer_1316,Australia,South,Books,Product_30,1,137.38,137.38,0.2,40.59,Same Day,Cash on Delivery
AMZ101317,2022-02-24 21:00:00,CUST3469,Customer_1317,India,South,Books,Product_495,2,137.38,274.76,0.2,81.18,Standard,Credit Card
AMZ101318,2022-02-24 22:00:00,CUST5795,Customer_1318,Australia,Central,Electronics,Product_266,1,137.38,137.38,0.2,40.59,Standard,Cash on Delivery
AMZ101319,2022-02-24 23:00:00,CUST7150,Customer_1319,USA,West,Clothing,Product_227,4,137.38,549.52,0.2,162.37,Same Day,UPI
AMZ101320,2022-02-25 00:00:00,CUST1556,Customer_1320,Canada,West,Books,Product_317,3,137.38,412.14,0.2,121.78,Same Day,UPI
AMZ101321,2022-02-25 01:00:00,CUST3808,Customer_1321,UK,Central,Sports,Product_447,1,137.38,137.38,0.2,40.59,Standard,Cash on Delivery
AMZ101322,2022-02-25 02:00:00,CUST6150,Customer_1322,Canada,Central,Home & Kitchen,Product_292,3,137.38,412.14,0.2,121.78,Standard,Net Banking
AMZ101323,2022-02-25 03:00:00,CUST8561,Customer_1323,USA,North,Beauty,Product_54,3,137.38,412.14,0.2,121.78,Same Day,Cash on Delivery
AMZ101324,2022-02-25 04:00:00,CUST3719,Customer_1324,USA,Central,Books,Product_97,2,137.38,274.76,0.2,81.18,Same Day,Debit Card
AMZ101325,2022-02-25 05:00:00,CUST7506,Customer_1325,India,West,Electronics,Product_449,2,137.38,274.76,0.2,81.18,Express,Debit Card
AMZ101326,2022-02-25 06:00:00,CUST4741,Customer_1326,Australia,Central,Clothing,Product_466,3,137.38,412.14,0.2,121.78,Express,Credit Card
AMZ101327,2022-02-25 07:00:00,CUST4998,Customer_1327,Australia,North,Electronics,Product_4,1,137.38,137.38,0.2,40.59,Express,UPI
AMZ101328,2022-02-25 08:00:00,CUST3403,Customer_1328,Canada,North,Beauty,Product_439,3,137.38,412.14,0.2,121.78,Same Day,Net Banking
AMZ101329,2022-02-25 09:00:00,CUST9780,Customer_1329,UK,North,Beauty,Product_310,2,137.38,274.76,0.2,81.18,Same Day,Cash on Delivery
AMZ101330,2022-02-25 10:00:00,CUST1294,Customer_1330,UK,North,Electronics,Product_367,1,137.38,137.38,0.2,40.59,Same Day,Debit Card
AMZ101331,2022-02-25 11:00:00,CUST6343,Customer_1331,India,East,Books,Product_91,3,137.38,412.14,0.2,121.78,Standard,UPI
AMZ101332,2022-02-25 12:00:00,CUST2136,Customer_1332,USA,Central,Books,Product_89,2,137.38,274.76,0.2,81.18,Same Day,UPI
AMZ101333,2022-02-25 13:00:00,CUST3064,Customer_1333,India,South,Clothing,Product_320,3,137.38,412.14,0.2,121.78,Standard,Net Banking
AMZ101334,2022-02-25 14:00:00,CUST8009,Customer_1334,Australia,Central,Sports,Product_375,3,137.38,412.14,0.2,121.78,Same Day,Net Banking
AMZ101335,2022-02-25 15:00:00,CUST5543,Customer_1335,USA,East,Clothing,Product_92,3,137.38,412.14,0.2,121.78,Same Day,Net Banking
AMZ101336,2022-02-25 16:00:00,CUST2007,Customer_1336,India,North,Home & Kitchen,Product_150,1,137.38,137.38,0.2,40.59,Standard,Net Banking
AMZ101337,2022-02-25 17:00:00,CUST6445,Customer_1337,Canada,East,Sports,Product_234,2,137.38,274.76,0.2,81.18,Same Day,Debit Card
AMZ101338,2022-02-25 18:00:00,CUST6352,Customer_1338,Australia,West,Home & Kitchen,Product_409,2,137.38,274.76,0.2,81.18,Same Day,Net Banking
AMZ101339,2022-02-25 19:00:00,CUST2435,Customer_1339,UK,West,Clothing,Product_337,4,137.38,549.52,0.2,162.37,Same Day,UPI
AMZ101340,2022-02-25 20:00:00,CUST1571,Customer_1340,India,Central,Sports,Product_59,3,137.38,412.14,0.2,121.78,Express,UPI
AMZ101341,2022-02-25 21:00:00,CUST3382,Customer_1341,Australia,Central,Sports,Product_185,3,137.38,412.14,0.2,121.78,Same Day,Cash on Delivery
AMZ101342,2022-02-25 22:00:00,CUST6084,Customer_1342,Australia,South,Home & Kitchen,Product_438,4,137.38,549.52,0.2,162.37,Standard,UPI
AMZ101343,2022-02-25 23:00:00,CUST1277,Customer_1343,UK,South,Electronics,Product_44,3,137.38,412.14,0.2,121.78,Standard,UPI
AMZ101344,2022-02-26 00:00:00,CUST8059,Customer_1344,UK,West,Books,Product_180,1,137.38,137.38,0.2,40.59,Standard,Debit Card
AMZ101345,2022-02-26 01:00:00,CUST2887,Customer_1345,UK,North,Sports,Product_76,4,137.38,549.52,0.2,162.37,Same Day,UPI
AMZ101346,2022-02-26 02:00:00,CUST2265,Customer_1346,India,East,Sports,Product_144,2,137.38,274.76,0.2,81.18,Standard,Credit Card
AMZ101347,2022-02-26 03:00:00,CUST8491,Customer_1347,UK,South,Home & Kitchen,Product_101,3,137.38,412.14,0.2,121.78,Express,UPI
AMZ101348,2022-02-26 04:00:00,CUST2040,Customer_1348,Canada,South,Sports,Product_381,2,137.38,274.76,0.2,81.18,Standard,Cash on Delivery
AMZ101349,2022-02-26 05:00:00,CUST9073,Customer_1349,Australia,North,Home & Kitchen,Product_272,3,137.38,412.14,0.2,121.78,Same Day,Cash on Delivery
AMZ101350,2022-02-26 06:00:00,CUST3752,Customer_1350,UK,North,Electronics,Product_465,4,137.38,549.52,0.2,162.37,Express,Net Banking
AMZ101351,2022-02-26 07:00:00,CUST9213,Customer_1351,Australia,Central,Sports,Product_55,2,137.38,274.76,0.2,81.18,Standard,Debit Card
AMZ101352,2022-02-26 08:00:00,CUST5569,Customer_1352,USA,East,Beauty,Product_189,3,137.38,412.14,0.2,121.78,Express,Cash on Delivery
AMZ101353,2022-02-26 09:00:00,CUST7353,Customer_1353,USA,North,Clothing,Product_351,1,137.38,137.38,0.2,40.59,Standard,Credit Card
AMZ101354,2022-02-26 10:00:00,CUST3353,Customer_1354,UK,South,Electronics,Product_335,4,137.38,549.52,0.2,162.37,Same Day,Credit Card
AMZ101355,2022-02-26 11:00:00,CUST8437,Customer_1355,Australia,South,Beauty,Product_77,3,137.38,412.14,0.2,121.78,Express,Net Banking
AMZ101356,2022-02-26 12:00:00,CUST5799,Customer_1356,USA,West,Electronics,Product_296,3,137.38,412.14,0.2,121.78,Standard,Debit Card
AMZ101357,2022-02-26 13:00:00,CUST1686,Customer_1357,UK,North,Books,Product_219,3,137.38,412.14,0.2,121.78,Standard,Debit Card
AMZ101358,2022-02-26 14:00:00,CUST9476,Customer_1358,Australia,Central,Electronics,Product_277,4,137.38,549.52,0.2,162.37,Express,UPI
AMZ101359,2022-02-26 15:00:00,CUST5811,Customer_1359,UK,East,Electronics,Product_66,3,137.38,412.14,0.2,121.78,Express,Credit Card
AMZ101360,2022-02-26 16:00:00,CUST9954,Customer_1360,Australia,Central,Books,Product_136,3,137.38,412.14,0.2,121.78,Express,Credit Card
AMZ101361,2022-02-26 17:00:00,CUST6346,Customer_1361,USA,South,Sports,Product_234,2,137.38,274.76,0.2,81.18,Express,Credit Card
AMZ101362,2022-02-26 18:00:00,CUST6043,Customer_1362,UK,Central,Clothing,Product_199,2,137.38,274.76,0.2,81.18,Standard,Credit Card
AMZ101363,2022-02-26 19:00:00,CUST3428,Customer_1363,USA,South,Beauty,Product_266,4,137.38,549.52,0.2,162.37,Standard,Cash on Delivery
AMZ101364,2022-02-26 20:00:00,CUST6126,Customer_1364,UK,South,Home & Kitchen,Product_441,4,137.38,549.52,0.2,162.37,Standard,Debit Card
AMZ101365,2022-02-26 21:00:00,CUST9220,Customer_1365,India,South,Clothing,Product_388,1,137.38,137.38,0.2,40.59,Same Day,UPI
AMZ101366,2022-02-26 22:00:00,CUST8813,Customer_1366,USA,South,Electronics,Product_43,3,137.38,412.14,0.2,121.78,Express,Cash on Delivery
AMZ101367,2022-02-26 23:00:00,CUST4356,Customer_1367,USA,South,Home & Kitchen,Product_361,2,137.38,274.76,0.2,81.18,Standard,Debit Card
AMZ101368,2022-02-27 00:00:00,CUST9707,Customer_1368,Canada,West,Books,Product_228,2,137.38,274.76,0.2,81.18,Express,Net Banking
AMZ101369,2022-02-27 01:00:00,CUST8266,Customer_1369,USA,Central,Clothing,Product_227,3,137.38,412.14,0.2,121.78,Express,Credit Card
AMZ101370,2022-02-27 02:00:00,CUST7540,Customer_1370,Australia,West,Sports,Product_63,3,137.38,412.14,0.2,121.78,Standard,UPI
AMZ101371,2022-02-27 03:00:00,CUST1038,Customer_1371,UK,West,Beauty,Product_171,4,137.38,549.52,0.2,162.37,Express,Debit Card
AMZ101372,2022-02-27 04:00:00,CUST4342,Customer_1372,India,North,Clothing,Product_451,1,137.38,137.38,0.2,40.59,Express,Net Banking
AMZ101373,2022-02-27 05:00:00,CUST3844,Customer_1373,Australia,North,Clothing,Product_250,1,137.38,137.38,0.2,40.59,Express,Credit Card
AMZ101374,2022-02-27 06:00:00,CUST2098,Customer_1374,Australia,North,Sports,Product_338,4,137.38,549.52,0.2,162.37,Express,Net Banking
AMZ101375,2022-02-27 07:00:00,CUST8027,Customer_1375,Australia,East,Home & Kitchen,Product_250,4,137.38,549.52,0.2,162.37,Express,Net Banking
AMZ101376,2022-02-27 08:00:00,CUST2823,Customer_1376,Australia,North,Books,Product_307,2,137.38,274.76,0.2,81.18,Standard,Cash on Delivery
AMZ101377,2022-02-27 09:00:00,CUST4155,Customer_1377,India,Central,Sports,Product_238,4,137.38,549.52,0.2,162.37,Standard,Net Banking
AMZ101378,2022-02-27 10:00:00,CUST4093,Customer_1378,Canada,West,Books,Product_56,1,137.38,137.38,0.2,40.59,Express,Cash on Delivery
AMZ101379,2022-02-27 11:00:00,CUST6658,Customer_1379,USA,Central,Sports,Product_171,2,137.38,274.76,0.2,81.18,Express,Cash on Delivery
AMZ101380,2022-02-27 12:00:00,CUST4778,Customer_1380,Australia,North,Clothing,Product_408,1,137.38,137.38,0.2,40.59,Express,Net Banking
AMZ101381,2022-02-27 13:00:00,CUST3896,Customer_1381,USA,East,Books,Product_480,3,137.38,412.14,0.2,121.78,Same Day,Debit Card
AMZ101382,2022-02-27 14:00:00,CUST1988,Customer_1382,USA,East,Home & Kitchen,Product_34,1,137.38,137.38,0.2,40.59,Express,Net Banking
AMZ101383,2022-02-27 15:00:00,CUST5116,Customer_1383,Australia,West,Home & Kitchen,Product_315,2,137.38,274.76,0.2,81.18,Same Day,Net Banking
AMZ101384,2022-02-27 16:00:00,CUST7446,Customer_1384,Canada,Central,Beauty,Product_130,1,137.38,137.38,0.2,40.59,Same Day,Debit Card
AMZ101385,2022-02-27 17:00:00,CUST5179,Customer_1385,USA,South,Books,Product_130,2,137.38,274.76,0.2,81.18,Same Day,Credit Card
AMZ101386,2022-02-27 18:00:00,CUST2682,Customer_1386,UK,Central,Beauty,Product_394,2,137.38,274.76,0.2,81.18,Standard,UPI
AMZ101387,2022-02-27 19:00:00,CUST6626,Customer_1387,USA,North,Sports,Product_151,4,137.38,549.52,0.2,162.37,Same Day,Credit Card
AMZ101388,2022-02-27 20:00:00,CUST8424,Customer_1388,Australia,South,Electronics,Product_143,1,137.38,137.38,0.2,40.59,Express,Net Banking
AMZ101389,2022-02-27 21:00:00,CUST1933,Customer_1389,India,East,Home & Kitchen,Product_118,4,137.38,549.52,0.2,162.37,Express,Credit Card
AMZ101390,2022-02-27 22:00:00,CUST4598,Customer_1390,USA,West,Clothing,Product_204,4,137.38,549.52,0.2,162.37,Standard,UPI
AMZ101391,2022-02-27 23:00:00,CUST2980,Customer_1391,Canada,West,Home & Kitchen,Product_384,1,137.38,137.38,0.2,40.59,Standard,Credit Card
AMZ101392,2022-02-28 00:00:00,CUST4056,Customer_1392,UK,East,Electronics,Product_235,2,137.38,274.76,0.2,81.18,Express,UPI
AMZ101393,2022-02-28 01:00:00,CUST9984,Customer_1393,UK,North,Clothing,Product_17,3,137.38,412.14,0.2,121.78,Standard,Credit Card
AMZ101394,2022-02-28 02:00:00,CUST1791,Customer_1394,India,East,Books,Product_82,1,137.38,137.38,0.2,40.59,Standard,Cash on Delivery
AMZ101395,2022-02-28 03:00:00,CUST6390,Customer_1395,India,North,Books,Product_14,4,137.38,549.52,0.2,162.37,Same Day,Net Banking
AMZ101396,2022-02-28 04:00:00,CUST7635,Customer_1396,USA,South,Home & Kitchen,Product_81,4,137.38,549.52,0.2,162.37,Same Day,UPI
AMZ101397,2022-02-28 05:00:00,CUST3255,Customer_1397,Australia,East,Clothing,Product_207,2,137.38,274.76,0.2,81.18,Standard,Net Banking
AMZ101398,2022-02-28 06:00:00,CUST4610,Customer_1398,Canada,North,Sports,Product_204,4,137.38,549.52,0.2,162.37,Express,Cash on Delivery
AMZ101399,2022-02-28 07:00:00,CUST2607,Customer_1399,UK,South,Clothing,Product_379,3,137.38,412.14,0.2,121.78,Same Day,Credit Card
AMZ101400,2022-02-28 08:00:00,CUST6179,Customer_1400,India,East,Beauty,Product_272,4,137.38,549.52,0.2,162.37,Express,Net Banking
AMZ101401,2022-02-28 09:00:00,CUST7573,Customer_1401,Canada,West,Electronics,Product_32,2,137.38,274.76,0.2,81.18,Standard,Credit Card
AMZ101402,2022-02-28 10:00:00,CUST1984,Customer_1402,Australia,East,Books,Product_23,1,137.38,137.38,0.2,40.59,Express,Credit Card
AMZ101403,2022-02-28 11:00:00,CUST6776,Customer_1403,UK,Central,Home & Kitchen,Product_102,2,137.38,274.76,0.2,81.18,Express,Net Banking
AMZ101404,2022-02-28 12:00:00,CUST4676,Customer_1404,UK,East,Clothing,Product_162,4,137.38,549.52,0.2,162.37,Express,UPI
AMZ101405,2022-02-28 13:00:00,CUST4380,Customer_1405,Australia,Central,Books,Product_98,2,137.38,274.76,0.2,81.18,Express,UPI
AMZ101406,2022-02-28 14:00:00,CUST9711,Customer_1406,UK,South,Home & Kitchen,Product_144,4,137.38,549.52,0.2,162.37,Standard,Net Banking
AMZ101407,2022-02-28 15:00:00,CUST9782,Customer_1407,Australia,East,Books,Product_418,2,137.38,274.76,0.2,81.18,Standard,UPI
AMZ101408,2022-02-28 16:00:00,CUST2050,Customer_1408,UK,South,Home & Kitchen,Product_104,1,137.38,137.38,0.2,40.59,Same Day,Debit Card
AMZ101409,2022-02-28 17:00:00,CUST4633,Customer_1409,USA,South,Books,Product_382,4,137.38,549.52,0.2,162.37,Same Day,Credit Card
AMZ101410,2022-02-28 18:00:00,CUST7342,Customer_1410,Australia,North,Sports,Product_455,3,137.38,412.14,0.2,121.78,Same Day,Net Banking
AMZ101411,2022-02-28 19:00:00,CUST1959,Customer_1411,Canada,South,Beauty,Product_417,3,137.38,412.14,0.2,121.78,Same Day,Cash on Delivery
AMZ101412,2022-02-28 20:00:00,CUST7059,Customer_1412,USA,South,Electronics,Product_324,3,137.38,412.14,0.2,121.78,Express,Net Banking
AMZ101413,2022-02-28 21:00:00,CUST9884,Customer_1413,Canada,East,Books,Product_171,3,137.38,412.14,0.2,121.78,Same Day,Net Banking
AMZ101414,2022-02-28 22:00:00,CUST6655,Customer_1414,UK,East,Electronics,Product_64,4,137.38,549.52,0.2,162.37,Same Day,Credit Card
AMZ101415,2022-02-28 23:00:00,CUST5473,Customer_1415,Canada,West,Books,Product_244,4,137.38,549.52,0.2,162.37,Express,Cash on Delivery
AMZ101416,2022-03-01 00:00:00,CUST3946,Customer_1416,USA,North,Clothing,Product_71,1,137.38,137.38,0.2,40.59,Standard,Credit Card
AMZ101417,2022-03-01 01:00:00,CUST8725,Customer_1417,Australia,South,Beauty,Product_274,2,137.38,274.76,0.2,81.18,Same Day,UPI
AMZ101418,2022-03-01 02:00:00,CUST1526,Customer_1418,India,North,Sports,Product_452,4,137.38,549.52,0.2,162.37,Standard,Net Banking
AMZ101419,2022-03-01 03:00:00,CUST4224,Customer_1419,Canada,Central,Beauty,Product_369,3,137.38,412.14,0.2,121.78,Same Day,Credit Card
AMZ101420,2022-03-01 04:00:00,CUST2875,Customer_1420,India,South,Electronics,Product_125,4,137.38,549.52,0.2,162.37,Standard,Debit Card
AMZ101421,2022-03-01 05:00:00,CUST2763,Customer_1421,Canada,North,Clothing,Product_383,3,137.38,412.14,0.2,121.78,Same Day,Net Banking
AMZ101422,2022-03-01 06:00:00,CUST9712,Customer_1422,Canada,West,Home & Kitchen,Product_317,1,137.38,137.38,0.2,40.59,Standard,UPI
AMZ101423,2022-03-01 07:00:00,CUST6797,Customer_1423,Australia,West,Beauty,Product_331,2,137.38,274.76,0.2,81.18,Standard,Credit Card
AMZ101424,2022-03-01 08:00:00,CUST8099,Customer_1424,UK,South,Sports,Product_107,4,137.38,549.52,0.2,162.37,Same Day,Credit Card
AMZ101425,2022-03-01 09:00:00,CUST6109,Customer_1425,USA,Central,Clothing,Product_148,2,137.38,274.76,0.2,81.18,Standard,Debit Card
AMZ101426,2022-03-01 10:00:00,CUST7644,Customer_1426,USA,West,Clothing,Product_395,3,137.38,412.14,0.2,121.78,Same Day,UPI
AMZ101427,2022-03-01 11:00:00,CUST1116,Customer_1427,USA,West,Electronics,Product_463,3,137.38,412.14,0.2,121.78,Same Day,Debit Card
AMZ101428,2022-03-01 12:00:00,CUST3433,Customer_1428,UK,Central,Sports,Product_430,2,137.38,274.76,0.2,81.18,Express,Net Banking
AMZ101429,2022-03-01 13:00:00,CUST6463,Customer_1429,India,North,Clothing,Product_192,1,137.38,137.38,0.2,40.59,Same Day,Cash on Delivery
AMZ101430,2022-03-01 14:00:00,CUST1583,Customer_1430,USA,West,Clothing,Product_337,2,137.38,274.76,0.2,81.18,Same Day,Credit Card
AMZ101431,2022-03-01 15:00:00,CUST9586,Customer_1431,India,East,Home & Kitchen,Product_226,2,137.38,274.76,0.2,81.18,Same Day,Debit Card
AMZ101432,2022-03-01 16:00:00,CUST4788,Customer_1432,UK,West,Electronics,Product_242,4,137.38,549.52,0.2,162.37,Same Day,Credit Card
AMZ101433,2022-03-01 17:00:00,CUST5167,Customer_1433,UK,North,Electronics,Product_496,4,137.38,549.52,0.2,162.37,Express,Credit Card
AMZ101434,2022-03-01 18:00:00,CUST9465,Customer_1434,Australia,North,Sports,Product_460,3,137.38,412.14,0.2,121.78,Express,Debit Card
AMZ101435,2022-03-01 19:00:00,CUST2389,Customer_1435,USA,South,Clothing,Product_362,4,137.38,549.52,0.2,162.37,Express,Credit Card
AMZ101436,2022-03-01 20:00:00,CUST9357,Customer_1436,Australia,East,Home & Kitchen,Product_284,1,137.38,137.38,0.2,40.59,Express,UPI
AMZ101437,2022-03-01 21:00:00,CUST7154,Customer_1437,USA,North,Books,Product_432,1,137.38,137.38,0.2,40.59,Standard,UPI
AMZ101438,2022-03-01 22:00:00,CUST6420,Customer_1438,UK,Central,Beauty,Product_163,1,137.38,137.38,0.2,40.59,Same Day,Cash on Delivery
AMZ101439,2022-03-01 23:00:00,CUST9920,Customer_1439,UK,East,Electronics,Product_8,3,137.38,412.14,0.2,121.78,Express,UPI
AMZ101440,2022-03-02 00:00:00,CUST3043,Customer_1440,Canada,East,Home & Kitchen,Product_347,1,137.38,137.38,0.2,40.59,Same Day,Debit Card
AMZ101441,2022-03-02 01:00:00,CUST5197,Customer_1441,Canada,Central,Sports,Product_406,1,137.38,137.38,0.2,40.59,Express,UPI
AMZ101442,2022-03-02 02:00:00,CUST4496,Customer_1442,UK,West,Home & Kitchen,Product_377,4,137.38,549.52,0.2,162.37,Same Day,Cash on Delivery
AMZ101443,2022-03-02 03:00:00,CUST1778,Customer_1443,UK,Central,Clothing,Product_152,3,137.38,412.14,0.2,121.78,Standard,Net Banking
AMZ101444,2022-03-02 04:00:00,CUST1213,Customer_1444,India,Central,Beauty,Product_322,2,137.38,274.76,0.2,81.18,Express,Net Banking
AMZ101445,2022-03-02 05:00:00,CUST4762,Customer_1445,India,West,Electronics,Product_95,1,137.38,137.38,0.2,40.59,Standard,Debit Card
AMZ101446,2022-03-02 06:00:00,CUST7731,Customer_1446,Australia,West,Books,Product_214,4,137.38,549.52,0.2,162.37,Standard,Cash on Delivery
AMZ101447,2022-03-02 07:00:00,CUST4117,Customer_1447,Canada,West,Clothing,Product_64,2,137.38,274.76,0.2,81.18,Same Day,UPI
AMZ101448,2022-03-02 08:00:00,CUST6791,Customer_1448,Canada,West,Electronics,Product_65,1,137.38,137.38,0.2,40.59,Express,Cash on Delivery
AMZ101449,2022-03-02 09:00:00,CUST9783,Customer_1449,UK,West,Sports,Product_381,2,137.38,274.76,0.2,81.18,Standard,Credit Card
AMZ101450,2022-03-02 10:00:00,CUST3720,Customer_1450,UK,Central,Electronics,Product_270,2,137.38,274.76,0.2,81.18,Same Day,Cash on Delivery
AMZ101451,2022-03-02 11:00:00,CUST9905,Customer_1451,Australia,South,Home & Kitchen,Product_25,3,137.38,412.14,0.2,121.78,Same Day,UPI
AMZ101452,2022-03-02 12:00:00,CUST7047,Customer_1452,Canada,South,Beauty,Product_484,3,137.38,412.14,0.2,121.78,Same Day,Debit Card
AMZ101453,2022-03-02 13:00:00,CUST9032,Customer_1453,India,North,Books,Product_100,1,137.38,137.38,0.2,40.59,Standard,Credit Card
AMZ101454,2022-03-02 14:00:00,CUST1001,Customer_1454,USA,South,Beauty,Product_105,1,137.38,137.38,0.2,40.59,Same Day,Cash on Delivery
AMZ101455,2022-03-02 15:00:00,CUST7368,Customer_1455,Australia,South,Home & Kitchen,Product_131,3,137.38,412.14,0.2,121.78,Same Day,Net Banking
AMZ101456,2022-03-02 16:00:00,CUST2949,Customer_1456,USA,Central,Books,Product_389,1,137.38,137.38,0.2,40.59,Same Day,UPI
AMZ101457,2022-03-02 17:00:00,CUST7732,Customer_1457,India,West,Books,Product_321,1,137.38,137.38,0.2,40.59,Standard,Debit Card
AMZ101458,2022-03-02 18:00:00,CUST8833,Customer_1458,India,West,Clothing,Product_438,3,137.38,412.14,0.2,121.78,Same Day,UPI
AMZ101459,2022-03-02 19:00:00,CUST1917,Customer_1459,USA,Central,Books,Product_19,2,137.38,274.76,0.2,81.18,Standard,Cash on Delivery
AMZ101460,2022-03-02 20:00:00,CUST4174,Customer_1460,Australia,South,Electronics,Product_225,1,137.38,137.38,0.2,40.59,Same Day,Debit Card
AMZ101461,2022-03-02 21:00:00,CUST8014,Customer_1461,USA,Central,Beauty,Product_106,4,137.38,549.52,0.2,162.37,Standard,Net Banking
AMZ101462,2022-03-02 22:00:00,CUST1089,Customer_1462,Australia,North,Sports,Product_54,3,137.38,412.14,0.2,121.78,Standard,Credit Card
AMZ101463,2022-03-02 23:00:00,CUST2709,Customer_1463,Australia,West,Sports,Product_478,1,137.38,137.38,0.2,40.59,Express,Cash on Delivery
AMZ101464,2022-03-03 00:00:00,CUST4041,Customer_1464,UK,East,Beauty,Product_460,1,137.38,137.38,0.2,40.59,Express,Debit Card
AMZ101465,2022-03-03 01:00:00,CUST1105,Customer_1465,Canada,North,Clothing,Product_394,3,137.38,412.14,0.2,121.78,Express,Credit Card
AMZ101466,2022-03-03 02:00:00,CUST9619,Customer_1466,Canada,North,Books,Product_226,4,137.38,549.52,0.2,162.37,Standard,Debit Card
AMZ101467,2022-03-03 03:00:00,CUST2895,Customer_1467,India,Central,Home & Kitchen,Product_400,4,137.38,549.52,0.2,162.37,Same Day,Cash on Delivery
AMZ101468,2022-03-03 04:00:00,CUST7090,Customer_1468,UK,South,Electronics,Product_360,3,137.38,412.14,0.2,121.78,Same Day,Debit Card
AMZ101469,2022-03-03 05:00:00,CUST9508,Customer_1469,Canada,West,Clothing,Product_430,4,137.38,549.52,0.2,162.37,Standard,Net Banking
AMZ101470,2022-03-03 06:00:00,CUST7082,Customer_1470,Australia,East,Books,Product_413,1,137.38,137.38,0.2,40.59,Same Day,Debit Card
AMZ101471,2022-03-03 07:00:00,CUST1634,Customer_1471,Australia,North,Sports,Product_15,4,137.38,549.52,0.2,162.37,Standard,Cash on Delivery
AMZ101472,2022-03-03 08:00:00,CUST2925,Customer_1472,USA,East,Home & Kitchen,Product_48,1,137.38,137.38,0.2,40.59,Same Day,Debit Card
AMZ101473,2022-03-03 09:00:00,CUST3056,Customer_1473,USA,South,Books,Product_139,2,137.38,274.76,0.2,81.18,Standard,Credit Card
AMZ101474,2022-03-03 10:00:00,CUST7917,Customer_1474,Australia,South,Clothing,Product_492,4,137.38,549.52,0.2,162.37,Express,Credit Card
AMZ101475,2022-03-03 11:00:00,CUST4144,Customer_1475,Australia,East,Home & Kitchen,Product_34,2,137.38,274.76,0.2,81.18,Express,UPI
AMZ101476,2022-03-03 12:00:00,CUST1552,Customer_1476,USA,West,Home & Kitchen,Product_420,3,137.38,412.14,0.2,121.78,Same Day,UPI
AMZ101477,2022-03-03 13:00:00,CUST9907,Customer_1477,Canada,South,Home & Kitchen,Product_414,4,137.38,549.52,0.2,162.37,Same Day,Net Banking
AMZ101478,2022-03-03 14:00:00,CUST6383,Customer_1478,India,East,Home & Kitchen,Product_355,1,137.38,137.38,0.2,40.59,Same Day,Credit Card
AMZ101479,2022-03-03 15:00:00,CUST4911,Customer_1479,USA,North,Books,Product_457,4,137.38,549.52,0.2,162.37,Same Day,UPI
AMZ101480,2022-03-03 16:00:00,CUST4389,Customer_1480,Canada,East,Home & Kitchen,Product_210,3,137.38,412.14,0.2,121.78,Express,Debit Card
AMZ101481,2022-03-03 17:00:00,CUST9442,Customer_1481,Canada,East,Books,Product_19,3,137.38,412.14,0.2,121.78,Express,Net Banking
AMZ101482,2022-03-03 18:00:00,CUST3430,Customer_1482,Canada,Central,Home & Kitchen,Product_487,1,137.38,137.38,0.2,40.59,Standard,Cash on Delivery
AMZ101483,2022-03-03 19:00:00,CUST1458,Customer_1483,UK,South,Home & Kitchen,Product_196,4,137.38,549.52,0.2,162.37,Same Day,UPI
AMZ101484,2022-03-03 20:00:00,CUST1207,Customer_1484,UK,West,Clothing,Product_326,2,137.38,274.76,0.2,81.18,Express,UPI
AMZ101485,2022-03-03 21:00:00,CUST1899,Customer_1485,Canada,West,Books,Product_115,3,137.38,412.14,0.2,121.78,Standard,Credit Card
AMZ101486,2022-03-03 22:00:00,CUST1021,Customer_1486,Australia,Central,Sports,Product_417,3,137.38,412.14,0.2,121.78,Standard,Net Banking
AMZ101487,2022-03-03 23:00:00,CUST9601,Customer_1487,UK,West,Books,Product_352,1,137.38,137.38,0.2,40.59,Standard,Credit Card
AMZ101488,2022-03-04 00:00:00,CUST1894,Customer_1488,USA,East,Beauty,Product_464,4,137.38,549.52,0.2,162.37,Express,Credit Card
AMZ101489,2022-03-04 01:00:00,CUST1514,Customer_1489,UK,Central,Sports,Product_75,2,137.38,274.76,0.2,81.18,Standard,Net Banking
AMZ101490,2022-03-04 02:00:00,CUST8294,Customer_1490,Australia,North,Clothing,Product_150,4,137.38,549.52,0.2,162.37,Same Day,Debit Card
AMZ101491,2022-03-04 03:00:00,CUST5904,Customer_1491,India,South,Books,Product_36,4,137.38,549.52,0.2,162.37,Standard,UPI
AMZ101492,2022-03-04 04:00:00,CUST8867,Customer_1492,UK,South,Clothing,Product_242,2,137.38,274.76,0.2,81.18,Standard,Credit Card
AMZ101493,2022-03-04 05:00:00,CUST5109,Customer_1493,Canada,South,Sports,Product_151,1,137.38,137.38,0.2,40.59,Express,UPI
AMZ101494,2022-03-04 06:00:00,CUST8179,Customer_1494,Canada,East,Clothing,Product_63,3,137.38,412.14,0.2,121.78,Standard,Net Banking
AMZ101495,2022-03-04 07:00:00,CUST2560,Customer_1495,Canada,North,Clothing,Product_154,1,137.38,137.38,0.2,40.59,Express,Debit Card
AMZ101496,2022-03-04 08:00:00,CUST2266,Customer_1496,India,Central,Electronics,Product_188,1,137.38,137.38,0.2,40.59,Express,Cash on Delivery
AMZ101497,2022-03-04 09:00:00,CUST4638,Customer_1497,Australia,Central,Books,Product_223,4,137.38,549.52,0.2,162.37,Same Day,Debit Card
AMZ101498,2022-03-04 10:00:00,CUST9941,Customer_1498,USA,South,Clothing,Product_93,2,137.38,274.76,0.2,81.18,Standard,Net Banking
AMZ101499,2022-03-04 11:00:00,CUST4427,Customer_1499,Australia,North,Electronics,Product_5,3,137.38,412.14,0.2,121.78,Same Day,Debit Card
AMZ101500,2022-03-04 12:00:00,CUST5780,Customer_1500,India,North,Electronics,Product_438,4,137.38,549.52,0.2,162.37,Same Day,Cash on Delivery
AMZ101501,2022-03-04 13:00:00,CUST2927,Customer_1501,Canada,North,Home & Kitchen,Product_166,3,137.38,412.14,0.2,121.78,Standard,Credit Card
AMZ101502,2022-03-04 14:00:00,CUST3356,Customer_1502,Australia,West,Home & Kitchen,Product_446,4,137.38,549.52,0.2,162.37,Standard,Debit Card
AMZ101503,2022-03-04 15:00:00,CUST5790,Customer_1503,USA,West,Sports,Product_25,2,137.38,274.76,0.2,81.18,Express,Net Banking
AMZ101504,2022-03-04 16:00:00,CUST1306,Customer_1504,Canada,South,Books,Product_98,3,137.38,412.14,0.2,121.78,Standard,Debit Card
AMZ101505,2022-03-04 17:00:00,CUST8979,Customer_1505,USA,North,Home & Kitchen,Product_268,3,137.38,412.14,0.2,121.78,Express,Cash on Delivery
AMZ101506,2022-03-04 18:00:00,CUST4665,Customer_1506,UK,North,Sports,Product_150,1,137.38,137.38,0.2,40.59,Same Day,Net Banking
AMZ101507,2022-03-04 19:00:00,CUST8057,Customer_1507,USA,Central,Books,Product_393,4,137.38,549.52,0.2,162.37,Same Day,Debit Card
AMZ101508,2022-03-04 20:00:00,CUST1661,Customer_1508,Canada,Central,Sports,Product_252,4,137.38,549.52,0.2,162.37,Express,Net Banking
AMZ101509,2022-03-04 21:00:00,CUST5644,Customer_1509,UK,South,Electronics,Product_84,4,137.38,549.52,0.2,162.37,Standard,Cash on Delivery
AMZ101510,2022-03-04 22:00:00,CUST9503,Customer_1510,Canada,North,Electronics,Product_285,1,137.38,137.38,0.2,40.59,Standard,Credit Card
AMZ101511,2022-03-04 23:00:00,CUST3920,Customer_1511,Canada,South,Books,Product_172,1,137.38,137.38,0.2,40.59,Express,Cash on Delivery
AMZ101512,2022-03-05 00:00:00,CUST9946,Customer_1512,UK,Central,Sports,Product_221,3,137.38,412.14,0.2,121.78,Same Day,Credit Card
AMZ101513,2022-03-05 01:00:00,CUST7236,Customer_1513,USA,Central,Sports,Product_109,4,137.38,549.52,0.2,162.37,Express,UPI
AMZ101514,2022-03-05 02:00:00,CUST7078,Customer_1514,India,West,Home & Kitchen,Product_27,4,137.38,549.52,0.2,162.37,Standard,Cash on Delivery
AMZ101515,2022-03-05 03:00:00,CUST1352,Customer_1515,India,South,Home & Kitchen,Product_246,3,137.38,412.14,0.2,121.78,Standard,Credit Card
AMZ101516,2022-03-05 04:00:00,CUST8005,Customer_1516,India,South,Books,Product_55,3,137.38,412.14,0.2,121.78,Express,UPI
AMZ101517,2022-03-05 05:00:00,CUST1158,Customer_1517,India,North,Beauty,Product_465,3,137.38,412.14,0.2,121.78,Standard,UPI
AMZ101518,2022-03-05 06:00:00,CUST1956,Customer_1518,Australia,North,Home & Kitchen,Product_133,2,137.38,274.76,0.2,81.18,Same Day,UPI
AMZ101519,2022-03-05 07:00:00,CUST3071,Customer_1519,India,West,Clothing,Product_52,2,137.38,274.76,0.2,81.18,Express,Net Banking
AMZ101520,2022-03-05 08:00:00,CUST9595,Customer_1520,UK,East,Home & Kitchen,Product_493,3,137.38,412.14,0.2,121.78,Same Day,Cash on Delivery
AMZ101521,2022-03-05 09:00:00,CUST4453,Customer_1521,India,East,Beauty,Product_253,1,137.38,137.38,0.2,40.59,Same Day,Cash on Delivery
AMZ101522,2022-03-05 10:00:00,CUST7675,Customer_1522,Canada,East,Sports,Product_269,1,137.38,137.38,0.2,40.59,Express,Cash on Delivery
AMZ101523,2022-03-05 11:00:00,CUST1955,Customer_1523,India,South,Electronics,Product_298,4,137.38,549.52,0.2,162.37,Express,Cash on Delivery
AMZ101524,2022-03-05 12:00:00,CUST7295,Customer_1524,USA,South,Electronics,Product_399,2,137.38,274.76,0.2,81.18,Standard,Net Banking
AMZ101525,2022-03-05 13:00:00,CUST2712,Customer_1525,UK,Central,Sports,Product_79,2,137.38,274.76,0.2,81.18,Standard,Cash on Delivery
AMZ101526,2022-03-05 14:00:00,CUST5703,Customer_1526,UK,South,Electronics,Product_18,3,137.38,412.14,0.2,121.78,Express,Credit Card
AMZ101527,2022-03-05 15:00:00,CUST7563,Customer_1527,Australia,South,Home & Kitchen,Product_306,3,137.38,412.14,0.2,121.78,Express,UPI
AMZ101528,2022-03-05 16:00:00,CUST6631,Customer_1528,Canada,South,Electronics,Product_258,3,137.38,412.14,0.2,121.78,Standard,Net Banking
AMZ101529,2022-03-05 17:00:00,CUST2394,Customer_1529,UK,West,Beauty,Product_343,3,137.38,412.14,0.2,121.78,Standard,Net Banking
AMZ101530,2022-03-05 18:00:00,CUST5732,Customer_1530,USA,South,Beauty,Product_107,3,137.38,412.14,0.2,121.78,Standard,Cash on Delivery
AMZ101531,2022-03-05 19:00:00,CUST4714,Customer_1531,India,North,Home & Kitchen,Product_397,1,137.38,137.38,0.2,40.59,Express,UPI
AMZ101532,2022-03-05 20:00:00,CUST1529,Customer_1532,UK,North,Sports,Product_491,1,137.38,137.38,0.2,40.59,Express,Credit Card
AMZ101533,2022-03-05 21:00:00,CUST3958,Customer_1533,USA,Central,Clothing,Product_452,3,137.38,412.14,0.2,121.78,Standard,UPI
AMZ101534,2022-03-05 22:00:00,CUST8904,Customer_1534,India,West,Home & Kitchen,Product_47,1,137.38,137.38,0.2,40.59,Same Day,Debit Card
AMZ101535,2022-03-05 23:00:00,CUST4591,Customer_1535,Australia,North,Electronics,Product_246,3,137.38,412.14,0.2,121.78,Same Day,UPI
AMZ101536,2022-03-06 00:00:00,CUST7895,Customer_1536,UK,West,Home & Kitchen,Product_89,3,137.38,412.14,0.2,121.78,Standard,Credit Card
AMZ101537,2022-03-06 01:00:00,CUST1525,Customer_1537,UK,West,Beauty,Product_203,2,137.38,274.76,0.2,81.18,Express,Credit Card
AMZ101538,2022-03-06 02:00:00,CUST7477,Customer_1538,USA,Central,Home & Kitchen,Product_434,1,137.38,137.38,0.2,40.59,Express,Credit Card
AMZ101539,2022-03-06 03:00:00,CUST1001,Customer_1539,Canada,West,Home & Kitchen,Product_240,1,137.38,137.38,0.2,40.59,Same Day,Net Banking
AMZ101540,2022-03-06 04:00:00,CUST1374,Customer_1540,Australia,South,Clothing,Product_490,2,137.38,274.76,0.2,81.18,Standard,Net Banking
AMZ101541,2022-03-06 05:00:00,CUST5648,Customer_1541,Canada,West,Beauty,Product_268,1,137.38,137.38,0.2,40.59,Same Day,Debit Card
AMZ101542,2022-03-06 06:00:00,CUST3365,Customer_1542,UK,Central,Books,Product_13,2,137.38,274.76,0.2,81.18,Same Day,UPI
AMZ101543,2022-03-06 07:00:00,CUST2525,Customer_1543,Canada,Central,Books,Product_137,4,137.38,549.52,0.2,162.37,Standard,Cash on Delivery
AMZ101544,2022-03-06 08:00:00,CUST2646,Customer_1544,India,Central,Beauty,Product_315,1,137.38,137.38,0.2,40.59,Same Day,Debit Card
AMZ101545,2022-03-06 09:00:00,CUST1013,Customer_1545,Australia,North,Books,Product_173,3,137.38,412.14,0.2,121.78,Express,Cash on Delivery
AMZ101546,2022-03-06 10:00:00,CUST5599,Customer_1546,Canada,South,Electronics,Product_230,2,137.38,274.76,0.2,81.18,Same Day,Cash on Delivery
AMZ101547,2022-03-06 11:00:00,CUST3278,Customer_1547,India,North,Books,Product_198,3,137.38,412.14,0.2,121.78,Standard,Debit Card
AMZ101548,2022-03-06 12:00:00,CUST4155,Customer_1548,USA,East,Electronics,Product_491,3,137.38,412.14,0.2,121.78,Express,UPI
AMZ101549,2022-03-06 13:00:00,CUST9321,Customer_1549,Canada,South,Beauty,Product_243,1,137.38,137.38,0.2,40.59,Express,Cash on Delivery
AMZ101550,2022-03-06 14:00:00,CUST4814,Customer_1550,Australia,West,Books,Product_43,2,137.38,274.76,0.2,81.18,Same Day,Net Banking
AMZ101551,2022-03-06 15:00:00,CUST4216,Customer_1551,India,Central,Books,Product_330,4,137.38,549.52,0.2,162.37,Express,Net Banking
AMZ101552,2022-03-06 16:00:00,CUST9219,Customer_1552,Canada,East,Sports,Product_279,3,137.38,412.14,0.2,121.78,Standard,Debit Card
AMZ101553,2022-03-06 17:00:00,CUST3113,Customer_1553,USA,South,Electronics,Product_79,3,137.38,412.14,0.2,121.78,Same Day,Cash on Delivery
AMZ101554,2022-03-06 18:00:00,CUST5356,Customer_1554,Canada,North,Electronics,Product_429,4,137.38,549.52,0.2,162.37,Express,Debit Card
AMZ101555,2022-03-06 19:00:00,CUST6543,Customer_1555,India,Central,Home & Kitchen,Product_279,2,137.38,274.76,0.2,81.18,Standard,Net Banking
AMZ101556,2022-03-06 20:00:00,CUST5555,Customer_1556,Canada,North,Clothing,Product_232,1,137.38,137.38,0.2,40.59,Same Day,Debit Card
AMZ101557,2022-03-06 21:00:00,CUST8062,Customer_1557,Australia,South,Books,Product_101,3,137.38,412.14,0.2,121.78,Standard,Cash on Delivery
AMZ101558,2022-03-06 22:00:00,CUST4374,Customer_1558,UK,South,Sports,Product_162,1,137.38,137.38,0.2,40.59,Express,Cash on Delivery
AMZ101559,2022-03-06 23:00:00,CUST7430,Customer_1559,India,East,Clothing,Product_144,2,137.38,274.76,0.2,81.18,Same Day,Net Banking
AMZ101560,2022-03-07 00:00:00,CUST4466,Customer_1560,India,West,Sports,Product_447,4,137.38,549.52,0.2,162.37,Same Day,Credit Card
AMZ101561,2022-03-07 01:00:00,CUST4081,Customer_1561,India,North,Clothing,Product_109,1,137.38,137.38,0.2,40.59,Express,Credit Card
AMZ101562,2022-03-07 02:00:00,CUST1629,Customer_1562,India,East,Books,Product_435,2,137.38,274.76,0.2,81.18,Standard,UPI
AMZ101563,2022-03-07 03:00:00,CUST1269,Customer_1563,Canada,Central,Sports,Product_233,1,137.38,137.38,0.2,40.59,Express,Net Banking
AMZ101564,2022-03-07 04:00:00,CUST6724,Customer_1564,Australia,West,Electronics,Product_111,1,137.38,137.38,0.2,40.59,Same Day,UPI
AMZ101565,2022-03-07 05:00:00,CUST6897,Customer_1565,USA,East,Home & Kitchen,Product_416,3,137.38,412.14,0.2,121.78,Same Day,Net Banking
AMZ101566,2022-03-07 06:00:00,CUST4432,Customer_1566,Australia,North,Sports,Product_422,1,137.38,137.38,0.2,40.59,Express,Cash on Delivery
AMZ101567,2022-03-07 07:00:00,CUST7276,Customer_1567,India,South,Beauty,Product_232,3,137.38,412.14,0.2,121.78,Standard,Net Banking
AMZ101568,2022-03-07 08:00:00,CUST6895,Customer_1568,Canada,Central,Books,Product_440,2,137.38,274.76,0.2,81.18,Express,Debit Card
AMZ101569,2022-03-07 09:00:00,CUST8115,Customer_1569,Canada,North,Books,Product_238,2,137.38,274.76,0.2,81.18,Standard,UPI
AMZ101570,2022-03-07 10:00:00,CUST7656,Customer_1570,India,West,Beauty,Product_197,3,137.38,412.14,0.2,121.78,Standard,Net Banking
AMZ101571,2022-03-07 11:00:00,CUST1575,Customer_1571,Canada,West,Clothing,Product_273,4,137.38,549.52,0.2,162.37,Same Day,UPI
AMZ101572,2022-03-07 12:00:00,CUST8029,Customer_1572,India,South,Home & Kitchen,Product_86,1,137.38,137.38,0.2,40.59,Standard,Net Banking
AMZ101573,2022-03-07 13:00:00,CUST7099,Customer_1573,Australia,South,Clothing,Product_295,2,137.38,274.76,0.2,81.18,Same Day,Credit Card
AMZ101574,2022-03-07 14:00:00,CUST4192,Customer_1574,UK,Central,Beauty,Product_41,2,137.38,274.76,0.2,81.18,Standard,UPI
AMZ101575,2022-03-07 15:00:00,CUST4178,Customer_1575,Canada,Central,Beauty,Product_48,4,137.38,549.52,0.2,162.37,Standard,Cash on Delivery
AMZ101576,2022-03-07 16:00:00,CUST7052,Customer_1576,India,South,Home & Kitchen,Product_466,2,137.38,274.76,0.2,81.18,Same Day,Cash on Delivery
AMZ101577,2022-03-07 17:00:00,CUST3734,Customer_1577,India,South,Beauty,Product_412,3,137.38,412.14,0.2,121.78,Standard,Net Banking
AMZ101578,2022-03-07 18:00:00,CUST7116,Customer_1578,Canada,West,Beauty,Product_77,4,137.38,549.52,0.2,162.37,Express,Cash on Delivery
AMZ101579,2022-03-07 19:00:00,CUST4568,Customer_1579,USA,South,Sports,Product_178,2,137.38,274.76,0.2,81.18,Standard,Cash on Delivery
AMZ101580,2022-03-07 20:00:00,CUST3203,Customer_1580,India,East,Home & Kitchen,Product_490,4,137.38,549.52,0.2,162.37,Same Day,UPI
AMZ101581,2022-03-07 21:00:00,CUST2390,Customer_1581,Canada,North,Books,Product_257,4,137.38,549.52,0.2,162.37,Same Day,Net Banking
AMZ101582,2022-03-07 22:00:00,CUST2742,Customer_1582,India,South,Clothing,Product_117,2,137.38,274.76,0.2,81.18,Express,UPI
AMZ101583,2022-03-07 23:00:00,CUST2925,Customer_1583,USA,Central,Books,Product_434,2,137.38,274.76,0.2,81.18,Standard,Net Banking
AMZ101584,2022-03-08 00:00:00,CUST1619,Customer_1584,UK,East,Books,Product_19,2,137.38,274.76,0.2,81.18,Express,Cash on Delivery
AMZ101585,2022-03-08 01:00:00,CUST2274,Customer_1585,USA,Central,Sports,Product_482,4,137.38,549.52,0.2,162.37,Standard,Net Banking
AMZ101586,2022-03-08 02:00:00,CUST1956,Customer_1586,Australia,East,Clothing,Product_59,3,137.38,412.14,0.2,121.78,Express,Net Banking
AMZ101587,2022-03-08 03:00:00,CUST2939,Customer_1587,Canada,South,Books,Product_196,3,137.38,412.14,0.2,121.78,Same Day,Debit Card
AMZ101588,2022-03-08 04:00:00,CUST4953,Customer_1588,USA,North,Home & Kitchen,Product_107,1,137.38,137.38,0.2,40.59,Same Day,Net Banking
AMZ101589,2022-03-08 05:00:00,CUST1968,Customer_1589,UK,Central,Clothing,Product_451,2,137.38,274.76,0.2,81.18,Express,Debit Card
AMZ101590,2022-03-08 06:00:00,CUST1281,Customer_1590,India,East,Electronics,Product_425,3,137.38,412.14,0.2,121.78,Standard,UPI
AMZ101591,2022-03-08 07:00:00,CUST7262,Customer_1591,Canada,West,Sports,Product_394,1,137.38,137.38,0.2,40.59,Standard,Debit Card
AMZ101592,2022-03-08 08:00:00,CUST2058,Customer_1592,USA,South,Books,Product_284,1,137.38,137.38,0.2,40.59,Same Day,UPI
AMZ101593,2022-03-08 09:00:00,CUST5293,Customer_1593,UK,North,Beauty,Product_34,2,137.38,274.76,0.2,81.18,Standard,Net Banking
AMZ101594,2022-03-08 10:00:00,CUST6178,Customer_1594,USA,South,Clothing,Product_295,1,137.38,137.38,0.2,40.59,Express,UPI
AMZ101595,2022-03-08 11:00:00,CUST7980,Customer_1595,Australia,West,Electronics,Product_495,3,137.38,412.14,0.2,121.78,Express,Cash on Delivery
AMZ101596,2022-03-08 12:00:00,CUST2229,Customer_1596,Canada,North,Beauty,Product_251,1,137.38,137.38,0.2,40.59,Standard,Net Banking
AMZ101597,2022-03-08 13:00:00,CUST5585,Customer_1597,India,West,Electronics,Product_126,1,137.38,137.38,0.2,40.59,Same Day,Debit Card
AMZ101598,2022-03-08 14:00:00,CUST9467,Customer_1598,UK,South,Books,Product_339,3,137.38,412.14,0.2,121.78,Same Day,Credit Card
AMZ101599,2022-03-08 15:00:00,CUST3740,Customer_1599,USA,East,Beauty,Product_106,1,137.38,137.38,0.2,40.59,Same Day,Net Banking
AMZ101600,2022-03-08 16:00:00,CUST3289,Customer_1600,Canada,South,Books,Product_440,1,137.38,137.38,0.2,40.59,Same Day,Cash on Delivery
AMZ101601,2022-03-08 17:00:00,CUST2239,Customer_1601,USA,South,Beauty,Product_180,4,137.38,549.52,0.2,162.37,Same Day,UPI
AMZ101602,2022-03-08 18:00:00,CUST6370,Customer_1602,Canada,South,Clothing,Product_110,1,137.38,137.38,0.2,40.59,Express,Debit Card
AMZ101603,2022-03-08 19:00:00,CUST1125,Customer_1603,Australia,Central,Home & Kitchen,Product_228,1,137.38,137.38,0.2,40.59,Standard,Debit Card
AMZ101604,2022-03-08 20:00:00,CUST8473,Customer_1604,USA,West,Home & Kitchen,Product_121,4,137.38,549.52,0.2,162.37,Express,Cash on Delivery
AMZ101605,2022-03-08 21:00:00,CUST6342,Customer_1605,Australia,West,Electronics,Product_107,4,137.38,549.52,0.2,162.37,Same Day,Cash on Delivery
AMZ101606,2022-03-08 22:00:00,CUST8351,Customer_1606,UK,West,Sports,Product_131,4,137.38,549.52,0.2,162.37,Same Day,Net Banking
AMZ101607,2022-03-08 23:00:00,CUST7638,Customer_1607,Australia,Central,Beauty,Product_23,2,137.38,274.76,0.2,81.18,Standard,Credit Card
AMZ101608,2022-03-09 00:00:00,CUST7570,Customer_1608,Canada,East,Books,Product_145,2,137.38,274.76,0.2,81.18,Standard,Credit Card
AMZ101609,2022-03-09 01:00:00,CUST4249,Customer_1609,UK,South,Sports,Product_327,3,137.38,412.14,0.2,121.78,Standard,UPI
AMZ101610,2022-03-09 02:00:00,CUST8595,Customer_1610,USA,East,Clothing,Product_154,1,137.38,137.38,0.2,40.59,Express,Debit Card
AMZ101611,2022-03-09 03:00:00,CUST7294,Customer_1611,USA,Central,Clothing,Product_107,3,137.38,412.14,0.2,121.78,Standard,Net Banking
AMZ101612,2022-03-09 04:00:00,CUST7527,Customer_1612,Canada,West,Clothing,Product_146,2,137.38,274.76,0.2,81.18,Express,Debit Card
AMZ101613,2022-03-09 05:00:00,CUST6757,Customer_1613,India,South,Home & Kitchen,Product_252,1,137.38,137.38,0.2,40.59,Same Day,Net Banking
AMZ101614,2022-03-09 06:00:00,CUST2969,Customer_1614,India,North,Books,Product_494,1,137.38,137.38,0.2,40.59,Express,Cash on Delivery
AMZ101615,2022-03-09 07:00:00,CUST1891,Customer_1615,USA,North,Clothing,Product_302,4,137.38,549.52,0.2,162.37,Standard,UPI
AMZ101616,2022-03-09 08:00:00,CUST5470,Customer_1616,Canada,East,Clothing,Product_70,2,137.38,274.76,0.2,81.18,Express,Cash on Delivery
AMZ101617,2022-03-09 09:00:00,CUST8175,Customer_1617,India,West,Electronics,Product_31,1,137.38,137.38,0.2,40.59,Express,Debit Card
AMZ101618,2022-03-09 10:00:00,CUST9320,Customer_1618,Australia,North,Beauty,Product_93,4,137.38,549.52,0.2,162.37,Express,UPI
AMZ101619,2022-03-09 11:00:00,CUST7812,Customer_1619,USA,East,Beauty,Product_137,1,137.38,137.38,0.2,40.59,Standard,Net Banking
AMZ101620,2022-03-09 12:00:00,CUST8519,Customer_1620,Australia,Central,Beauty,Product_374,2,137.38,274.76,0.2,81.18,Express,Net Banking
AMZ101621,2022-03-09 13:00:00,CUST5612,Customer_1621,Canada,East,Sports,Product_163,3,137.38,412.14,0.2,121.78,Standard,UPI
AMZ101622,2022-03-09 14:00:00,CUST2198,Customer_1622,Australia,East,Electronics,Product_81,3,137.38,412.14,0.2,121.78,Express,Cash on Delivery
AMZ101623,2022-03-09 15:00:00,CUST6238,Customer_1623,India,East,Home & Kitchen,Product_316,1,137.38,137.38,0.2,40.59,Express,UPI
AMZ101624,2022-03-09 16:00:00,CUST7089,Customer_1624,India,South,Sports,Product_76,4,137.38,549.52,0.2,162.37,Express,Cash on Delivery
AMZ101625,2022-03-09 17:00:00,CUST7257,Customer_1625,UK,East,Electronics,Product_63,4,137.38,549.52,0.2,162.37,Standard,UPI
AMZ101626,2022-03-09 18:00:00,CUST8705,Customer_1626,USA,East,Clothing,Product_100,4,137.38,549.52,0.2,162.37,Standard,Cash on Delivery
AMZ101627,2022-03-09 19:00:00,CUST4719,Customer_1627,Canada,South,Books,Product_436,2,137.38,274.76,0.2,81.18,Standard,Credit Card
AMZ101628,2022-03-09 20:00:00,CUST1302,Customer_1628,USA,South,Sports,Product_48,3,137.38,412.14,0.2,121.78,Same Day,UPI
AMZ101629,2022-03-09 21:00:00,CUST1986,Customer_1629,Australia,Central,Sports,Product_445,3,137.38,412.14,0.2,121.78,Standard,Cash on Delivery
AMZ101630,2022-03-09 22:00:00,CUST5440,Customer_1630,Canada,West,Clothing,Product_408,1,137.38,137.38,0.2,40.59,Express,Debit Card
AMZ101631,2022-03-09 23:00:00,CUST5909,Customer_1631,Canada,North,Clothing,Product_74,3,137.38,412.14,0.2,121.78,Same Day,Debit Card
AMZ101632,2022-03-10 00:00:00,CUST4072,Customer_1632,India,North,Books,Product_314,4,137.38,549.52,0.2,162.37,Standard,UPI
AMZ101633,2022-03-10 01:00:00,CUST4124,Customer_1633,Australia,East,Beauty,Product_192,2,137.38,274.76,0.2,81.18,Standard,UPI
AMZ101634,2022-03-10 02:00:00,CUST9125,Customer_1634,India,Central,Sports,Product_30,4,137.38,549.52,0.2,162.37,Same Day,Net Banking
AMZ101635,2022-03-10 03:00:00,CUST4291,Customer_1635,India,East,Electronics,Product_157,4,137.38,549.52,0.2,162.37,Same Day,Cash on Delivery
AMZ101636,2022-03-10 04:00:00,CUST5033,Customer_1636,UK,North,Home & Kitchen,Product_487,3,137.38,412.14,0.2,121.78,Standard,UPI
AMZ101637,2022-03-10 05:00:00,CUST6105,Customer_1637,India,South,Clothing,Product_266,2,137.38,274.76,0.2,81.18,Same Day,Debit Card
AMZ101638,2022-03-10 06:00:00,CUST1703,Customer_1638,USA,West,Clothing,Product_256,2,137.38,274.76,0.2,81.18,Express,Debit Card
AMZ101639,2022-03-10 07:00:00,CUST9133,Customer_1639,Canada,Central,Home & Kitchen,Product_39,4,137.38,549.52,0.2,162.37,Express,Debit Card
AMZ101640,2022-03-10 08:00:00,CUST1574,Customer_1640,India,South,Electronics,Product_55,1,137.38,137.38,0.2,40.59,Express,Cash on Delivery
AMZ101641,2022-03-10 09:00:00,CUST6704,Customer_1641,USA,West,Clothing,Product_28,3,137.38,412.14,0.2,121.78,Standard,Credit Card
AMZ101642,2022-03-10 10:00:00,CUST8848,Customer_1642,Australia,Central,Home & Kitchen,Product_402,1,137.38,137.38,0.2,40.59,Express,UPI
AMZ101643,2022-03-10 11:00:00,CUST6208,Customer_1643,Canada,Central,Clothing,Product_425,4,137.38,549.52,0.2,162.37,Same Day,Credit Card
AMZ101644,2022-03-10 12:00:00,CUST7924,Customer_1644,Australia,North,Beauty,Product_118,3,137.38,412.14,0.2,121.78,Express,Cash on Delivery
AMZ101645,2022-03-10 13:00:00,CUST4828,Customer_1645,USA,South,Beauty,Product_370,1,137.38,137.38,0.2,40.59,Same Day,UPI
AMZ101646,2022-03-10 14:00:00,CUST4230,Customer_1646,Australia,Central,Clothing,Product_209,1,137.38,137.38,0.2,40.59,Express,Net Banking
AMZ101647,2022-03-10 15:00:00,CUST1488,Customer_1647,Australia,Central,Clothing,Product_75,1,137.38,137.38,0.2,40.59,Same Day,UPI
AMZ101648,2022-03-10 16:00:00,CUST8114,Customer_1648,Australia,West,Beauty,Product_65,3,137.38,412.14,0.2,121.78,Express,UPI
AMZ101649,2022-03-10 17:00:00,CUST4173,Customer_1649,India,North,Clothing,Product_337,1,137.38,137.38,0.2,40.59,Express,UPI
AMZ101650,2022-03-10 18:00:00,CUST2667,Customer_1650,India,East,Electronics,Product_356,2,137.38,274.76,0.2,81.18,Express,UPI
AMZ101651,2022-03-10 19:00:00,CUST5114,Customer_1651,India,North,Electronics,Product_100,4,137.38,549.52,0.2,162.37,Same Day,UPI
AMZ101652,2022-03-10 20:00:00,CUST4553,Customer_1652,Canada,East,Books,Product_46,3,137.38,412.14,0.2,121.78,Same Day,Cash on Delivery
AMZ101653,2022-03-10 21:00:00,CUST8761,Customer_1653,USA,South,Electronics,Product_316,2,137.38,274.76,0.2,81.18,Express,UPI
AMZ101654,2022-03-10 22:00:00,CUST2000,Customer_1654,India,South,Sports,Product_393,1,137.38,137.38,0.2,40.59,Same Day,Cash on Delivery
AMZ101655,2022-03-10 23:00:00,CUST2388,Customer_1655,Australia,Central,Sports,Product_429,4,137.38,549.52,0.2,162.37,Same Day,UPI
AMZ101656,2022-03-11 00:00:00,CUST6450,Customer_1656,Australia,South,Sports,Product_444,1,137.38,137.38,0.2,40.59,Standard,UPI
AMZ101657,2022-03-11 01:00:00,CUST4712,Customer_1657,Australia,Central,Clothing,Product_156,2,137.38,274.76,0.2,81.18,Express,Cash on Delivery
AMZ101658,2022-03-11 02:00:00,CUST2367,Customer_1658,Australia,North,Clothing,Product_240,1,137.38,137.38,0.2,40.59,Same Day,UPI
AMZ101659,2022-03-11 03:00:00,CUST9189,Customer_1659,UK,South,Home & Kitchen,Product_353,3,137.38,412.14,0.2,121.78,Same Day,Debit Card
AMZ101660,2022-03-11 04:00:00,CUST1454,Customer_1660,Canada,North,Sports,Product_259,2,137.38,274.76,0.2,81.18,Same Day,UPI
AMZ101661,2022-03-11 05:00:00,CUST3772,Customer_1661,USA,North,Sports,Product_435,3,137.38,412.14,0.2,121.78,Same Day,Net Banking
AMZ101662,2022-03-11 06:00:00,CUST4726,Customer_1662,USA,South,Electronics,Product_136,4,137.38,549.52,0.2,162.37,Standard,Cash on Delivery
AMZ101663,2022-03-11 07:00:00,CUST8232,Customer_1663,India,North,Beauty,Product_370,3,137.38,412.14,0.2,121.78,Same Day,UPI
AMZ101664,2022-03-11 08:00:00,CUST5806,Customer_1664,UK,South,Beauty,Product_198,3,137.38,412.14,0.2,121.78,Same Day,UPI
AMZ101665,2022-03-11 09:00:00,CUST3190,Customer_1665,USA,South,Books,Product_187,1,137.38,137.38,0.2,40.59,Standard,Cash on Delivery
AMZ101666,2022-03-11 10:00:00,CUST3875,Customer_1666,Canada,South,Home & Kitchen,Product_116,1,137.38,137.38,0.2,40.59,Express,Credit Card
AMZ101667,2022-03-11 11:00:00,CUST6592,Customer_1667,Australia,East,Beauty,Product_445,2,137.38,274.76,0.2,81.18,Express,Debit Card
AMZ101668,2022-03-11 12:00:00,CUST2440,Customer_1668,India,North,Books,Product_58,4,137.38,549.52,0.2,162.37,Standard,Debit Card
AMZ101669,2022-03-11 13:00:00,CUST9927,Customer_1669,Canada,West,Electronics,Product_70,2,137.38,274.76,0.2,81.18,Express,UPI
AMZ101670,2022-03-11 14:00:00,CUST7059,Customer_1670,USA,South,Home & Kitchen,Product_93,4,137.38,549.52,0.2,162.37,Express,Cash on Delivery
AMZ101671,2022-03-11 15:00:00,CUST8010,Customer_1671,UK,North,Home & Kitchen,Product_229,4,137.38,549.52,0.2,162.37,Standard,Net Banking
AMZ101672,2022-03-11 16:00:00,CUST8117,Customer_1672,India,Central,Sports,Product_396,3,137.38,412.14,0.2,121.78,Same Day,UPI
AMZ101673,2022-03-11 17:00:00,CUST3989,Customer_1673,USA,South,Clothing,Product_137,1,137.38,137.38,0.2,40.59,Standard,Debit Card
AMZ101674,2022-03-11 18:00:00,CUST7228,Customer_1674,India,South,Sports,Product_105,4,137.38,549.52,0.2,162.37,Standard,UPI
AMZ101675,2022-03-11 19:00:00,CUST7471,Customer_1675,USA,West,Electronics,Product_305,1,137.38,137.38,0.2,40.59,Standard,Cash on Delivery
AMZ101676,2022-03-11 20:00:00,CUST3863,Customer_1676,Australia,East,Sports,Product_339,4,137.38,549.52,0.2,162.37,Standard,Net Banking
AMZ101677,2022-03-11 21:00:00,CUST2177,Customer_1677,UK,East,Home & Kitchen,Product_17,1,137.38,137.38,0.2,40.59,Standard,Credit Card
AMZ101678,2022-03-11 22:00:00,CUST5760,Customer_1678,Australia,South,Sports,Product_54,2,137.38,274.76,0.2,81.18,Same Day,Net Banking
AMZ101679,2022-03-11 23:00:00,CUST1011,Customer_1679,USA,North,Books,Product_112,1,137.38,137.38,0.2,40.59,Express,UPI
AMZ101680,2022-03-12 00:00:00,CUST6252,Customer_1680,Canada,Central,Sports,Product_172,3,137.38,412.14,0.2,121.78,Standard,Debit Card
AMZ101681,2022-03-12 01:00:00,CUST5399,Customer_1681,Australia,Central,Beauty,Product_416,4,137.38,549.52,0.2,162.37,Same Day,Cash on Delivery
AMZ101682,2022-03-12 02:00:00,CUST9234,Customer_1682,Canada,North,Electronics,Product_419,3,137.38,412.14,0.2,121.78,Standard,UPI
AMZ101683,2022-03-12 03:00:00,CUST6445,Customer_1683,USA,South,Electronics,Product_462,4,137.38,549.52,0.2,162.37,Same Day,Credit Card
AMZ101684,2022-03-12 04:00:00,CUST7570,Customer_1684,UK,Central,Home & Kitchen,Product_305,3,137.38,412.14,0.2,121.78,Express,Cash on Delivery
AMZ101685,2022-03-12 05:00:00,CUST9212,Customer_1685,Canada,East,Sports,Product_438,4,137.38,549.52,0.2,162.37,Same Day,Cash on Delivery
AMZ101686,2022-03-12 06:00:00,CUST1406,Customer_1686,USA,North,Home & Kitchen,Product_144,1,137.38,137.38,0.2,40.59,Same Day,Cash on Delivery
AMZ101687,2022-03-12 07:00:00,CUST5431,Customer_1687,Canada,West,Home & Kitchen,Product_85,4,137.38,549.52,0.2,162.37,Express,UPI
AMZ101688,2022-03-12 08:00:00,CUST6243,Customer_1688,Australia,South,Books,Product_12,3,137.38,412.14,0.2,121.78,Express,Credit Card
AMZ101689,2022-03-12 09:00:00,CUST7542,Customer_1689,USA,North,Clothing,Product_252,3,137.38,412.14,0.2,121.78,Same Day,UPI
AMZ101690,2022-03-12 10:00:00,CUST7936,Customer_1690,Australia,Central,Home & Kitchen,Product_216,4,137.38,549.52,0.2,162.37,Standard,Cash on Delivery
AMZ101691,2022-03-12 11:00:00,CUST9906,Customer_1691,India,South,Clothing,Product_126,4,137.38,549.52,0.2,162.37,Standard,Cash on Delivery
AMZ101692,2022-03-12 12:00:00,CUST5146,Customer_1692,USA,East,Clothing,Product_98,2,137.38,274.76,0.2,81.18,Express,Debit Card
AMZ101693,2022-03-12 13:00:00,CUST1140,Customer_1693,Canada,South,Electronics,Product_392,2,137.38,274.76,0.2,81.18,Standard,Net Banking
AMZ101694,2022-03-12 14:00:00,CUST5882,Customer_1694,India,South,Beauty,Product_492,1,137.38,137.38,0.2,40.59,Express,UPI
AMZ101695,2022-03-12 15:00:00,CUST7012,Customer_1695,Australia,East,Beauty,Product_405,1,137.38,137.38,0.2,40.59,Same Day,Credit Card
AMZ101696,2022-03-12 16:00:00,CUST1963,Customer_1696,Australia,East,Sports,Product_304,1,137.38,137.38,0.2,40.59,Same Day,Cash on Delivery
AMZ101697,2022-03-12 17:00:00,CUST8151,Customer_1697,Canada,South,Books,Product_392,1,137.38,137.38,0.2,40.59,Standard,UPI
AMZ101698,2022-03-12 18:00:00,CUST9564,Customer_1698,India,East,Books,Product_28,1,137.38,137.38,0.2,40.59,Express,Net Banking
AMZ101699,2022-03-12 19:00:00,CUST4610,Customer_1699,UK,North,Beauty,Product_336,4,137.38,549.52,0.2,162.37,Standard,UPI
AMZ101700,2022-03-12 20:00:00,CUST7894,Customer_1700,Canada,East,Sports,Product_266,2,137.38,274.76,0.2,81.18,Standard,Net Banking
AMZ101701,2022-03-12 21:00:00,CUST8311,Customer_1701,Australia,East,Beauty,Product_52,4,137.38,549.52,0.2,162.37,Same Day,UPI
AMZ101702,2022-03-12 22:00:00,CUST1105,Customer_1702,USA,South,Sports,Product_143,2,137.38,274.76,0.2,81.18,Standard,Debit Card
AMZ101703,2022-03-12 23:00:00,CUST6539,Customer_1703,India,North,Sports,Product_132,2,137.38,274.76,0.2,81.18,Same Day,UPI
AMZ101704,2022-03-13 00:00:00,CUST7787,Customer_1704,UK,West,Sports,Product_346,3,137.38,412.14,0.2,121.78,Express,Debit Card
AMZ101705,2022-03-13 01:00:00,CUST3137,Customer_1705,USA,West,Sports,Product_207,3,137.38,412.14,0.2,121.78,Standard,Net Banking
AMZ101706,2022-03-13 02:00:00,CUST5445,Customer_1706,India,Central,Electronics,Product_484,2,137.38,274.76,0.2,81.18,Same Day,Cash on Delivery
AMZ101707,2022-03-13 03:00:00,CUST4530,Customer_1707,Canada,East,Electronics,Product_480,4,137.38,549.52,0.2,162.37,Standard,Cash on Delivery
AMZ101708,2022-03-13 04:00:00,CUST2286,Customer_1708,Canada,East,Beauty,Product_62,2,137.38,274.76,0.2,81.18,Express,UPI
AMZ101709,2022-03-13 05:00:00,CUST8052,Customer_1709,India,North,Sports,Product_363,1,137.38,137.38,0.2,40.59,Standard,Credit Card
AMZ101710,2022-03-13 06:00:00,CUST4654,Customer_1710,UK,West,Home & Kitchen,Product_486,4,137.38,549.52,0.2,162.37,Standard,UPI
AMZ101711,2022-03-13 07:00:00,CUST8102,Customer_1711,India,Central,Sports,Product_132,4,137.38,549.52,0.2,162.37,Same Day,Debit Card
AMZ101712,2022-03-13 08:00:00,CUST3359,Customer_1712,USA,North,Home & Kitchen,Product_41,2,137.38,274.76,0.2,81.18,Express,Debit Card
AMZ101713,2022-03-13 09:00:00,CUST9105,Customer_1713,USA,East,Electronics,Product_201,1,137.38,137.38,0.2,40.59,Express,Net Banking
AMZ101714,2022-03-13 10:00:00,CUST9636,Customer_1714,Canada,West,Sports,Product_99,2,137.38,274.76,0.2,81.18,Express,UPI
AMZ101715,2022-03-13 11:00:00,CUST7441,Customer_1715,India,Central,Clothing,Product_311,1,137.38,137.38,0.2,40.59,Standard,Net Banking
AMZ101716,2022-03-13 12:00:00,CUST6047,Customer_1716,Canada,South,Beauty,Product_284,4,137.38,549.52,0.2,162.37,Same Day,Credit Card
AMZ101717,2022-03-13 13:00:00,CUST9227,Customer_1717,UK,West,Sports,Product_357,2,137.38,274.76,0.2,81.18,Standard,Cash on Delivery
AMZ101718,2022-03-13 14:00:00,CUST6203,Customer_1718,USA,Central,Books,Product_47,1,137.38,137.38,0.2,40.59,Standard,Cash on Delivery
AMZ101719,2022-03-13 15:00:00,CUST2798,Customer_1719,Australia,North,Home & Kitchen,Product_137,3,137.38,412.14,0.2,121.78,Standard,UPI
AMZ101720,2022-03-13 16:00:00,CUST6291,Customer_1720,Australia,South,Sports,Product_130,4,137.38,549.52,0.2,162.37,Express,Net Banking
AMZ101721,2022-03-13 17:00:00,CUST6495,Customer_1721,India,Central,Clothing,Product_195,4,137.38,549.52,0.2,162.37,Same Day,Net Banking
AMZ101722,2022-03-13 18:00:00,CUST7284,Customer_1722,India,Central,Home & Kitchen,Product_117,3,137.38,412.14,0.2,121.78,Express,Credit Card
AMZ101723,2022-03-13 19:00:00,CUST8285,Customer_1723,Australia,East,Clothing,Product_364,1,137.38,137.38,0.2,40.59,Standard,Net Banking
AMZ101724,2022-03-13 20:00:00,CUST2300,Customer_1724,India,West,Beauty,Product_432,4,137.38,549.52,0.2,162.37,Standard,Debit Card
AMZ101725,2022-03-13 21:00:00,CUST7869,Customer_1725,USA,East,Beauty,Product_69,1,137.38,137.38,0.2,40.59,Same Day,Debit Card
AMZ101726,2022-03-13 22:00:00,CUST4097,Customer_1726,UK,South,Beauty,Product_458,3,137.38,412.14,0.2,121.78,Express,Debit Card
AMZ101727,2022-03-13 23:00:00,CUST5616,Customer_1727,UK,Central,Electronics,Product_28,2,137.38,274.76,0.2,81.18,Standard,UPI
AMZ101728,2022-03-14 00:00:00,CUST1009,Customer_1728,Canada,East,Clothing,Product_335,4,137.38,549.52,0.2,162.37,Standard,Debit Card
AMZ101729,2022-03-14 01:00:00,CUST6752,Customer_1729,USA,West,Sports,Product_14,4,137.38,549.52,0.2,162.37,Same Day,Debit Card
AMZ101730,2022-03-14 02:00:00,CUST7295,Customer_1730,India,South,Books,Product_46,1,137.38,137.38,0.2,40.59,Standard,Cash on Delivery
AMZ101731,2022-03-14 03:00:00,CUST5815,Customer_1731,India,North,Books,Product_471,4,137.38,549.52,0.2,162.37,Express,UPI
AMZ101732,2022-03-14 04:00:00,CUST2072,Customer_1732,Canada,East,Beauty,Product_397,2,137.38,274.76,0.2,81.18,Express,Debit Card
AMZ101733,2022-03-14 05:00:00,CUST4225,Customer_1733,Canada,South,Books,Product_16,3,137.38,412.14,0.2,121.78,Standard,Credit Card
AMZ101734,2022-03-14 06:00:00,CUST2316,Customer_1734,India,North,Home & Kitchen,Product_478,4,137.38,549.52,0.2,162.37,Standard,Debit Card
AMZ101735,2022-03-14 07:00:00,CUST6699,Customer_1735,India,East,Clothing,Product_424,3,137.38,412.14,0.2,121.78,Standard,UPI
AMZ101736,2022-03-14 08:00:00,CUST7807,Customer_1736,USA,South,Clothing,Product_456,1,137.38,137.38,0.2,40.59,Same Day,Net Banking
AMZ101737,2022-03-14 09:00:00,CUST7674,Customer_1737,Canada,South,Clothing,Product_209,2,137.38,274.76,0.2,81.18,Same Day,Cash on Delivery
AMZ101738,2022-03-14 10:00:00,CUST4683,Customer_1738,USA,East,Home & Kitchen,Product_158,4,137.38,549.52,0.2,162.37,Express,Cash on Delivery
AMZ101739,2022-03-14 11:00:00,CUST8227,Customer_1739,India,South,Sports,Product_337,3,137.38,412.14,0.2,121.78,Express,UPI
AMZ101740,2022-03-14 12:00:00,CUST4273,Customer_1740,Australia,Central,Electronics,Product_227,2,137.38,274.76,0.2,81.18,Standard,Debit Card
AMZ101741,2022-03-14 13:00:00,CUST8000,Customer_1741,Australia,East,Home & Kitchen,Product_449,3,137.38,412.14,0.2,121.78,Standard,Credit Card
AMZ101742,2022-03-14 14:00:00,CUST1145,Customer_1742,India,South,Clothing,Product_241,1,137.38,137.38,0.2,40.59,Standard,Debit Card
AMZ101743,2022-03-14 15:00:00,CUST6010,Customer_1743,Canada,North,Clothing,Product_58,2,137.38,274.76,0.2,81.18,Same Day,Debit Card
AMZ101744,2022-03-14 16:00:00,CUST4040,Customer_1744,Australia,North,Clothing,Product_472,2,137.38,274.76,0.2,81.18,Same Day,Credit Card
AMZ101745,2022-03-14 17:00:00,CUST1482,Customer_1745,Canada,Central,Sports,Product_304,1,137.38,137.38,0.2,40.59,Standard,Cash on Delivery
AMZ101746,2022-03-14 18:00:00,CUST4179,Customer_1746,Australia,East,Books,Product_305,1,137.38,137.38,0.2,40.59,Standard,Debit Card
AMZ101747,2022-03-14 19:00:00,CUST2249,Customer_1747,Canada,South,Electronics,Product_345,4,137.38,549.52,0.2,162.37,Express,Net Banking
AMZ101748,2022-03-14 20:00:00,CUST1630,Customer_1748,Australia,South,Home & Kitchen,Product_130,1,137.38,137.38,0.2,40.59,Same Day,Net Banking
AMZ101749,2022-03-14 21:00:00,CUST9853,Customer_1749,Canada,North,Clothing,Product_217,1,137.38,137.38,0.2,40.59,Standard,UPI
AMZ101750,2022-03-14 22:00:00,CUST3852,Customer_1750,USA,Central,Beauty,Product_14,3,137.38,412.14,0.2,121.78,Same Day,UPI
AMZ101751,2022-03-14 23:00:00,CUST1987,Customer_1751,Canada,North,Electronics,Product_359,2,137.38,274.76,0.2,81.18,Standard,Credit Card
AMZ101752,2022-03-15 00:00:00,CUST8622,Customer_1752,USA,North,Beauty,Product_377,3,137.38,412.14,0.2,121.78,Standard,Credit Card
AMZ101753,2022-03-15 01:00:00,CUST8327,Customer_1753,USA,Central,Electronics,Product_243,1,137.38,137.38,0.2,40.59,Express,UPI
AMZ101754,2022-03-15 02:00:00,CUST9841,Customer_1754,India,East,Clothing,Product_481,4,137.38,549.52,0.2,162.37,Express,Debit Card
AMZ101755,2022-03-15 03:00:00,CUST2100,Customer_1755,USA,South,Electronics,Product_145,3,137.38,412.14,0.2,121.78,Express,Cash on Delivery
AMZ101756,2022-03-15 04:00:00,CUST7652,Customer_1756,UK,East,Electronics,Product_379,3,137.38,412.14,0.2,121.78,Standard,Net Banking
AMZ101757,2022-03-15 05:00:00,CUST9632,Customer_1757,USA,West,Clothing,Product_415,2,137.38,274.76,0.2,81.18,Express,Credit Card
AMZ101758,2022-03-15 06:00:00,CUST8421,Customer_1758,Canada,West,Sports,Product_394,2,137.38,274.76,0.2,81.18,Standard,UPI
AMZ101759,2022-03-15 07:00:00,CUST6016,Customer_1759,USA,West,Beauty,Product_326,2,137.38,274.76,0.2,81.18,Same Day,Net Banking
AMZ101760,2022-03-15 08:00:00,CUST1769,Customer_1760,Canada,Central,Sports,Product_103,4,137.38,549.52,0.2,162.37,Same Day,Credit Card
AMZ101761,2022-03-15 09:00:00,CUST2343,Customer_1761,Canada,North,Beauty,Product_217,4,137.38,549.52,0.2,162.37,Standard,Credit Card
AMZ101762,2022-03-15 10:00:00,CUST5358,Customer_1762,UK,East,Books,Product_358,1,137.38,137.38,0.2,40.59,Express,Debit Card
AMZ101763,2022-03-15 11:00:00,CUST7780,Customer_1763,USA,South,Beauty,Product_421,1,137.38,137.38,0.2,40.59,Express,Credit Card
AMZ101764,2022-03-15 12:00:00,CUST7602,Customer_1764,USA,West,Beauty,Product_64,2,137.38,274.76,0.2,81.18,Same Day,Cash on Delivery
AMZ101765,2022-03-15 13:00:00,CUST3349,Customer_1765,Australia,East,Electronics,Product_158,3,137.38,412.14,0.2,121.78,Standard,Credit Card
AMZ101766,2022-03-15 14:00:00,CUST6699,Customer_1766,Australia,West,Books,Product_162,2,137.38,274.76,0.2,81.18,Standard,Cash on Delivery
AMZ101767,2022-03-15 15:00:00,CUST2241,Customer_1767,India,West,Clothing,Product_18,1,137.38,137.38,0.2,40.59,Standard,Debit Card
AMZ101768,2022-03-15 16:00:00,CUST2125,Customer_1768,Canada,South,Clothing,Product_216,3,137.38,412.14,0.2,121.78,Same Day,Cash on Delivery
AMZ101769,2022-03-15 17:00:00,CUST7764,Customer_1769,UK,Central,Home & Kitchen,Product_319,1,137.38,137.38,0.2,40.59,Same Day,Net Banking
AMZ101770,2022-03-15 18:00:00,CUST6101,Customer_1770,Australia,North,Books,Product_49,4,137.38,549.52,0.2,162.37,Express,Credit Card
AMZ101771,2022-03-15 19:00:00,CUST8843,Customer_1771,USA,Central,Electronics,Product_56,2,137.38,274.76,0.2,81.18,Standard,UPI
AMZ101772,2022-03-15 20:00:00,CUST1072,Customer_1772,India,East,Home & Kitchen,Product_347,2,137.38,274.76,0.2,81.18,Standard,UPI
AMZ101773,2022-03-15 21:00:00,CUST6472,Customer_1773,UK,Central,Home & Kitchen,Product_58,3,137.38,412.14,0.2,121.78,Standard,Cash on Delivery
AMZ101774,2022-03-15 22:00:00,CUST6189,Customer_1774,USA,East,Clothing,Product_155,2,137.38,274.76,0.2,81.18,Standard,Debit Card
AMZ101775,2022-03-15 23:00:00,CUST3472,Customer_1775,USA,East,Beauty,Product_55,1,137.38,137.38,0.2,40.59,Same Day,Cash on Delivery
AMZ101776,2022-03-16 00:00:00,CUST1707,Customer_1776,Canada,North,Electronics,Product_487,1,137.38,137.38,0.2,40.59,Express,Cash on Delivery
AMZ101777,2022-03-16 01:00:00,CUST2804,Customer_1777,Canada,South,Books,Product_341,4,137.38,549.52,0.2,162.37,Same Day,Cash on Delivery
AMZ101778,2022-03-16 02:00:00,CUST7704,Customer_1778,Australia,North,Home & Kitchen,Product_19,1,137.38,137.38,0.2,40.59,Express,Net Banking
AMZ101779,2022-03-16 03:00:00,CUST4713,Customer_1779,Australia,Central,Electronics,Product_487,3,137.38,412.14,0.2,121.78,Standard,Net Banking
AMZ101780,2022-03-16 04:00:00,CUST6051,Customer_1780,USA,East,Clothing,Product_151,1,137.38,137.38,0.2,40.59,Standard,Cash on Delivery
AMZ101781,2022-03-16 05:00:00,CUST3475,Customer_1781,USA,West,Home & Kitchen,Product_359,4,137.38,549.52,0.2,162.37,Standard,Debit Card
AMZ101782,2022-03-16 06:00:00,CUST4610,Customer_1782,Australia,West,Home & Kitchen,Product_368,4,137.38,549.52,0.2,162.37,Standard,Credit Card
AMZ101783,2022-03-16 07:00:00,CUST5255,Customer_1783,Australia,East,Sports,Product_108,2,137.38,274.76,0.2,81.18,Standard,UPI
AMZ101784,2022-03-16 08:00:00,CUST8397,Customer_1784,USA,North,Clothing,Product_47,3,137.38,412.14,0.2,121.78,Same Day,Net Banking
AMZ101785,2022-03-16 09:00:00,CUST2735,Customer_1785,UK,South,Sports,Product_207,1,137.38,137.38,0.2,40.59,Express,Credit Card
AMZ101786,2022-03-16 10:00:00,CUST9258,Customer_1786,USA,North,Clothing,Product_363,4,137.38,549.52,0.2,162.37,Same Day,Net Banking
AMZ101787,2022-03-16 11:00:00,CUST8979,Customer_1787,UK,East,Clothing,Product_450,1,137.38,137.38,0.2,40.59,Standard,Net Banking
AMZ101788,2022-03-16 12:00:00,CUST3428,Customer_1788,UK,East,Sports,Product_483,4,137.38,549.52,0.2,162.37,Express,Net Banking
AMZ101789,2022-03-16 13:00:00,CUST8426,Customer_1789,USA,South,Electronics,Product_435,2,137.38,274.76,0.2,81.18,Express,Cash on Delivery
AMZ101790,2022-03-16 14:00:00,CUST9533,Customer_1790,India,Central,Electronics,Product_340,4,137.38,549.52,0.2,162.37,Standard,Cash on Delivery
AMZ101791,2022-03-16 15:00:00,CUST6249,Customer_1791,Australia,Central,Electronics,Product_412,2,137.38,274.76,0.2,81.18,Express,Net Banking
AMZ101792,2022-03-16 16:00:00,CUST6291,Customer_1792,Canada,South,Beauty,Product_128,3,137.38,412.14,0.2,121.78,Same Day,Net Banking
AMZ101793,2022-03-16 17:00:00,CUST3817,Customer_1793,USA,Central,Home & Kitchen,Product_185,1,137.38,137.38,0.2,40.59,Same Day,UPI
AMZ101794,2022-03-16 18:00:00,CUST4874,Customer_1794,UK,West,Electronics,Product_58,1,137.38,137.38,0.2,40.59,Same Day,Credit Card
AMZ101795,2022-03-16 19:00:00,CUST5211,Customer_1795,USA,Central,Beauty,Product_143,2,137.38,274.76,0.2,81.18,Same Day,Credit Card
AMZ101796,2022-03-16 20:00:00,CUST1661,Customer_1796,Australia,Central,Home & Kitchen,Product_400,3,137.38,412.14,0.2,121.78,Express,Debit Card
AMZ101797,2022-03-16 21:00:00,CUST4374,Customer_1797,UK,Central,Electronics,Product_97,2,137.38,274.76,0.2,81.18,Same Day,Debit Card
AMZ101798,2022-03-16 22:00:00,CUST1207,Customer_1798,Canada,West,Clothing,Product_47,4,137.38,549.52,0.2,162.37,Express,Debit Card
AMZ101799,2022-03-16 23:00:00,CUST3665,Customer_1799,Canada,Central,Books,Product_191,2,137.38,274.76,0.2,81.18,Standard,Cash on Delivery
AMZ101800,2022-03-17 00:00:00,CUST3493,Customer_1800,Canada,West,Electronics,Product_140,3,137.38,412.14,0.2,121.78,Same Day,Cash on Delivery
AMZ101801,2022-03-17 01:00:00,CUST7813,Customer_1801,India,South,Books,Product_103,4,137.38,549.52,0.2,162.37,Standard,UPI
AMZ101802,2022-03-17 02:00:00,CUST1632,Customer_1802,UK,North,Electronics,Product_231,1,137.38,137.38,0.2,40.59,Same Day,Cash on Delivery
AMZ101803,2022-03-17 03:00:00,CUST4083,Customer_1803,UK,South,Clothing,Product_427,1,137.38,137.38,0.2,40.59,Standard,Debit Card
AMZ101804,2022-03-17 04:00:00,CUST4719,Customer_1804,India,North,Books,Product_340,1,137.38,137.38,0.2,40.59,Standard,Net Banking
AMZ101805,2022-03-17 05:00:00,CUST8123,Customer_1805,UK,South,Beauty,Product_413,3,137.38,412.14,0.2,121.78,Standard,Debit Card
AMZ101806,2022-03-17 06:00:00,CUST2679,Customer_1806,India,North,Clothing,Product_491,3,137.38,412.14,0.2,121.78,Standard,UPI
AMZ101807,2022-03-17 07:00:00,CUST1236,Customer_1807,USA,North,Books,Product_49,3,137.38,412.14,0.2,121.78,Standard,Net Banking
AMZ101808,2022-03-17 08:00:00,CUST8446,Customer_1808,Australia,East,Books,Product_387,3,137.38,412.14,0.2,121.78,Express,Cash on Delivery
AMZ101809,2022-03-17 09:00:00,CUST5443,Customer_1809,Canada,North,Sports,Product_112,3,137.38,412.14,0.2,121.78,Express,Net Banking
AMZ101810,2022-03-17 10:00:00,CUST7770,Customer_1810,India,North,Sports,Product_453,4,137.38,549.52,0.2,162.37,Same Day,UPI
AMZ101811,2022-03-17 11:00:00,CUST7099,Customer_1811,India,East,Clothing,Product_316,2,137.38,274.76,0.2,81.18,Express,Cash on Delivery
AMZ101812,2022-03-17 12:00:00,CUST9555,Customer_1812,India,Central,Clothing,Product_322,1,137.38,137.38,0.2,40.59,Standard,Credit Card
AMZ101813,2022-03-17 13:00:00,CUST3368,Customer_1813,USA,Central,Clothing,Product_87,3,137.38,412.14,0.2,121.78,Express,Debit Card
AMZ101814,2022-03-17 14:00:00,CUST1285,Customer_1814,India,East,Home & Kitchen,Product_382,1,137.38,137.38,0.2,40.59,Express,Debit Card
AMZ101815,2022-03-17 15:00:00,CUST1148,Customer_1815,Australia,West,Beauty,Product_474,3,137.38,412.14,0.2,121.78,Standard,UPI
AMZ101816,2022-03-17 16:00:00,CUST5037,Customer_1816,Australia,North,Electronics,Product_282,1,137.38,137.38,0.2,40.59,Express,UPI
AMZ101817,2022-03-17 17:00:00,CUST7549,Customer_1817,Canada,North,Sports,Product_327,2,137.38,274.76,0.2,81.18,Standard,Debit Card
AMZ101818,2022-03-17 18:00:00,CUST8121,Customer_1818,USA,East,Books,Product_252,1,137.38,137.38,0.2,40.59,Express,Net Banking
AMZ101819,2022-03-17 19:00:00,CUST5895,Customer_1819,Australia,East,Sports,Product_74,1,137.38,137.38,0.2,40.59,Standard,Credit Card
AMZ101820,2022-03-17 20:00:00,CUST6280,Customer_1820,UK,West,Electronics,Product_453,3,137.38,412.14,0.2,121.78,Same Day,Credit Card
AMZ101821,2022-03-17 21:00:00,CUST2012,Customer_1821,UK,Central,Clothing,Product_47,4,137.38,549.52,0.2,162.37,Express,UPI
AMZ101822,2022-03-17 22:00:00,CUST3785,Customer_1822,UK,South,Sports,Product_76,4,137.38,549.52,0.2,162.37,Same Day,UPI
AMZ101823,2022-03-17 23:00:00,CUST4725,Customer_1823,India,Central,Beauty,Product_96,1,137.38,137.38,0.2,40.59,Standard,Net Banking
AMZ101824,2022-03-18 00:00:00,CUST5576,Customer_1824,India,North,Beauty,Product_426,4,137.38,549.52,0.2,162.37,Standard,UPI
AMZ101825,2022-03-18 01:00:00,CUST6782,Customer_1825,UK,East,Home & Kitchen,Product_31,2,137.38,274.76,0.2,81.18,Same Day,Credit Card
AMZ101826,2022-03-18 02:00:00,CUST7257,Customer_1826,Canada,West,Sports,Product_22,2,137.38,274.76,0.2,81.18,Standard,Debit Card
AMZ101827,2022-03-18 03:00:00,CUST3408,Customer_1827,Canada,Central,Clothing,Product_17,4,137.38,549.52,0.2,162.37,Standard,Credit Card
AMZ101828,2022-03-18 04:00:00,CUST1340,Customer_1828,India,West,Books,Product_212,4,137.38,549.52,0.2,162.37,Standard,Net Banking
AMZ101829,2022-03-18 05:00:00,CUST3817,Customer_1829,UK,Central,Home & Kitchen,Product_148,2,137.38,274.76,0.2,81.18,Standard,Debit Card
AMZ101830,2022-03-18 06:00:00,CUST3496,Customer_1830,Canada,North,Clothing,Product_235,4,137.38,549.52,0.2,162.37,Standard,Debit Card
AMZ101831,2022-03-18 07:00:00,CUST6962,Customer_1831,India,South,Home & Kitchen,Product_392,4,137.38,549.52,0.2,162.37,Standard,Credit Card
AMZ101832,2022-03-18 08:00:00,CUST6299,Customer_1832,UK,West,Sports,Product_495,3,137.38,412.14,0.2,121.78,Standard,Debit Card
AMZ101833,2022-03-18 09:00:00,CUST8574,Customer_1833,USA,West,Electronics,Product_354,3,137.38,412.14,0.2,121.78,Standard,Debit Card
AMZ101834,2022-03-18 10:00:00,CUST2689,Customer_1834,UK,South,Sports,Product_305,4,137.38,549.52,0.2,162.37,Same Day,UPI
AMZ101835,2022-03-18 11:00:00,CUST4267,Customer_1835,UK,West,Clothing,Product_87,4,137.38,549.52,0.2,162.37,Express,Debit Card
AMZ101836,2022-03-18 12:00:00,CUST5406,Customer_1836,Australia,West,Books,Product_38,3,137.38,412.14,0.2,121.78,Standard,Net Banking
AMZ101837,2022-03-18 13:00:00,CUST9453,Customer_1837,Australia,Central,Books,Product_53,3,137.38,412.14,0.2,121.78,Same Day,Debit Card
AMZ101838,2022-03-18 14:00:00,CUST2442,Customer_1838,USA,Central,Clothing,Product_28,4,137.38,549.52,0.2,162.37,Standard,UPI
AMZ101839,2022-03-18 15:00:00,CUST9597,Customer_1839,USA,South,Home & Kitchen,Product_77,3,137.38,412.14,0.2,121.78,Express,Cash on Delivery
AMZ101840,2022-03-18 16:00:00,CUST5437,Customer_1840,UK,North,Beauty,Product_413,2,137.38,274.76,0.2,81.18,Standard,Cash on Delivery
AMZ101841,2022-03-18 17:00:00,CUST6435,Customer_1841,Canada,West,Clothing,Product_200,1,137.38,137.38,0.2,40.59,Same Day,Net Banking
AMZ101842,2022-03-18 18:00:00,CUST9435,Customer_1842,USA,North,Sports,Product_395,2,137.38,274.76,0.2,81.18,Same Day,Net Banking
AMZ101843,2022-03-18 19:00:00,CUST5107,Customer_1843,UK,South,Books,Product_431,3,137.38,412.14,0.2,121.78,Express,Debit Card
AMZ101844,2022-03-18 20:00:00,CUST1560,Customer_1844,India,South,Electronics,Product_173,2,137.38,274.76,0.2,81.18,Standard,Debit Card
AMZ101845,2022-03-18 21:00:00,CUST9785,Customer_1845,Australia,Central,Books,Product_274,1,137.38,137.38,0.2,40.59,Same Day,Cash on Delivery
AMZ101846,2022-03-18 22:00:00,CUST6548,Customer_1846,Canada,West,Beauty,Product_50,3,137.38,412.14,0.2,121.78,Express,Cash on Delivery
AMZ101847,2022-03-18 23:00:00,CUST2826,Customer_1847,UK,East,Books,Product_345,2,137.38,274.76,0.2,81.18,Express,Credit Card
AMZ101848,2022-03-19 00:00:00,CUST8629,Customer_1848,India,South,Beauty,Product_177,2,137.38,274.76,0.2,81.18,Standard,Cash on Delivery
AMZ101849,2022-03-19 01:00:00,CUST9325,Customer_1849,Australia,West,Clothing,Product_406,1,137.38,137.38,0.2,40.59,Same Day,Cash on Delivery
AMZ101850,2022-03-19 02:00:00,CUST4138,Customer_1850,India,North,Books,Product_301,3,137.38,412.14,0.2,121.78,Standard,Net Banking
AMZ101851,2022-03-19 03:00:00,CUST8693,Customer_1851,UK,Central,Home & Kitchen,Product_445,4,137.38,549.52,0.2,162.37,Standard,Credit Card
AMZ101852,2022-03-19 04:00:00,CUST9264,Customer_1852,USA,North,Sports,Product_227,3,137.38,412.14,0.2,121.78,Standard,Credit Card
AMZ101853,2022-03-19 05:00:00,CUST8842,Customer_1853,Australia,South,Home & Kitchen,Product_127,1,137.38,137.38,0.2,40.59,Same Day,Debit Card
AMZ101854,2022-03-19 06:00:00,CUST7721,Customer_1854,India,South,Sports,Product_349,1,137.38,137.38,0.2,40.59,Express,Debit Card
AMZ101855,2022-03-19 07:00:00,CUST8002,Customer_1855,USA,North,Books,Product_21,1,137.38,137.38,0.2,40.59,Standard,Credit Card
AMZ101856,2022-03-19 08:00:00,CUST5225,Customer_1856,Canada,South,Books,Product_199,1,137.38,137.38,0.2,40.59,Standard,Credit Card
AMZ101857,2022-03-19 09:00:00,CUST3978,Customer_1857,UK,West,Sports,Product_189,4,137.38,549.52,0.2,162.37,Same Day,Debit Card
AMZ101858,2022-03-19 10:00:00,CUST8373,Customer_1858,UK,South,Electronics,Product_332,3,137.38,412.14,0.2,121.78,Standard,Net Banking
AMZ101859,2022-03-19 11:00:00,CUST6907,Customer_1859,Australia,Central,Books,Product_420,3,137.38,412.14,0.2,121.78,Express,Net Banking
AMZ101860,2022-03-19 12:00:00,CUST7097,Customer_1860,India,West,Electronics,Product_152,2,137.38,274.76,0.2,81.18,Standard,Net Banking
AMZ101861,2022-03-19 13:00:00,CUST6656,Customer_1861,Canada,East,Electronics,Product_160,4,137.38,549.52,0.2,162.37,Express,Net Banking
AMZ101862,2022-03-19 14:00:00,CUST9984,Customer_1862,Australia,South,Sports,Product_347,4,137.38,549.52,0.2,162.37,Standard,Debit Card
AMZ101863,2022-03-19 15:00:00,CUST5259,Customer_1863,Australia,South,Electronics,Product_480,2,137.38,274.76,0.2,81.18,Standard,UPI
AMZ101864,2022-03-19 16:00:00,CUST9286,Customer_1864,India,Central,Electronics,Product_443,2,137.38,274.76,0.2,81.18,Standard,Cash on Delivery
AMZ101865,2022-03-19 17:00:00,CUST6901,Customer_1865,Canada,Central,Clothing,Product_96,3,137.38,412.14,0.2,121.78,Express,Cash on Delivery
AMZ101866,2022-03-19 18:00:00,CUST5917,Customer_1866,India,North,Home & Kitchen,Product_352,3,137.38,412.14,0.2,121.78,Standard,Cash on Delivery
AMZ101867,2022-03-19 19:00:00,CUST9429,Customer_1867,UK,North,Electronics,Product_474,3,137.38,412.14,0.2,121.78,Standard,Cash on Delivery
AMZ101868,2022-03-19 20:00:00,CUST3530,Customer_1868,USA,North,Home & Kitchen,Product_75,4,137.38,549.52,0.2,162.37,Standard,Debit Card
AMZ101869,2022-03-19 21:00:00,CUST2960,Customer_1869,UK,Central,Electronics,Product_366,4,137.38,549.52,0.2,162.37,Express,UPI
AMZ101870,2022-03-19 22:00:00,CUST8045,Customer_1870,UK,North,Home & Kitchen,Product_82,2,137.38,274.76,0.2,81.18,Standard,Debit Card
AMZ101871,2022-03-19 23:00:00,CUST2048,Customer_1871,Australia,North,Books,Product_128,1,137.38,137.38,0.2,40.59,Same Day,UPI
AMZ101872,2022-03-20 00:00:00,CUST6772,Customer_1872,UK,East,Books,Product_359,1,137.38,137.38,0.2,40.59,Express,Debit Card
AMZ101873,2022-03-20 01:00:00,CUST3529,Customer_1873,Canada,North,Home & Kitchen,Product_133,1,137.38,137.38,0.2,40.59,Same Day,Credit Card
AMZ101874,2022-03-20 02:00:00,CUST3964,Customer_1874,UK,South,Electronics,Product_400,1,137.38,137.38,0.2,40.59,Standard,UPI
AMZ101875,2022-03-20 03:00:00,CUST8137,Customer_1875,Canada,Central,Clothing,Product_139,1,137.38,137.38,0.2,40.59,Express,Cash on Delivery
AMZ101876,2022-03-20 04:00:00,CUST1963,Customer_1876,India,West,Home & Kitchen,Product_246,3,137.38,412.14,0.2,121.78,Express,UPI
AMZ101877,2022-03-20 05:00:00,CUST1536,Customer_1877,Australia,East,Beauty,Product_291,2,137.38,274.76,0.2,81.18,Standard,Net Banking
AMZ101878,2022-03-20 06:00:00,CUST8340,Customer_1878,Canada,Central,Clothing,Product_112,1,137.38,137.38,0.2,40.59,Same Day,UPI
AMZ101879,2022-03-20 07:00:00,CUST8179,Customer_1879,UK,Central,Beauty,Product_203,1,137.38,137.38,0.2,40.59,Express,Net Banking
AMZ101880,2022-03-20 08:00:00,CUST8967,Customer_1880,Australia,South,Home & Kitchen,Product_170,1,137.38,137.38,0.2,40.59,Express,Net Banking
AMZ101881,2022-03-20 09:00:00,CUST9734,Customer_1881,Australia,North,Electronics,Product_87,3,137.38,412.14,0.2,121.78,Express,Credit Card
AMZ101882,2022-03-20 10:00:00,CUST1845,Customer_1882,Canada,South,Beauty,Product_119,1,137.38,137.38,0.2,40.59,Express,UPI
AMZ101883,2022-03-20 11:00:00,CUST6777,Customer_1883,Canada,North,Home & Kitchen,Product_98,2,137.38,274.76,0.2,81.18,Express,Credit Card
AMZ101884,2022-03-20 12:00:00,CUST4036,Customer_1884,USA,North,Clothing,Product_240,3,137.38,412.14,0.2,121.78,Standard,Cash on Delivery
AMZ101885,2022-03-20 13:00:00,CUST6947,Customer_1885,USA,Central,Electronics,Product_337,3,137.38,412.14,0.2,121.78,Express,UPI
AMZ101886,2022-03-20 14:00:00,CUST3494,Customer_1886,Australia,North,Beauty,Product_138,4,137.38,549.52,0.2,162.37,Same Day,Debit Card
AMZ101887,2022-03-20 15:00:00,CUST3719,Customer_1887,USA,East,Home & Kitchen,Product_82,4,137.38,549.52,0.2,162.37,Express,Debit Card
AMZ101888,2022-03-20 16:00:00,CUST2884,Customer_1888,UK,East,Electronics,Product_236,3,137.38,412.14,0.2,121.78,Standard,Debit Card
AMZ101889,2022-03-20 17:00:00,CUST5349,Customer_1889,India,East,Electronics,Product_136,1,137.38,137.38,0.2,40.59,Standard,Net Banking
AMZ101890,2022-03-20 18:00:00,CUST6179,Customer_1890,Australia,Central,Books,Product_282,1,137.38,137.38,0.2,40.59,Same Day,Debit Card
AMZ101891,2022-03-20 19:00:00,CUST7610,Customer_1891,India,South,Electronics,Product_3,1,137.38,137.38,0.2,40.59,Express,Cash on Delivery
AMZ101892,2022-03-20 20:00:00,CUST7430,Customer_1892,USA,West,Home & Kitchen,Product_59,1,137.38,137.38,0.2,40.59,Same Day,UPI
AMZ101893,2022-03-20 21:00:00,CUST8154,Customer_1893,Canada,North,Clothing,Product_116,4,137.38,549.52,0.2,162.37,Same Day,UPI
AMZ101894,2022-03-20 22:00:00,CUST7488,Customer_1894,Australia,West,Sports,Product_472,2,137.38,274.76,0.2,81.18,Same Day,Net Banking
AMZ101895,2022-03-20 23:00:00,CUST5737,Customer_1895,USA,South,Books,Product_131,3,137.38,412.14,0.2,121.78,Same Day,Net Banking
AMZ101896,2022-03-21 00:00:00,CUST7525,Customer_1896,UK,South,Home & Kitchen,Product_422,1,137.38,137.38,0.2,40.59,Express,Net Banking
AMZ101897,2022-03-21 01:00:00,CUST4850,Customer_1897,Australia,Central,Home & Kitchen,Product_386,4,137.38,549.52,0.2,162.37,Standard,Cash on Delivery
AMZ101898,2022-03-21 02:00:00,CUST1689,Customer_1898,Australia,East,Home & Kitchen,Product_483,2,137.38,274.76,0.2,81.18,Standard,UPI
AMZ101899,2022-03-21 03:00:00,CUST6175,Customer_1899,Canada,East,Beauty,Product_401,3,137.38,412.14,0.2,121.78,Express,Credit Card
AMZ101900,2022-03-21 04:00:00,CUST9648,Customer_1900,Australia,South,Beauty,Product_201,3,137.38,412.14,0.2,121.78,Same Day,Net Banking
AMZ101901,2022-03-21 05:00:00,CUST6078,Customer_1901,Canada,Central,Clothing,Product_292,3,137.38,412.14,0.2,121.78,Express,Debit Card
AMZ101902,2022-03-21 06:00:00,CUST6448,Customer_1902,USA,Central,Home & Kitchen,Product_342,1,137.38,137.38,0.2,40.59,Same Day,Credit Card
AMZ101903,2022-03-21 07:00:00,CUST2179,Customer_1903,UK,North,Beauty,Product_479,3,137.38,412.14,0.2,121.78,Same Day,Credit Card
AMZ101904,2022-03-21 08:00:00,CUST7406,Customer_1904,UK,East,Beauty,Product_98,1,137.38,137.38,0.2,40.59,Express,Net Banking
AMZ101905,2022-03-21 09:00:00,CUST9591,Customer_1905,Australia,South,Beauty,Product_216,2,137.38,274.76,0.2,81.18,Express,Debit Card
AMZ101906,2022-03-21 10:00:00,CUST7907,Customer_1906,Australia,West,Clothing,Product_124,4,137.38,549.52,0.2,162.37,Same Day,Net Banking
AMZ101907,2022-03-21 11:00:00,CUST9800,Customer_1907,USA,East,Clothing,Product_73,4,137.38,549.52,0.2,162.37,Same Day,Net Banking
AMZ101908,2022-03-21 12:00:00,CUST2638,Customer_1908,Canada,North,Home & Kitchen,Product_366,4,137.38,549.52,0.2,162.37,Same Day,Debit Card
AMZ101909,2022-03-21 13:00:00,CUST6671,Customer_1909,UK,Central,Books,Product_378,3,137.38,412.14,0.2,121.78,Same Day,Credit Card
AMZ101910,2022-03-21 14:00:00,CUST7928,Customer_1910,Canada,South,Home & Kitchen,Product_491,4,137.38,549.52,0.2,162.37,Express,Credit Card
AMZ101911,2022-03-21 15:00:00,CUST2382,Customer_1911,USA,East,Beauty,Product_130,2,137.38,274.76,0.2,81.18,Standard,Debit Card
AMZ101912,2022-03-21 16:00:00,CUST2403,Customer_1912,UK,West,Sports,Product_469,1,137.38,137.38,0.2,40.59,Standard,Credit Card
AMZ101913,2022-03-21 17:00:00,CUST4292,Customer_1913,UK,North,Beauty,Product_418,4,137.38,549.52,0.2,162.37,Same Day,Cash on Delivery
AMZ101914,2022-03-21 18:00:00,CUST1419,Customer_1914,India,North,Electronics,Product_27,1,137.38,137.38,0.2,40.59,Standard,Net Banking
AMZ101915,2022-03-21 19:00:00,CUST5517,Customer_1915,USA,East,Sports,Product_165,1,137.38,137.38,0.2,40.59,Standard,Cash on Delivery
AMZ101916,2022-03-21 20:00:00,CUST4302,Customer_1916,USA,West,Sports,Product_455,4,137.38,549.52,0.2,162.37,Standard,Cash on Delivery
AMZ101917,2022-03-21 21:00:00,CUST8857,Customer_1917,India,North,Home & Kitchen,Product_406,4,137.38,549.52,0.2,162.37,Standard,Cash on Delivery
AMZ101918,2022-03-21 22:00:00,CUST8870,Customer_1918,Canada,South,Beauty,Product_68,4,137.38,549.52,0.2,162.37,Standard,UPI
AMZ101919,2022-03-21 23:00:00,CUST6693,Customer_1919,India,North,Beauty,Product_14,3,137.38,412.14,0.2,121.78,Standard,UPI
AMZ101920,2022-03-22 00:00:00,CUST1767,Customer_1920,USA,West,Books,Product_98,4,137.38,549.52,0.2,162.37,Same Day,Cash on Delivery
AMZ101921,2022-03-22 01:00:00,CUST3044,Customer_1921,Canada,Central,Electronics,Product_279,3,137.38,412.14,0.2,121.78,Same Day,Net Banking
AMZ101922,2022-03-22 02:00:00,CUST2549,Customer_1922,UK,Central,Home & Kitchen,Product_428,2,137.38,274.76,0.2,81.18,Same Day,Cash on Delivery
AMZ101923,2022-03-22 03:00:00,CUST7140,Customer_1923,India,East,Clothing,Product_490,1,137.38,137.38,0.2,40.59,Express,Cash on Delivery
AMZ101924,2022-03-22 04:00:00,CUST4716,Customer_1924,Canada,West,Home & Kitchen,Product_473,2,137.38,274.76,0.2,81.18,Standard,UPI
AMZ101925,2022-03-22 05:00:00,CUST5481,Customer_1925,Canada,North,Sports,Product_449,4,137.38,549.52,0.2,162.37,Standard,Cash on Delivery
AMZ101926,2022-03-22 06:00:00,CUST8898,Customer_1926,Canada,North,Home & Kitchen,Product_371,1,137.38,137.38,0.2,40.59,Express,Net Banking
AMZ101927,2022-03-22 07:00:00,CUST7548,Customer_1927,India,Central,Books,Product_247,4,137.38,549.52,0.2,162.37,Standard,Net Banking
AMZ101928,2022-03-22 08:00:00,CUST3293,Customer_1928,UK,Central,Home & Kitchen,Product_112,4,137.38,549.52,0.2,162.37,Same Day,Cash on Delivery
AMZ101929,2022-03-22 09:00:00,CUST5837,Customer_1929,Canada,South,Books,Product_207,1,137.38,137.38,0.2,40.59,Same Day,Net Banking
AMZ101930,2022-03-22 10:00:00,CUST8758,Customer_1930,India,Central,Sports,Product_352,2,137.38,274.76,0.2,81.18,Express,Cash on Delivery
AMZ101931,2022-03-22 11:00:00,CUST7793,Customer_1931,USA,South,Books,Product_334,4,137.38,549.52,0.2,162.37,Same Day,UPI
AMZ101932,2022-03-22 12:00:00,CUST8638,Customer_1932,India,North,Beauty,Product_233,1,137.38,137.38,0.2,40.59,Express,Cash on Delivery
AMZ101933,2022-03-22 13:00:00,CUST8993,Customer_1933,India,South,Clothing,Product_61,2,137.38,274.76,0.2,81.18,Same Day,Credit Card
AMZ101934,2022-03-22 14:00:00,CUST7007,Customer_1934,India,South,Sports,Product_85,3,137.38,412.14,0.2,121.78,Standard,UPI
AMZ101935,2022-03-22 15:00:00,CUST6542,Customer_1935,Canada,East,Books,Product_183,2,137.38,274.76,0.2,81.18,Same Day,Net Banking
AMZ101936,2022-03-22 16:00:00,CUST7356,Customer_1936,India,Central,Electronics,Product_239,2,137.38,274.76,0.2,81.18,Express,Net Banking
AMZ101937,2022-03-22 17:00:00,CUST9433,Customer_1937,USA,South,Sports,Product_250,1,137.38,137.38,0.2,40.59,Standard,UPI
AMZ101938,2022-03-22 18:00:00,CUST8380,Customer_1938,Canada,North,Electronics,Product_71,2,137.38,274.76,0.2,81.18,Express,Credit Card
AMZ101939,2022-03-22 19:00:00,CUST3385,Customer_1939,USA,West,Clothing,Product_228,3,137.38,412.14,0.2,121.78,Standard,UPI
AMZ101940,2022-03-22 20:00:00,CUST5268,Customer_1940,Australia,South,Books,Product_85,3,137.38,412.14,0.2,121.78,Standard,Debit Card
AMZ101941,2022-03-22 21:00:00,CUST1671,Customer_1941,India,Central,Sports,Product_306,4,137.38,549.52,0.2,162.37,Same Day,Credit Card
AMZ101942,2022-03-22 22:00:00,CUST1163,Customer_1942,Canada,East,Sports,Product_488,3,137.38,412.14,0.2,121.78,Same Day,UPI
AMZ101943,2022-03-22 23:00:00,CUST9656,Customer_1943,Canada,North,Clothing,Product_396,4,137.38,549.52,0.2,162.37,Standard,Debit Card
AMZ101944,2022-03-23 00:00:00,CUST5592,Customer_1944,India,East,Beauty,Product_463,3,137.38,412.14,0.2,121.78,Same Day,Cash on Delivery
AMZ101945,2022-03-23 01:00:00,CUST5795,Customer_1945,UK,West,Electronics,Product_271,2,137.38,274.76,0.2,81.18,Same Day,Credit Card
AMZ101946,2022-03-23 02:00:00,CUST5798,Customer_1946,UK,South,Sports,Product_401,4,137.38,549.52,0.2,162.37,Express,Cash on Delivery
AMZ101947,2022-03-23 03:00:00,CUST7036,Customer_1947,USA,South,Home & Kitchen,Product_290,3,137.38,412.14,0.2,121.78,Same Day,Debit Card
AMZ101948,2022-03-23 04:00:00,CUST3355,Customer_1948,India,Central,Electronics,Product_236,2,137.38,274.76,0.2,81.18,Standard,Net Banking
AMZ101949,2022-03-23 05:00:00,CUST6887,Customer_1949,India,South,Books,Product_291,2,137.38,274.76,0.2,81.18,Same Day,Net Banking
AMZ101950,2022-03-23 06:00:00,CUST8961,Customer_1950,Australia,North,Clothing,Product_39,4,137.38,549.52,0.2,162.37,Standard,Net Banking
AMZ101951,2022-03-23 07:00:00,CUST6827,Customer_1951,UK,West,Electronics,Product_486,1,137.38,137.38,0.2,40.59,Standard,Cash on Delivery
AMZ101952,2022-03-23 08:00:00,CUST9737,Customer_1952,UK,East,Home & Kitchen,Product_206,2,137.38,274.76,0.2,81.18,Express,Credit Card
AMZ101953,2022-03-23 09:00:00,CUST5719,Customer_1953,India,West,Home & Kitchen,Product_183,2,137.38,274.76,0.2,81.18,Standard,Cash on Delivery
AMZ101954,2022-03-23 10:00:00,CUST1593,Customer_1954,USA,South,Clothing,Product_187,1,137.38,137.38,0.2,40.59,Standard,Cash on Delivery
AMZ101955,2022-03-23 11:00:00,CUST5839,Customer_1955,India,East,Clothing,Product_133,4,137.38,549.52,0.2,162.37,Express,Net Banking
AMZ101956,2022-03-23 12:00:00,CUST8394,Customer_1956,USA,Central,Electronics,Product_30,3,137.38,412.14,0.2,121.78,Standard,Cash on Delivery
AMZ101957,2022-03-23 13:00:00,CUST4493,Customer_1957,UK,West,Books,Product_388,3,137.38,412.14,0.2,121.78,Express,Debit Card
AMZ101958,2022-03-23 14:00:00,CUST7164,Customer_1958,Australia,East,Beauty,Product_255,2,137.38,274.76,0.2,81.18,Standard,UPI
AMZ101959,2022-03-23 15:00:00,CUST3672,Customer_1959,Canada,East,Home & Kitchen,Product_143,1,137.38,137.38,0.2,40.59,Same Day,UPI
AMZ101960,2022-03-23 16:00:00,CUST5200,Customer_1960,UK,East,Clothing,Product_103,2,137.38,274.76,0.2,81.18,Express,UPI
AMZ101961,2022-03-23 17:00:00,CUST1016,Customer_1961,USA,North,Beauty,Product_419,4,137.38,549.52,0.2,162.37,Express,Net Banking
AMZ101962,2022-03-23 18:00:00,CUST4191,Customer_1962,India,West,Beauty,Product_493,2,137.38,274.76,0.2,81.18,Standard,Net Banking
AMZ101963,2022-03-23 19:00:00,CUST1392,Customer_1963,UK,East,Beauty,Product_74,3,137.38,412.14,0.2,121.78,Express,UPI
AMZ101964,2022-03-23 20:00:00,CUST9616,Customer_1964,Australia,West,Books,Product_55,1,137.38,137.38,0.2,40.59,Standard,Credit Card
AMZ101965,2022-03-23 21:00:00,CUST7272,Customer_1965,USA,East,Clothing,Product_450,4,137.38,549.52,0.2,162.37,Express,UPI
AMZ101966,2022-03-23 22:00:00,CUST1571,Customer_1966,India,Central,Home & Kitchen,Product_236,2,137.38,274.76,0.2,81.18,Express,Cash on Delivery
AMZ101967,2022-03-23 23:00:00,CUST4631,Customer_1967,Canada,Central,Clothing,Product_60,3,137.38,412.14,0.2,121.78,Same Day,UPI
AMZ101968,2022-03-24 00:00:00,CUST7172,Customer_1968,USA,Central,Electronics,Product_24,2,137.38,274.76,0.2,81.18,Standard,UPI
AMZ101969,2022-03-24 01:00:00,CUST8177,Customer_1969,India,South,Home & Kitchen,Product_476,3,137.38,412.14,0.2,121.78,Same Day,Credit Card
AMZ101970,2022-03-24 02:00:00,CUST9433,Customer_1970,Canada,East,Clothing,Product_22,1,137.38,137.38,0.2,40.59,Express,Net Banking
AMZ101971,2022-03-24 03:00:00,CUST4897,Customer_1971,India,South,Home & Kitchen,Product_428,4,137.38,549.52,0.2,162.37,Standard,Net Banking
AMZ101972,2022-03-24 04:00:00,CUST9123,Customer_1972,Canada,West,Electronics,Product_32,2,137.38,274.76,0.2,81.18,Same Day,Cash on Delivery
AMZ101973,2022-03-24 05:00:00,CUST3279,Customer_1973,Canada,South,Sports,Product_351,4,137.38,549.52,0.2,162.37,Express,UPI
AMZ101974,2022-03-24 06:00:00,CUST9980,Customer_1974,Canada,West,Home & Kitchen,Product_339,1,137.38,137.38,0.2,40.59,Same Day,Debit Card
AMZ101975,2022-03-24 07:00:00,CUST8451,Customer_1975,India,West,Sports,Product_435,3,137.38,412.14,0.2,121.78,Express,Cash on Delivery
AMZ101976,2022-03-24 08:00:00,CUST9906,Customer_1976,Canada,West,Beauty,Product_469,1,137.38,137.38,0.2,40.59,Express,Net Banking
AMZ101977,2022-03-24 09:00:00,CUST1775,Customer_1977,USA,South,Books,Product_3,1,137.38,137.38,0.2,40.59,Standard,Credit Card
AMZ101978,2022-03-24 10:00:00,CUST7869,Customer_1978,Australia,East,Electronics,Product_70,4,137.38,549.52,0.2,162.37,Standard,Net Banking
AMZ101979,2022-03-24 11:00:00,CUST3247,Customer_1979,Australia,South,Home & Kitchen,Product_160,1,137.38,137.38,0.2,40.59,Standard,Net Banking
AMZ101980,2022-03-24 12:00:00,CUST8088,Customer_1980,Canada,East,Electronics,Product_386,2,137.38,274.76,0.2,81.18,Express,Credit Card
AMZ101981,2022-03-24 13:00:00,CUST1078,Customer_1981,Australia,East,Beauty,Product_88,3,137.38,412.14,0.2,121.78,Same Day,UPI
AMZ101982,2022-03-24 14:00:00,CUST9080,Customer_1982,Australia,West,Sports,Product_365,1,137.38,137.38,0.2,40.59,Standard,UPI
AMZ101983,2022-03-24 15:00:00,CUST8099,Customer_1983,Canada,South,Books,Product_59,2,137.38,274.76,0.2,81.18,Standard,Net Banking
AMZ101984,2022-03-24 16:00:00,CUST4926,Customer_1984,Canada,East,Electronics,Product_252,3,137.38,412.14,0.2,121.78,Standard,Cash on Delivery
AMZ101985,2022-03-24 17:00:00,CUST8340,Customer_1985,USA,Central,Sports,Product_219,4,137.38,549.52,0.2,162.37,Standard,Debit Card
AMZ101986,2022-03-24 18:00:00,CUST8083,Customer_1986,UK,East,Beauty,Product_201,3,137.38,412.14,0.2,121.78,Express,Cash on Delivery
AMZ101987,2022-03-24 19:00:00,CUST7230,Customer_1987,India,Central,Beauty,Product_77,4,137.38,549.52,0.2,162.37,Same Day,Cash on Delivery
AMZ101988,2022-03-24 20:00:00,CUST5940,Customer_1988,Canada,South,Beauty,Product_255,3,137.38,412.14,0.2,121.78,Express,Net Banking
AMZ101989,2022-03-24 21:00:00,CUST4271,Customer_1989,Canada,South,Sports,Product_247,1,137.38,137.38,0.2,40.59,Express,Net Banking
AMZ101990,2022-03-24 22:00:00,CUST4456,Customer_1990,Australia,South,Home & Kitchen,Product_270,4,137.38,549.52,0.2,162.37,Express,Debit Card
AMZ101991,2022-03-24 23:00:00,CUST8788,Customer_1991,USA,East,Clothing,Product_307,4,137.38,549.52,0.2,162.37,Standard,Debit Card
AMZ101992,2022-03-25 00:00:00,CUST9599,Customer_1992,Australia,North,Electronics,Product_139,4,137.38,549.52,0.2,162.37,Same Day,Debit Card
AMZ101993,2022-03-25 01:00:00,CUST8650,Customer_1993,Canada,East,Clothing,Product_78,1,137.38,137.38,0.2,40.59,Express,Net Banking
AMZ101994,2022-03-25 02:00:00,CUST3711,Customer_1994,Canada,East,Beauty,Product_80,1,137.38,137.38,0.2,40.59,Express,Net Banking
AMZ101995,2022-03-25 03:00:00,CUST2668,Customer_1995,Australia,West,Clothing,Product_10,3,137.38,412.14,0.2,121.78,Express,Cash on Delivery
AMZ101996,2022-03-25 04:00:00,CUST1147,Customer_1996,Canada,West,Sports,Product_468,3,137.38,412.14,0.2,121.78,Standard,Net Banking
AMZ101997,2022-03-25 05:00:00,CUST7420,Customer_1997,UK,East,Beauty,Product_336,1,137.38,137.38,0.2,40.59,Standard,UPI
AMZ101998,2022-03-25 06:00:00,CUST1365,Customer_1998,India,Central,Beauty,Product_124,1,137.38,137.38,0.2,40.59,Express,UPI
AMZ101999,2022-03-25 07:00:00,CUST5531,Customer_1999,India,West,Books,Product_186,4,137.38,549.52,0.2,162.37,Standard,Debit Card
AMZ102000,2022-03-25 08:00:00,CUST6330,Customer_2000,India,East,Books,Product_34,3,137.38,412.14,0.2,121.78,Same Day,Net Banking
AMZ102001,2022-03-25 09:00:00,CUST6510,Customer_2001,UK,North,Sports,Product_121,3,137.38,412.14,0.2,121.78,Standard,UPI
AMZ102002,2022-03-25 10:00:00,CUST9754,Customer_2002,Canada,Central,Sports,Product_80,4,137.38,549.52,0.2,162.37,Express,Cash on Delivery
AMZ102003,2022-03-25 11:00:00,CUST9964,Customer_2003,Australia,South,Clothing,Product_206,4,137.38,549.52,0.2,162.37,Same Day,Credit Card
AMZ102004,2022-03-25 12:00:00,CUST7493,Customer_2004,USA,East,Electronics,Product_53,4,137.38,549.52,0.2,162.37,Standard,Cash on Delivery
AMZ102005,2022-03-25 13:00:00,CUST6439,Customer_2005,Canada,East,Clothing,Product_156,2,137.38,274.76,0.2,81.18,Express,Credit Card
AMZ102006,2022-03-25 14:00:00,CUST7511,Customer_2006,UK,Central,Sports,Product_274,2,137.38,274.76,0.2,81.18,Same Day,Cash on Delivery
AMZ102007,2022-03-25 15:00:00,CUST8504,Customer_2007,UK,West,Electronics,Product_410,1,137.38,137.38,0.2,40.59,Same Day,UPI
AMZ102008,2022-03-25 16:00:00,CUST2246,Customer_2008,India,West,Clothing,Product_358,3,137.38,412.14,0.2,121.78,Same Day,Net Banking
AMZ102009,2022-03-25 17:00:00,CUST4839,Customer_2009,Canada,West,Home & Kitchen,Product_135,4,137.38,549.52,0.2,162.37,Standard,Credit Card
AMZ102010,2022-03-25 18:00:00,CUST9551,Customer_2010,India,South,Home & Kitchen,Product_429,4,137.38,549.52,0.2,162.37,Same Day,Net Banking
AMZ102011,2022-03-25 19:00:00,CUST3376,Customer_2011,USA,Central,Electronics,Product_98,3,137.38,412.14,0.2,121.78,Standard,Net Banking
AMZ102012,2022-03-25 20:00:00,CUST4009,Customer_2012,India,Central,Books,Product_495,2,137.38,274.76,0.2,81.18,Express,UPI
AMZ102013,2022-03-25 21:00:00,CUST2827,Customer_2013,USA,West,Electronics,Product_241,3,137.38,412.14,0.2,121.78,Standard,Debit Card
AMZ102014,2022-03-25 22:00:00,CUST7979,Customer_2014,UK,West,Clothing,Product_45,1,137.38,137.38,0.2,40.59,Standard,Debit Card
AMZ102015,2022-03-25 23:00:00,CUST9569,Customer_2015,India,North,Beauty,Product_199,2,137.38,274.76,0.2,81.18,Express,Credit Card
AMZ102016,2022-03-26 00:00:00,CUST5285,Customer_2016,India,North,Home & Kitchen,Product_481,3,137.38,412.14,0.2,121.78,Standard,UPI
AMZ102017,2022-03-26 01:00:00,CUST7910,Customer_2017,Australia,East,Beauty,Product_291,3,137.38,412.14,0.2,121.78,Standard,Net Banking
AMZ102018,2022-03-26 02:00:00,CUST9561,Customer_2018,UK,East,Home & Kitchen,Product_436,1,137.38,137.38,0.2,40.59,Express,Cash on Delivery
AMZ102019,2022-03-26 03:00:00,CUST3196,Customer_2019,Australia,Central,Clothing,Product_114,3,137.38,412.14,0.2,121.78,Same Day,Cash on Delivery
AMZ102020,2022-03-26 04:00:00,CUST4747,Customer_2020,USA,Central,Home & Kitchen,Product_487,2,137.38,274.76,0.2,81.18,Express,Credit Card
AMZ102021,2022-03-26 05:00:00,CUST9843,Customer_2021,USA,South,Electronics,Product_277,4,137.38,549.52,0.2,162.37,Same Day,Credit Card
AMZ102022,2022-03-26 06:00:00,CUST6978,Customer_2022,UK,South,Beauty,Product_241,4,137.38,549.52,0.2,162.37,Standard,Credit Card
AMZ102023,2022-03-26 07:00:00,CUST6607,Customer_2023,USA,North,Sports,Product_156,4,137.38,549.52,0.2,162.37,Express,UPI
AMZ102024,2022-03-26 08:00:00,CUST1769,Customer_2024,UK,East,Beauty,Product_352,2,137.38,274.76,0.2,81.18,Same Day,Cash on Delivery
AMZ102025,2022-03-26 09:00:00,CUST1780,Customer_2025,USA,North,Clothing,Product_44,3,137.38,412.14,0.2,121.78,Standard,UPI
AMZ102026,2022-03-26 10:00:00,CUST7303,Customer_2026,Canada,North,Sports,Product_80,3,137.38,412.14,0.2,121.78,Standard,UPI
AMZ102027,2022-03-26 11:00:00,CUST4983,Customer_2027,India,East,Beauty,Product_312,3,137.38,412.14,0.2,121.78,Standard,Net Banking
AMZ102028,2022-03-26 12:00:00,CUST9714,Customer_2028,Canada,South,Clothing,Product_138,3,137.38,412.14,0.2,121.78,Same Day,UPI
AMZ102029,2022-03-26 13:00:00,CUST1521,Customer_2029,UK,East,Books,Product_151,4,137.38,549.52,0.2,162.37,Same Day,UPI
AMZ102030,2022-03-26 14:00:00,CUST8569,Customer_2030,UK,West,Electronics,Product_432,2,137.38,274.76,0.2,81.18,Same Day,Net Banking
AMZ102031,2022-03-26 15:00:00,CUST6784,Customer_2031,Canada,West,Home & Kitchen,Product_436,1,137.38,137.38,0.2,40.59,Standard,Debit Card
AMZ102032,2022-03-26 16:00:00,CUST5583,Customer_2032,India,West,Home & Kitchen,Product_242,2,137.38,274.76,0.2,81.18,Same Day,Net Banking
AMZ102033,2022-03-26 17:00:00,CUST6946,Customer_2033,India,Central,Home & Kitchen,Product_143,3,137.38,412.14,0.2,121.78,Express,Credit Card
AMZ102034,2022-03-26 18:00:00,CUST5941,Customer_2034,Australia,South,Books,Product_311,3,137.38,412.14,0.2,121.78,Same Day,Debit Card
AMZ102035,2022-03-26 19:00:00,CUST7267,Customer_2035,USA,South,Electronics,Product_299,2,137.38,274.76,0.2,81.18,Same Day,Cash on Delivery
AMZ102036,2022-03-26 20:00:00,CUST8128,Customer_2036,Australia,Central,Beauty,Product_50,2,137.38,274.76,0.2,81.18,Standard,UPI
AMZ102037,2022-03-26 21:00:00,CUST3461,Customer_2037,India,North,Beauty,Product_262,4,137.38,549.52,0.2,162.37,Express,Debit Card
AMZ102038,2022-03-26 22:00:00,CUST1685,Customer_2038,Canada,West,Electronics,Product_161,3,137.38,412.14,0.2,121.78,Express,Cash on Delivery
AMZ102039,2022-03-26 23:00:00,CUST3160,Customer_2039,USA,West,Sports,Product_62,2,137.38,274.76,0.2,81.18,Express,Net Banking
AMZ102040,2022-03-27 00:00:00,CUST8031,Customer_2040,Canada,North,Electronics,Product_55,3,137.38,412.14,0.2,121.78,Same Day,Net Banking
AMZ102041,2022-03-27 01:00:00,CUST6341,Customer_2041,Australia,East,Home & Kitchen,Product_423,2,137.38,274.76,0.2,81.18,Standard,Credit Card
AMZ102042,2022-03-27 02:00:00,CUST1038,Customer_2042,UK,East,Beauty,Product_396,3,137.38,412.14,0.2,121.78,Same Day,Credit Card
AMZ102043,2022-03-27 03:00:00,CUST5875,Customer_2043,Canada,South,Electronics,Product_372,2,137.38,274.76,0.2,81.18,Standard,Debit Card
AMZ102044,2022-03-27 04:00:00,CUST2256,Customer_2044,Australia,Central,Beauty,Product_484,3,137.38,412.14,0.2,121.78,Express,UPI
AMZ102045,2022-03-27 05:00:00,CUST8697,Customer_2045,Australia,South,Electronics,Product_31,1,137.38,137.38,0.2,40.59,Same Day,Net Banking
AMZ102046,2022-03-27 06:00:00,CUST3196,Customer_2046,Australia,East,Clothing,Product_330,4,137.38,549.52,0.2,162.37,Standard,Debit Card
AMZ102047,2022-03-27 07:00:00,CUST8165,Customer_2047,UK,North,Home & Kitchen,Product_437,1,137.38,137.38,0.2,40.59,Same Day,Debit Card
AMZ102048,2022-03-27 08:00:00,CUST1301,Customer_2048,UK,South,Electronics,Product_290,4,137.38,549.52,0.2,162.37,Standard,Debit Card
AMZ102049,2022-03-27 09:00:00,CUST8527,Customer_2049,UK,West,Books,Product_169,4,137.38,549.52,0.2,162.37,Express,Credit Card
AMZ102050,2022-03-27 10:00:00,CUST7381,Customer_2050,USA,West,Electronics,Product_266,2,137.38,274.76,0.2,81.18,Same Day,Net Banking
AMZ102051,2022-03-27 11:00:00,CUST1646,Customer_2051,UK,North,Clothing,Product_308,1,137.38,137.38,0.2,40.59,Express,Credit Card
AMZ102052,2022-03-27 12:00:00,CUST9789,Customer_2052,UK,East,Books,Product_459,4,137.38,549.52,0.2,162.37,Same Day,Credit Card
AMZ102053,2022-03-27 13:00:00,CUST9853,Customer_2053,UK,West,Books,Product_185,3,137.38,412.14,0.2,121.78,Same Day,Debit Card
AMZ102054,2022-03-27 14:00:00,CUST5330,Customer_2054,Canada,West,Electronics,Product_334,2,137.38,274.76,0.2,81.18,Standard,Cash on Delivery
AMZ102055,2022-03-27 15:00:00,CUST8003,Customer_2055,UK,Central,Clothing,Product_3,2,137.38,274.76,0.2,81.18,Standard,Cash on Delivery
AMZ102056,2022-03-27 16:00:00,CUST4537,Customer_2056,USA,South,Books,Product_441,3,137.38,412.14,0.2,121.78,Standard,Cash on Delivery
AMZ102057,2022-03-27 17:00:00,CUST5558,Customer_2057,Australia,East,Home & Kitchen,Product_161,3,137.38,412.14,0.2,121.78,Express,Debit Card
AMZ102058,2022-03-27 18:00:00,CUST7579,Customer_2058,Canada,South,Sports,Product_391,4,137.38,549.52,0.2,162.37,Express,UPI
AMZ102059,2022-03-27 19:00:00,CUST9474,Customer_2059,India,East,Home & Kitchen,Product_260,3,137.38,412.14,0.2,121.78,Same Day,Net Banking
AMZ102060,2022-03-27 20:00:00,CUST5082,Customer_2060,UK,West,Beauty,Product_423,2,137.38,274.76,0.2,81.18,Standard,Debit Card
AMZ102061,2022-03-27 21:00:00,CUST5183,Customer_2061,Australia,Central,Beauty,Product_48,3,137.38,412.14,0.2,121.78,Express,Debit Card
AMZ102062,2022-03-27 22:00:00,CUST9652,Customer_2062,Australia,South,Clothing,Product_254,1,137.38,137.38,0.2,40.59,Same Day,Credit Card
AMZ102063,2022-03-27 23:00:00,CUST4754,Customer_2063,Canada,West,Books,Product_74,2,137.38,274.76,0.2,81.18,Express,Cash on Delivery
AMZ102064,2022-03-28 00:00:00,CUST2724,Customer_2064,India,East,Home & Kitchen,Product_335,3,137.38,412.14,0.2,121.78,Same Day,Debit Card
AMZ102065,2022-03-28 01:00:00,CUST2376,Customer_2065,USA,South,Home & Kitchen,Product_400,2,137.38,274.76,0.2,81.18,Standard,UPI
AMZ102066,2022-03-28 02:00:00,CUST9706,Customer_2066,Australia,South,Sports,Product_166,4,137.38,549.52,0.2,162.37,Same Day,Net Banking
AMZ102067,2022-03-28 03:00:00,CUST9894,Customer_2067,Australia,West,Clothing,Product_260,1,137.38,137.38,0.2,40.59,Same Day,UPI
AMZ102068,2022-03-28 04:00:00,CUST2653,Customer_2068,Australia,South,Books,Product_4,4,137.38,549.52,0.2,162.37,Standard,Debit Card
AMZ102069,2022-03-28 05:00:00,CUST3066,Customer_2069,Australia,Central,Clothing,Product_376,1,137.38,137.38,0.2,40.59,Standard,Debit Card
AMZ102070,2022-03-28 06:00:00,CUST1022,Customer_2070,Canada,Central,Electronics,Product_119,3,137.38,412.14,0.2,121.78,Same Day,Credit Card
AMZ102071,2022-03-28 07:00:00,CUST3460,Customer_2071,India,West,Home & Kitchen,Product_484,2,137.38,274.76,0.2,81.18,Express,UPI
AMZ102072,2022-03-28 08:00:00,CUST6926,Customer_2072,Australia,East,Clothing,Product_411,3,137.38,412.14,0.2,121.78,Standard,Credit Card
AMZ102073,2022-03-28 09:00:00,CUST7251,Customer_2073,USA,West,Clothing,Product_470,4,137.38,549.52,0.2,162.37,Same Day,UPI
AMZ102074,2022-03-28 10:00:00,CUST8295,Customer_2074,USA,Central,Sports,Product_470,2,137.38,274.76,0.2,81.18,Standard,Cash on Delivery
AMZ102075,2022-03-28 11:00:00,CUST4300,Customer_2075,UK,North,Electronics,Product_273,3,137.38,412.14,0.2,121.78,Standard,Cash on Delivery
AMZ102076,2022-03-28 12:00:00,CUST7279,Customer_2076,Australia,North,Beauty,Product_493,3,137.38,412.14,0.2,121.78,Express,UPI
AMZ102077,2022-03-28 13:00:00,CUST9553,Customer_2077,Australia,South,Home & Kitchen,Product_226,2,137.38,274.76,0.2,81.18,Standard,Credit Card
AMZ102078,2022-03-28 14:00:00,CUST8353,Customer_2078,Australia,South,Sports,Product_352,2,137.38,274.76,0.2,81.18,Same Day,Cash on Delivery
AMZ102079,2022-03-28 15:00:00,CUST4727,Customer_2079,Australia,North,Clothing,Product_70,4,137.38,549.52,0.2,162.37,Same Day,Debit Card
AMZ102080,2022-03-28 16:00:00,CUST7272,Customer_2080,Australia,Central,Home & Kitchen,Product_182,1,137.38,137.38,0.2,40.59,Standard,Net Banking
AMZ102081,2022-03-28 17:00:00,CUST6995,Customer_2081,USA,South,Beauty,Product_353,1,137.38,137.38,0.2,40.59,Standard,Credit Card
AMZ102082,2022-03-28 18:00:00,CUST1514,Customer_2082,India,West,Clothing,Product_264,2,137.38,274.76,0.2,81.18,Express,UPI
AMZ102083,2022-03-28 19:00:00,CUST1448,Customer_2083,India,West,Electronics,Product_370,1,137.38,137.38,0.2,40.59,Express,Net Banking
AMZ102084,2022-03-28 20:00:00,CUST7019,Customer_2084,UK,Central,Home & Kitchen,Product_181,4,137.38,549.52,0.2,162.37,Express,Net Banking
AMZ102085,2022-03-28 21:00:00,CUST6343,Customer_2085,USA,South,Sports,Product_484,1,137.38,137.38,0.2,40.59,Same Day,Debit Card
AMZ102086,2022-03-28 22:00:00,CUST9033,Customer_2086,Australia,West,Electronics,Product_5,2,137.38,274.76,0.2,81.18,Express,Credit Card
AMZ102087,2022-03-28 23:00:00,CUST3520,Customer_2087,India,South,Beauty,Product_197,4,137.38,549.52,0.2,162.37,Same Day,Net Banking
AMZ102088,2022-03-29 00:00:00,CUST4081,Customer_2088,Canada,South,Beauty,Product_47,2,137.38,274.76,0.2,81.18,Express,Credit Card
AMZ102089,2022-03-29 01:00:00,CUST2428,Customer_2089,Canada,West,Home & Kitchen,Product_458,4,137.38,549.52,0.2,162.37,Same Day,Debit Card
AMZ102090,2022-03-29 02:00:00,CUST4967,Customer_2090,Canada,North,Beauty,Product_40,4,137.38,549.52,0.2,162.37,Standard,UPI
AMZ102091,2022-03-29 03:00:00,CUST7445,Customer_2091,Australia,West,Books,Product_122,2,137.38,274.76,0.2,81.18,Same Day,Net Banking
AMZ102092,2022-03-29 04:00:00,CUST3159,Customer_2092,Australia,Central,Sports,Product_135,3,137.38,412.14,0.2,121.78,Standard,Net Banking
AMZ102093,2022-03-29 05:00:00,CUST6132,Customer_2093,UK,East,Home & Kitchen,Product_140,2,137.38,274.76,0.2,81.18,Same Day,Net Banking
AMZ102094,2022-03-29 06:00:00,CUST3547,Customer_2094,UK,West,Books,Product_350,4,137.38,549.52,0.2,162.37,Same Day,Credit Card
AMZ102095,2022-03-29 07:00:00,CUST3979,Customer_2095,UK,South,Beauty,Product_153,2,137.38,274.76,0.2,81.18,Standard,Net Banking
AMZ102096,2022-03-29 08:00:00,CUST3649,Customer_2096,Canada,South,Home & Kitchen,Product_28,2,137.38,274.76,0.2,81.18,Same Day,Credit Card
AMZ102097,2022-03-29 09:00:00,CUST9505,Customer_2097,Australia,West,Books,Product_427,4,137.38,549.52,0.2,162.37,Same Day,Cash on Delivery
AMZ102098,2022-03-29 10:00:00,CUST4083,Customer_2098,Canada,East,Beauty,Product_77,1,137.38,137.38,0.2,40.59,Express,Cash on Delivery
AMZ102099,2022-03-29 11:00:00,CUST2037,Customer_2099,UK,West,Clothing,Product_175,4,137.38,549.52,0.2,162.37,Standard,Credit Card
AMZ102100,2022-03-29 12:00:00,CUST4489,Customer_2100,Australia,East,Clothing,Product_49,2,137.38,274.76,0.2,81.18,Standard,Cash on Delivery
AMZ102101,2022-03-29 13:00:00,CUST8604,Customer_2101,USA,East,Electronics,Product_342,4,137.38,549.52,0.2,162.37,Express,Debit Card
AMZ102102,2022-03-29 14:00:00,CUST8544,Customer_2102,India,Central,Clothing,Product_310,4,137.38,549.52,0.2,162.37,Express,Debit Card
AMZ102103,2022-03-29 15:00:00,CUST3634,Customer_2103,India,South,Books,Product_274,1,137.38,137.38,0.2,40.59,Standard,Cash on Delivery
AMZ102104,2022-03-29 16:00:00,CUST4983,Customer_2104,UK,South,Sports,Product_27,3,137.38,412.14,0.2,121.78,Standard,UPI
AMZ102105,2022-03-29 17:00:00,CUST2778,Customer_2105,Canada,East,Clothing,Product_328,2,137.38,274.76,0.2,81.18,Standard,Credit Card
AMZ102106,2022-03-29 18:00:00,CUST8902,Customer_2106,USA,South,Home & Kitchen,Product_390,2,137.38,274.76,0.2,81.18,Express,Cash on Delivery
AMZ102107,2022-03-29 19:00:00,CUST6110,Customer_2107,Australia,North,Home & Kitchen,Product_459,1,137.38,137.38,0.2,40.59,Express,Credit Card
AMZ102108,2022-03-29 20:00:00,CUST6189,Customer_2108,Canada,East,Home & Kitchen,Product_221,4,137.38,549.52,0.2,162.37,Same Day,Cash on Delivery
AMZ102109,2022-03-29 21:00:00,CUST8378,Customer_2109,UK,South,Clothing,Product_122,3,137.38,412.14,0.2,121.78,Express,Debit Card
AMZ102110,2022-03-29 22:00:00,CUST2124,Customer_2110,Canada,North,Clothing,Product_361,2,137.38,274.76,0.2,81.18,Same Day,UPI
AMZ102111,2022-03-29 23:00:00,CUST1697,Customer_2111,UK,Central,Electronics,Product_69,3,137.38,412.14,0.2,121.78,Same Day,Credit Card
AMZ102112,2022-03-30 00:00:00,CUST3179,Customer_2112,India,South,Sports,Product_71,3,137.38,412.14,0.2,121.78,Express,UPI
AMZ102113,2022-03-30 01:00:00,CUST6251,Customer_2113,India,North,Sports,Product_150,4,137.38,549.52,0.2,162.37,Express,Debit Card
AMZ102114,2022-03-30 02:00:00,CUST2929,Customer_2114,Canada,West,Beauty,Product_187,4,137.38,549.52,0.2,162.37,Express,Net Banking
AMZ102115,2022-03-30 03:00:00,CUST2013,Customer_2115,USA,West,Electronics,Product_431,4,137.38,549.52,0.2,162.37,Express,Net Banking
AMZ102116,2022-03-30 04:00:00,CUST1226,Customer_2116,Australia,North,Books,Product_373,2,137.38,274.76,0.2,81.18,Standard,Credit Card
AMZ102117,2022-03-30 05:00:00,CUST8321,Customer_2117,UK,East,Home & Kitchen,Product_246,3,137.38,412.14,0.2,121.78,Express,Debit Card
AMZ102118,2022-03-30 06:00:00,CUST2828,Customer_2118,Australia,East,Clothing,Product_196,3,137.38,412.14,0.2,121.78,Same Day,Credit Card
AMZ102119,2022-03-30 07:00:00,CUST8909,Customer_2119,India,South,Beauty,Product_32,2,137.38,274.76,0.2,81.18,Same Day,Credit Card
AMZ102120,2022-03-30 08:00:00,CUST6588,Customer_2120,USA,West,Beauty,Product_467,1,137.38,137.38,0.2,40.59,Standard,Credit Card
AMZ102121,2022-03-30 09:00:00,CUST3023,Customer_2121,USA,East,Clothing,Product_109,4,137.38,549.52,0.2,162.37,Standard,UPI
AMZ102122,2022-03-30 10:00:00,CUST5966,Customer_2122,Australia,East,Electronics,Product_353,2,137.38,274.76,0.2,81.18,Express,Cash on Delivery
AMZ102123,2022-03-30 11:00:00,CUST6891,Customer_2123,India,West,Beauty,Product_1,4,137.38,549.52,0.2,162.37,Standard,Debit Card
AMZ102124,2022-03-30 12:00:00,CUST2080,Customer_2124,Australia,Central,Sports,Product_182,3,137.38,412.14,0.2,121.78,Express,UPI
AMZ102125,2022-03-30 13:00:00,CUST6036,Customer_2125,Canada,East,Electronics,Product_174,2,137.38,274.76,0.2,81.18,Express,Cash on Delivery
AMZ102126,2022-03-30 14:00:00,CUST3563,Customer_2126,USA,North,Clothing,Product_169,1,137.38,137.38,0.2,40.59,Standard,Credit Card
AMZ102127,2022-03-30 15:00:00,CUST4292,Customer_2127,USA,South,Electronics,Product_248,4,137.38,549.52,0.2,162.37,Standard,Net Banking
AMZ102128,2022-03-30 16:00:00,CUST4586,Customer_2128,Canada,East,Sports,Product_108,3,137.38,412.14,0.2,121.78,Same Day,UPI
AMZ102129,2022-03-30 17:00:00,CUST5431,Customer_2129,India,East,Home & Kitchen,Product_370,3,137.38,412.14,0.2,121.78,Standard,Debit Card
AMZ102130,2022-03-30 18:00:00,CUST7841,Customer_2130,USA,Central,Clothing,Product_297,1,137.38,137.38,0.2,40.59,Standard,Debit Card
AMZ102131,2022-03-30 19:00:00,CUST7643,Customer_2131,UK,North,Sports,Product_264,1,137.38,137.38,0.2,40.59,Standard,Cash on Delivery
AMZ102132,2022-03-30 20:00:00,CUST4959,Customer_2132,UK,South,Clothing,Product_416,4,137.38,549.52,0.2,162.37,Same Day,UPI
AMZ102133,2022-03-30 21:00:00,CUST1161,Customer_2133,India,East,Sports,Product_30,3,137.38,412.14,0.2,121.78,Express,Credit Card
AMZ102134,2022-03-30 22:00:00,CUST1593,Customer_2134,Canada,South,Sports,Product_302,1,137.38,137.38,0.2,40.59,Same Day,Cash on Delivery
AMZ102135,2022-03-30 23:00:00,CUST4390,Customer_2135,Australia,West,Beauty,Product_476,2,137.38,274.76,0.2,81.18,Standard,Debit Card
AMZ102136,2022-03-31 00:00:00,CUST6997,Customer_2136,India,East,Beauty,Product_361,1,137.38,137.38,0.2,40.59,Standard,UPI
AMZ102137,2022-03-31 01:00:00,CUST7354,Customer_2137,Australia,East,Beauty,Product_436,2,137.38,274.76,0.2,81.18,Standard,Net Banking
AMZ102138,2022-03-31 02:00:00,CUST1663,Customer_2138,India,West,Home & Kitchen,Product_352,3,137.38,412.14,0.2,121.78,Express,Credit Card
AMZ102139,2022-03-31 03:00:00,CUST1541,Customer_2139,UK,Central,Home & Kitchen,Product_473,4,137.38,549.52,0.2,162.37,Same Day,Debit Card
AMZ102140,2022-03-31 04:00:00,CUST6433,Customer_2140,Canada,East,Sports,Product_482,3,137.38,412.14,0.2,121.78,Same Day,UPI
AMZ102141,2022-03-31 05:00:00,CUST6093,Customer_2141,UK,South,Books,Product_317,3,137.38,412.14,0.2,121.78,Express,Net Banking
AMZ102142,2022-03-31 06:00:00,CUST1867,Customer_2142,Canada,North,Clothing,Product_225,3,137.38,412.14,0.2,121.78,Same Day,Debit Card
AMZ102143,2022-03-31 07:00:00,CUST9623,Customer_2143,Australia,South,Beauty,Product_397,3,137.38,412.14,0.2,121.78,Express,Net Banking
AMZ102144,2022-03-31 08:00:00,CUST6469,Customer_2144,India,Central,Clothing,Product_89,4,137.38,549.52,0.2,162.37,Express,Debit Card
AMZ102145,2022-03-31 09:00:00,CUST7256,Customer_2145,USA,North,Sports,Product_234,1,137.38,137.38,0.2,40.59,Same Day,Cash on Delivery
AMZ102146,2022-03-31 10:00:00,CUST2169,Customer_2146,USA,South,Electronics,Product_168,4,137.38,549.52,0.2,162.37,Same Day,Cash on Delivery
AMZ102147,2022-03-31 11:00:00,CUST1830,Customer_2147,Canada,South,Sports,Product_231,4,137.38,549.52,0.2,162.37,Express,Cash on Delivery
AMZ102148,2022-03-31 12:00:00,CUST2651,Customer_2148,Canada,West,Home & Kitchen,Product_126,4,137.38,549.52,0.2,162.37,Same Day,UPI
AMZ102149,2022-03-31 13:00:00,CUST2136,Customer_2149,UK,Central,Books,Product_61,4,137.38,549.52,0.2,162.37,Express,Cash on Delivery
AMZ102150,2022-03-31 14:00:00,CUST3810,Customer_2150,USA,West,Electronics,Product_120,1,137.38,137.38,0.2,40.59,Same Day,UPI
AMZ102151,2022-03-31 15:00:00,CUST9667,Customer_2151,UK,North,Clothing,Product_428,3,137.38,412.14,0.2,121.78,Same Day,Credit Card
AMZ102152,2022-03-31 16:00:00,CUST2019,Customer_2152,Australia,West,Home & Kitchen,Product_497,1,137.38,137.38,0.2,40.59,Same Day,Cash on Delivery
AMZ102153,2022-03-31 17:00:00,CUST6237,Customer_2153,USA,Central,Beauty,Product_190,1,137.38,137.38,0.2,40.59,Same Day,UPI
AMZ102154,2022-03-31 18:00:00,CUST2283,Customer_2154,Australia,East,Electronics,Product_121,3,137.38,412.14,0.2,121.78,Same Day,Debit Card
AMZ102155,2022-03-31 19:00:00,CUST1659,Customer_2155,India,East,Home & Kitchen,Product_428,1,137.38,137.38,0.2,40.59,Standard,UPI
AMZ102156,2022-03-31 20:00:00,CUST3010,Customer_2156,UK,North,Clothing,Product_48,4,137.38,549.52,0.2,162.37,Standard,UPI
AMZ102157,2022-03-31 21:00:00,CUST9590,Customer_2157,Canada,East,Sports,Product_202,4,137.38,549.52,0.2,162.37,Same Day,Debit Card
AMZ102158,2022-03-31 22:00:00,CUST2733,Customer_2158,USA,West,Clothing,Product_59,3,137.38,412.14,0.2,121.78,Same Day,UPI
AMZ102159,2022-03-31 23:00:00,CUST3125,Customer_2159,UK,North,Electronics,Product_185,3,137.38,412.14,0.2,121.78,Same Day,Debit Card
AMZ102160,2022-04-01 00:00:00,CUST3171,Customer_2160,Canada,Central,Electronics,Product_223,3,137.38,412.14,0.2,121.78,Express,Net Banking
AMZ102161,2022-04-01 01:00:00,CUST9266,Customer_2161,India,North,Sports,Product_492,4,137.38,549.52,0.2,162.37,Standard,Cash on Delivery
AMZ102162,2022-04-01 02:00:00,CUST4471,Customer_2162,USA,North,Electronics,Product_11,3,137.38,412.14,0.2,121.78,Express,Credit Card
AMZ102163,2022-04-01 03:00:00,CUST6624,Customer_2163,Australia,South,Books,Product_281,1,137.38,137.38,0.2,40.59,Standard,UPI
AMZ102164,2022-04-01 04:00:00,CUST9691,Customer_2164,India,South,Beauty,Product_189,1,137.38,137.38,0.2,40.59,Standard,Debit Card
AMZ102165,2022-04-01 05:00:00,CUST9329,Customer_2165,Canada,North,Home & Kitchen,Product_302,2,137.38,274.76,0.2,81.18,Same Day,Cash on Delivery
AMZ102166,2022-04-01 06:00:00,CUST3097,Customer_2166,USA,East,Sports,Product_310,2,137.38,274.76,0.2,81.18,Same Day,UPI
AMZ102167,2022-04-01 07:00:00,CUST6068,Customer_2167,USA,South,Clothing,Product_237,3,137.38,412.14,0.2,121.78,Express,Cash on Delivery
AMZ102168,2022-04-01 08:00:00,CUST7397,Customer_2168,India,Central,Clothing,Product_34,2,137.38,274.76,0.2,81.18,Express,Net Banking
AMZ102169,2022-04-01 09:00:00,CUST3757,Customer_2169,USA,West,Beauty,Product_340,4,137.38,549.52,0.2,162.37,Same Day,UPI
AMZ102170,2022-04-01 10:00:00,CUST4920,Customer_2170,Canada,South,Electronics,Product_135,4,137.38,549.52,0.2,162.37,Same Day,Debit Card
AMZ102171,2022-04-01 11:00:00,CUST9186,Customer_2171,India,North,Electronics,Product_481,1,137.38,137.38,0.2,40.59,Standard,Net Banking
AMZ102172,2022-04-01 12:00:00,CUST2900,Customer_2172,Australia,East,Clothing,Product_62,1,137.38,137.38,0.2,40.59,Standard,UPI
AMZ102173,2022-04-01 13:00:00,CUST3610,Customer_2173,India,West,Beauty,Product_313,2,137.38,274.76,0.2,81.18,Same Day,Cash on Delivery
AMZ102174,2022-04-01 14:00:00,CUST7900,Customer_2174,India,South,Clothing,Product_227,2,137.38,274.76,0.2,81.18,Standard,Net Banking
AMZ102175,2022-04-01 15:00:00,CUST2449,Customer_2175,Australia,East,Electronics,Product_93,4,137.38,549.52,0.2,162.37,Express,Debit Card
AMZ102176,2022-04-01 16:00:00,CUST9738,Customer_2176,Canada,East,Sports,Product_116,1,137.38,137.38,0.2,40.59,Standard,UPI
AMZ102177,2022-04-01 17:00:00,CUST6017,Customer_2177,UK,East,Home & Kitchen,Product_332,2,137.38,274.76,0.2,81.18,Same Day,Cash on Delivery
AMZ102178,2022-04-01 18:00:00,CUST8999,Customer_2178,UK,North,Electronics,Product_133,4,137.38,549.52,0.2,162.37,Standard,Cash on Delivery
AMZ102179,2022-04-01 19:00:00,CUST7052,Customer_2179,Australia,Central,Sports,Product_332,1,137.38,137.38,0.2,40.59,Same Day,Net Banking
AMZ102180,2022-04-01 20:00:00,CUST3096,Customer_2180,Canada,East,Home & Kitchen,Product_477,4,137.38,549.52,0.2,162.37,Standard,UPI
AMZ102181,2022-04-01 21:00:00,CUST9895,Customer_2181,USA,West,Books,Product_419,4,137.38,549.52,0.2,162.37,Express,Cash on Delivery
AMZ102182,2022-04-01 22:00:00,CUST7404,Customer_2182,Australia,South,Beauty,Product_468,1,137.38,137.38,0.2,40.59,Express,Net Banking
AMZ102183,2022-04-01 23:00:00,CUST4331,Customer_2183,UK,West,Sports,Product_293,4,137.38,549.52,0.2,162.37,Same Day,Credit Card
AMZ102184,2022-04-02 00:00:00,CUST8462,Customer_2184,Canada,North,Books,Product_444,2,137.38,274.76,0.2,81.18,Same Day,Cash on Delivery
AMZ102185,2022-04-02 01:00:00,CUST6105,Customer_2185,India,North,Electronics,Product_193,4,137.38,549.52,0.2,162.37,Same Day,Net Banking
AMZ102186,2022-04-02 02:00:00,CUST3978,Customer_2186,Canada,West,Beauty,Product_400,2,137.38,274.76,0.2,81.18,Standard,Credit Card
AMZ102187,2022-04-02 03:00:00,CUST3839,Customer_2187,Canada,Central,Sports,Product_30,3,137.38,412.14,0.2,121.78,Standard,Net Banking
AMZ102188,2022-04-02 04:00:00,CUST4384,Customer_2188,UK,North,Electronics,Product_457,3,137.38,412.14,0.2,121.78,Standard,Cash on Delivery
AMZ102189,2022-04-02 05:00:00,CUST1685,Customer_2189,UK,North,Beauty,Product_298,3,137.38,412.14,0.2,121.78,Express,Credit Card
AMZ102190,2022-04-02 06:00:00,CUST8531,Customer_2190,USA,West,Beauty,Product_61,4,137.38,549.52,0.2,162.37,Same Day,Net Banking
AMZ102191,2022-04-02 07:00:00,CUST5283,Customer_2191,USA,North,Electronics,Product_458,3,137.38,412.14,0.2,121.78,Standard,UPI
AMZ102192,2022-04-02 08:00:00,CUST8736,Customer_2192,Australia,Central,Electronics,Product_461,3,137.38,412.14,0.2,121.78,Express,Credit Card
AMZ102193,2022-04-02 09:00:00,CUST8710,Customer_2193,India,Central,Sports,Product_304,4,137.38,549.52,0.2,162.37,Same Day,Net Banking
AMZ102194,2022-04-02 10:00:00,CUST2619,Customer_2194,USA,Central,Beauty,Product_446,1,137.38,137.38,0.2,40.59,Express,UPI
AMZ102195,2022-04-02 11:00:00,CUST7868,Customer_2195,UK,South,Sports,Product_340,4,137.38,549.52,0.2,162.37,Same Day,Credit Card
AMZ102196,2022-04-02 12:00:00,CUST2431,Customer_2196,Canada,Central,Beauty,Product_349,2,137.38,274.76,0.2,81.18,Standard,Net Banking
AMZ102197,2022-04-02 13:00:00,CUST5713,Customer_2197,Australia,Central,Sports,Product_448,4,137.38,549.52,0.2,162.37,Express,Cash on Delivery
AMZ102198,2022-04-02 14:00:00,CUST5998,Customer_2198,USA,South,Electronics,Product_441,1,137.38,137.38,0.2,40.59,Express,Credit Card
AMZ102199,2022-04-02 15:00:00,CUST1162,Customer_2199,Canada,East,Electronics,Product_324,3,137.38,412.14,0.2,121.78,Express,Credit Card
AMZ102200,2022-04-02 16:00:00,CUST2974,Customer_2200,Canada,North,Clothing,Product_302,4,137.38,549.52,0.2,162.37,Same Day,UPI
AMZ102201,2022-04-02 17:00:00,CUST4291,Customer_2201,USA,Central,Sports,Product_369,3,137.38,412.14,0.2,121.78,Same Day,Net Banking
AMZ102202,2022-04-02 18:00:00,CUST9461,Customer_2202,India,North,Clothing,Product_28,2,137.38,274.76,0.2,81.18,Express,Cash on Delivery
AMZ102203,2022-04-02 19:00:00,CUST1631,Customer_2203,India,West,Clothing,Product_485,1,137.38,137.38,0.2,40.59,Same Day,UPI
AMZ102204,2022-04-02 20:00:00,CUST1905,Customer_2204,Australia,North,Books,Product_77,3,137.38,412.14,0.2,121.78,Express,Credit Card
AMZ102205,2022-04-02 21:00:00,CUST3014,Customer_2205,India,South,Beauty,Product_121,3,137.38,412.14,0.2,121.78,Standard,UPI
AMZ102206,2022-04-02 22:00:00,CUST8896,Customer_2206,Australia,North,Home & Kitchen,Product_3,3,137.38,412.14,0.2,121.78,Express,UPI
AMZ102207,2022-04-02 23:00:00,CUST1204,Customer_2207,UK,North,Books,Product_37,3,137.38,412.14,0.2,121.78,Express,UPI
AMZ102208,2022-04-03 00:00:00,CUST1581,Customer_2208,USA,North,Beauty,Product_432,4,137.38,549.52,0.2,162.37,Same Day,Credit Card
AMZ102209,2022-04-03 01:00:00,CUST6675,Customer_2209,Canada,East,Home & Kitchen,Product_147,1,137.38,137.38,0.2,40.59,Same Day,Debit Card
AMZ102210,2022-04-03 02:00:00,CUST6347,Customer_2210,Australia,East,Clothing,Product_92,1,137.38,137.38,0.2,40.59,Same Day,UPI
AMZ102211,2022-04-03 03:00:00,CUST3643,Customer_2211,India,West,Home & Kitchen,Product_339,3,137.38,412.14,0.2,121.78,Standard,Debit Card
AMZ102212,2022-04-03 04:00:00,CUST9017,Customer_2212,Australia,South,Electronics,Product_273,1,137.38,137.38,0.2,40.59,Standard,Cash on Delivery
AMZ102213,2022-04-03 05:00:00,CUST3297,Customer_2213,Australia,North,Electronics,Product_466,3,137.38,412.14,0.2,121.78,Standard,Cash on Delivery
AMZ102214,2022-04-03 06:00:00,CUST1874,Customer_2214,India,North,Sports,Product_466,2,137.38,274.76,0.2,81.18,Same Day,Cash on Delivery
AMZ102215,2022-04-03 07:00:00,CUST6560,Customer_2215,India,North,Beauty,Product_377,2,137.38,274.76,0.2,81.18,Express,Net Banking
AMZ102216,2022-04-03 08:00:00,CUST1689,Customer_2216,USA,North,Books,Product_87,2,137.38,274.76,0.2,81.18,Express,Credit Card
AMZ102217,2022-04-03 09:00:00,CUST5000,Customer_2217,Canada,East,Clothing,Product_40,1,137.38,137.38,0.2,40.59,Express,Debit Card
AMZ102218,2022-04-03 10:00:00,CUST1671,Customer_2218,USA,West,Beauty,Product_178,3,137.38,412.14,0.2,121.78,Same Day,Net Banking
AMZ102219,2022-04-03 11:00:00,CUST8927,Customer_2219,USA,Central,Clothing,Product_329,4,137.38,549.52,0.2,162.37,Same Day,Debit Card
AMZ102220,2022-04-03 12:00:00,CUST2171,Customer_2220,India,South,Electronics,Product_285,4,137.38,549.52,0.2,162.37,Standard,Credit Card
AMZ102221,2022-04-03 13:00:00,CUST6591,Customer_2221,India,North,Books,Product_435,2,137.38,274.76,0.2,81.18,Same Day,UPI
AMZ102222,2022-04-03 14:00:00,CUST7342,Customer_2222,Canada,West,Books,Product_42,2,137.38,274.76,0.2,81.18,Express,Net Banking
AMZ102223,2022-04-03 15:00:00,CUST2449,Customer_2223,Australia,Central,Electronics,Product_285,1,137.38,137.38,0.2,40.59,Standard,Credit Card
AMZ102224,2022-04-03 16:00:00,CUST3539,Customer_2224,USA,West,Home & Kitchen,Product_66,4,137.38,549.52,0.2,162.37,Standard,Net Banking
AMZ102225,2022-04-03 17:00:00,CUST4959,Customer_2225,Canada,East,Books,Product_124,1,137.38,137.38,0.2,40.59,Same Day,Cash on Delivery
AMZ102226,2022-04-03 18:00:00,CUST7285,Customer_2226,USA,Central,Home & Kitchen,Product_145,2,137.38,274.76,0.2,81.18,Standard,Net Banking
AMZ102227,2022-04-03 19:00:00,CUST6432,Customer_2227,Australia,West,Clothing,Product_120,3,137.38,412.14,0.2,121.78,Standard,UPI
AMZ102228,2022-04-03 20:00:00,CUST5260,Customer_2228,USA,East,Books,Product_109,3,137.38,412.14,0.2,121.78,Same Day,UPI
AMZ102229,2022-04-03 21:00:00,CUST3361,Customer_2229,UK,West,Sports,Product_415,3,137.38,412.14,0.2,121.78,Standard,Debit Card
AMZ102230,2022-04-03 22:00:00,CUST7164,Customer_2230,Canada,West,Electronics,Product_92,2,137.38,274.76,0.2,81.18,Express,Net Banking
AMZ102231,2022-04-03 23:00:00,CUST4670,Customer_2231,India,Central,Home & Kitchen,Product_491,1,137.38,137.38,0.2,40.59,Same Day,Cash on Delivery
AMZ102232,2022-04-04 00:00:00,CUST2753,Customer_2232,USA,East,Sports,Product_368,3,137.38,412.14,0.2,121.78,Express,UPI
AMZ102233,2022-04-04 01:00:00,CUST9100,Customer_2233,Canada,North,Clothing,Product_308,4,137.38,549.52,0.2,162.37,Express,Debit Card
AMZ102234,2022-04-04 02:00:00,CUST2938,Customer_2234,Canada,South,Clothing,Product_423,4,137.38,549.52,0.2,162.37,Express,Cash on Delivery
AMZ102235,2022-04-04 03:00:00,CUST9562,Customer_2235,USA,Central,Books,Product_60,2,137.38,274.76,0.2,81.18,Express,Cash on Delivery
AMZ102236,2022-04-04 04:00:00,CUST6976,Customer_2236,India,East,Books,Product_350,4,137.38,549.52,0.2,162.37,Standard,Cash on Delivery
AMZ102237,2022-04-04 05:00:00,CUST7588,Customer_2237,India,West,Sports,Product_227,4,137.38,549.52,0.2,162.37,Standard,Credit Card
AMZ102238,2022-04-04 06:00:00,CUST9616,Customer_2238,USA,East,Beauty,Product_240,2,137.38,274.76,0.2,81.18,Same Day,UPI
AMZ102239,2022-04-04 07:00:00,CUST7304,Customer_2239,Canada,South,Beauty,Product_435,1,137.38,137.38,0.2,40.59,Same Day,Credit Card
AMZ102240,2022-04-04 08:00:00,CUST8345,Customer_2240,India,South,Books,Product_212,3,137.38,412.14,0.2,121.78,Express,Credit Card
AMZ102241,2022-04-04 09:00:00,CUST8875,Customer_2241,USA,North,Beauty,Product_400,2,137.38,274.76,0.2,81.18,Express,UPI
AMZ102242,2022-04-04 10:00:00,CUST7633,Customer_2242,USA,North,Electronics,Product_98,4,137.38,549.52,0.2,162.37,Same Day,Net Banking
AMZ102243,2022-04-04 11:00:00,CUST1597,Customer_2243,USA,South,Sports,Product_14,3,137.38,412.14,0.2,121.78,Same Day,Debit Card
AMZ102244,2022-04-04 12:00:00,CUST4062,Customer_2244,Canada,Central,Electronics,Product_218,3,137.38,412.14,0.2,121.78,Same Day,UPI
AMZ102245,2022-04-04 13:00:00,CUST3336,Customer_2245,India,Central,Beauty,Product_468,3,137.38,412.14,0.2,121.78,Same Day,Debit Card
AMZ102246,2022-04-04 14:00:00,CUST1572,Customer_2246,Canada,West,Books,Product_170,2,137.38,274.76,0.2,81.18,Express,Net Banking
AMZ102247,2022-04-04 15:00:00,CUST8521,Customer_2247,UK,North,Electronics,Product_307,3,137.38,412.14,0.2,121.78,Same Day,UPI
AMZ102248,2022-04-04 16:00:00,CUST7171,Customer_2248,India,West,Clothing,Product_280,1,137.38,137.38,0.2,40.59,Standard,Cash on Delivery
AMZ102249,2022-04-04 17:00:00,CUST8097,Customer_2249,Canada,North,Books,Product_363,4,137.38,549.52,0.2,162.37,Express,UPI
AMZ102250,2022-04-04 18:00:00,CUST3090,Customer_2250,India,South,Sports,Product_210,2,137.38,274.76,0.2,81.18,Standard,Net Banking
AMZ102251,2022-04-04 19:00:00,CUST7566,Customer_2251,UK,Central,Home & Kitchen,Product_256,2,137.38,274.76,0.2,81.18,Same Day,Credit Card
AMZ102252,2022-04-04 20:00:00,CUST5624,Customer_2252,Australia,Central,Home & Kitchen,Product_171,3,137.38,412.14,0.2,121.78,Standard,UPI
AMZ102253,2022-04-04 21:00:00,CUST2633,Customer_2253,USA,South,Books,Product_73,4,137.38,549.52,0.2,162.37,Same Day,Cash on Delivery
AMZ102254,2022-04-04 22:00:00,CUST2517,Customer_2254,Canada,West,Beauty,Product_147,3,137.38,412.14,0.2,121.78,Standard,UPI
AMZ102255,2022-04-04 23:00:00,CUST4648,Customer_2255,UK,West,Electronics,Product_340,3,137.38,412.14,0.2,121.78,Express,Credit Card
AMZ102256,2022-04-05 00:00:00,CUST2537,Customer_2256,UK,East,Electronics,Product_317,2,137.38,274.76,0.2,81.18,Standard,UPI
AMZ102257,2022-04-05 01:00:00,CUST4137,Customer_2257,India,North,Books,Product_106,1,137.38,137.38,0.2,40.59,Express,Cash on Delivery
AMZ102258,2022-04-05 02:00:00,CUST7985,Customer_2258,India,West,Clothing,Product_94,4,137.38,549.52,0.2,162.37,Standard,Net Banking
AMZ102259,2022-04-05 03:00:00,CUST1097,Customer_2259,USA,South,Sports,Product_63,4,137.38,549.52,0.2,162.37,Standard,Cash on Delivery
AMZ102260,2022-04-05 04:00:00,CUST4750,Customer_2260,India,West,Beauty,Product_154,4,137.38,549.52,0.2,162.37,Express,Net Banking
AMZ102261,2022-04-05 05:00:00,CUST9535,Customer_2261,Canada,Central,Clothing,Product_255,4,137.38,549.52,0.2,162.37,Express,Cash on Delivery
AMZ102262,2022-04-05 06:00:00,CUST9174,Customer_2262,Canada,North,Books,Product_351,1,137.38,137.38,0.2,40.59,Same Day,Debit Card
AMZ102263,2022-04-05 07:00:00,CUST9103,Customer_2263,Canada,East,Books,Product_35,2,137.38,274.76,0.2,81.18,Express,UPI
AMZ102264,2022-04-05 08:00:00,CUST6413,Customer_2264,Australia,North,Clothing,Product_323,1,137.38,137.38,0.2,40.59,Express,UPI
AMZ102265,2022-04-05 09:00:00,CUST5666,Customer_2265,Canada,Central,Home & Kitchen,Product_312,3,137.38,412.14,0.2,121.78,Same Day,Credit Card
AMZ102266,2022-04-05 10:00:00,CUST1610,Customer_2266,India,Central,Books,Product_296,2,137.38,274.76,0.2,81.18,Express,Debit Card
AMZ102267,2022-04-05 11:00:00,CUST2727,Customer_2267,India,Central,Sports,Product_253,1,137.38,137.38,0.2,40.59,Express,Credit Card
AMZ102268,2022-04-05 12:00:00,CUST2854,Customer_2268,Canada,Central,Beauty,Product_157,4,137.38,549.52,0.2,162.37,Standard,UPI
AMZ102269,2022-04-05 13:00:00,CUST6055,Customer_2269,UK,South,Clothing,Product_134,4,137.38,549.52,0.2,162.37,Same Day,Credit Card
AMZ102270,2022-04-05 14:00:00,CUST3324,Customer_2270,UK,East,Home & Kitchen,Product_436,2,137.38,274.76,0.2,81.18,Same Day,Net Banking
AMZ102271,2022-04-05 15:00:00,CUST6774,Customer_2271,UK,Central,Clothing,Product_129,1,137.38,137.38,0.2,40.59,Standard,Debit Card
AMZ102272,2022-04-05 16:00:00,CUST7519,Customer_2272,USA,Central,Home & Kitchen,Product_436,2,137.38,274.76,0.2,81.18,Same Day,Cash on Delivery
AMZ102273,2022-04-05 17:00:00,CUST2749,Customer_2273,Australia,West,Home & Kitchen,Product_280,4,137.38,549.52,0.2,162.37,Standard,Net Banking
AMZ102274,2022-04-05 18:00:00,CUST1781,Customer_2274,Canada,East,Sports,Product_358,1,137.38,137.38,0.2,40.59,Express,Cash on Delivery
AMZ102275,2022-04-05 19:00:00,CUST8548,Customer_2275,USA,North,Beauty,Product_418,4,137.38,549.52,0.2,162.37,Same Day,Credit Card
AMZ102276,2022-04-05 20:00:00,CUST7823,Customer_2276,UK,East,Books,Product_371,2,137.38,274.76,0.2,81.18,Express,UPI
AMZ102277,2022-04-05 21:00:00,CUST3105,Customer_2277,Canada,East,Home & Kitchen,Product_252,2,137.38,274.76,0.2,81.18,Same Day,Net Banking
AMZ102278,2022-04-05 22:00:00,CUST4867,Customer_2278,USA,East,Books,Product_135,2,137.38,274.76,0.2,81.18,Express,Debit Card
AMZ102279,2022-04-05 23:00:00,CUST8193,Customer_2279,India,Central,Beauty,Product_331,2,137.38,274.76,0.2,81.18,Same Day,Cash on Delivery
AMZ102280,2022-04-06 00:00:00,CUST5976,Customer_2280,UK,Central,Books,Product_11,2,137.38,274.76,0.2,81.18,Same Day,Net Banking
AMZ102281,2022-04-06 01:00:00,CUST3113,Customer_2281,USA,South,Sports,Product_292,3,137.38,412.14,0.2,121.78,Express,UPI
AMZ102282,2022-04-06 02:00:00,CUST6879,Customer_2282,India,North,Sports,Product_148,2,137.38,274.76,0.2,81.18,Standard,Debit Card
AMZ102283,2022-04-06 03:00:00,CUST4970,Customer_2283,UK,West,Electronics,Product_319,2,137.38,274.76,0.2,81.18,Same Day,Debit Card
AMZ102284,2022-04-06 04:00:00,CUST8264,Customer_2284,Australia,East,Sports,Product_80,4,137.38,549.52,0.2,162.37,Standard,Cash on Delivery
AMZ102285,2022-04-06 05:00:00,CUST2577,Customer_2285,UK,North,Home & Kitchen,Product_191,2,137.38,274.76,0.2,81.18,Standard,Net Banking
AMZ102286,2022-04-06 06:00:00,CUST3274,Customer_2286,Australia,North,Beauty,Product_453,1,137.38,137.38,0.2,40.59,Standard,Net Banking
AMZ102287,2022-04-06 07:00:00,CUST5869,Customer_2287,Australia,South,Sports,Product_344,2,137.38,274.76,0.2,81.18,Standard,Debit Card
AMZ102288,2022-04-06 08:00:00,CUST7744,Customer_2288,Australia,West,Clothing,Product_30,3,137.38,412.14,0.2,121.78,Standard,Credit Card
AMZ102289,2022-04-06 09:00:00,CUST3426,Customer_2289,Canada,East,Beauty,Product_414,2,137.38,274.76,0.2,81.18,Standard,Debit Card
AMZ102290,2022-04-06 10:00:00,CUST6546,Customer_2290,Canada,West,Home & Kitchen,Product_359,4,137.38,549.52,0.2,162.37,Same Day,UPI
AMZ102291,2022-04-06 11:00:00,CUST7852,Customer_2291,Australia,South,Beauty,Product_368,1,137.38,137.38,0.2,40.59,Standard,Net Banking
AMZ102292,2022-04-06 12:00:00,CUST3551,Customer_2292,India,Central,Sports,Product_495,1,137.38,137.38,0.2,40.59,Same Day,Cash on Delivery
AMZ102293,2022-04-06 13:00:00,CUST7411,Customer_2293,Australia,North,Clothing,Product_229,2,137.38,274.76,0.2,81.18,Same Day,Net Banking
AMZ102294,2022-04-06 14:00:00,CUST1007,Customer_2294,USA,East,Electronics,Product_481,2,137.38,274.76,0.2,81.18,Same Day,Debit Card
AMZ102295,2022-04-06 15:00:00,CUST9087,Customer_2295,Australia,Central,Home & Kitchen,Product_84,2,137.38,274.76,0.2,81.18,Express,UPI
AMZ102296,2022-04-06 16:00:00,CUST3555,Customer_2296,Canada,South,Home & Kitchen,Product_150,2,137.38,274.76,0.2,81.18,Standard,Credit Card
AMZ102297,2022-04-06 17:00:00,CUST1475,Customer_2297,Canada,West,Beauty,Product_361,4,137.38,549.52,0.2,162.37,Express,Net Banking
AMZ102298,2022-04-06 18:00:00,CUST6416,Customer_2298,USA,North,Books,Product_189,4,137.38,549.52,0.2,162.37,Standard,Debit Card
AMZ102299,2022-04-06 19:00:00,CUST9676,Customer_2299,USA,East,Books,Product_21,1,137.38,137.38,0.2,40.59,Express,Debit Card
AMZ102300,2022-04-06 20:00:00,CUST8239,Customer_2300,UK,Central,Clothing,Product_37,2,137.38,274.76,0.2,81.18,Same Day,Debit Card
AMZ102301,2022-04-06 21:00:00,CUST7710,Customer_2301,India,Central,Electronics,Product_246,4,137.38,549.52,0.2,162.37,Express,UPI
AMZ102302,2022-04-06 22:00:00,CUST6000,Customer_2302,India,North,Electronics,Product_283,4,137.38,549.52,0.2,162.37,Same Day,Debit Card
AMZ102303,2022-04-06 23:00:00,CUST5654,Customer_2303,India,West,Beauty,Product_102,1,137.38,137.38,0.2,40.59,Express,Debit Card
AMZ102304,2022-04-07 00:00:00,CUST9078,Customer_2304,Canada,South,Beauty,Product_419,1,137.38,137.38,0.2,40.59,Standard,Debit Card
AMZ102305,2022-04-07 01:00:00,CUST7063,Customer_2305,India,West,Books,Product_294,3,137.38,412.14,0.2,121.78,Standard,Net Banking
AMZ102306,2022-04-07 02:00:00,CUST3285,Customer_2306,UK,West,Sports,Product_232,4,137.38,549.52,0.2,162.37,Express,Debit Card
AMZ102307,2022-04-07 03:00:00,CUST6223,Customer_2307,UK,West,Electronics,Product_316,1,137.38,137.38,0.2,40.59,Express,UPI
AMZ102308,2022-04-07 04:00:00,CUST7971,Customer_2308,India,North,Sports,Product_326,4,137.38,549.52,0.2,162.37,Standard,Net Banking
AMZ102309,2022-04-07 05:00:00,CUST4525,Customer_2309,USA,North,Electronics,Product_288,4,137.38,549.52,0.2,162.37,Express,Debit Card
AMZ102310,2022-04-07 06:00:00,CUST3822,Customer_2310,UK,South,Sports,Product_336,2,137.38,274.76,0.2,81.18,Express,Credit Card
AMZ102311,2022-04-07 07:00:00,CUST5943,Customer_2311,USA,West,Sports,Product_476,2,137.38,274.76,0.2,81.18,Standard,UPI
AMZ102312,2022-04-07 08:00:00,CUST7530,Customer_2312,Canada,North,Electronics,Product_464,2,137.38,274.76,0.2,81.18,Same Day,Credit Card
AMZ102313,2022-04-07 09:00:00,CUST1258,Customer_2313,UK,South,Clothing,Product_411,2,137.38,274.76,0.2,81.18,Standard,UPI
AMZ102314,2022-04-07 10:00:00,CUST1282,Customer_2314,USA,South,Clothing,Product_245,4,137.38,549.52,0.2,162.37,Standard,Credit Card
AMZ102315,2022-04-07 11:00:00,CUST2898,Customer_2315,India,West,Beauty,Product_387,3,137.38,412.14,0.2,121.78,Express,Debit Card
AMZ102316,2022-04-07 12:00:00,CUST5135,Customer_2316,Canada,East,Sports,Product_177,3,137.38,412.14,0.2,121.78,Standard,Credit Card
AMZ102317,2022-04-07 13:00:00,CUST7629,Customer_2317,Australia,West,Sports,Product_213,3,137.38,412.14,0.2,121.78,Standard,Credit Card
AMZ102318,2022-04-07 14:00:00,CUST4200,Customer_2318,Australia,East,Sports,Product_358,4,137.38,549.52,0.2,162.37,Express,UPI
AMZ102319,2022-04-07 15:00:00,CUST6110,Customer_2319,India,South,Sports,Product_102,3,137.38,412.14,0.2,121.78,Express,Debit Card
AMZ102320,2022-04-07 16:00:00,CUST8167,Customer_2320,Canada,North,Sports,Product_286,4,137.38,549.52,0.2,162.37,Same Day,UPI
AMZ102321,2022-04-07 17:00:00,CUST1612,Customer_2321,Canada,Central,Books,Product_22,1,137.38,137.38,0.2,40.59,Standard,Debit Card
AMZ102322,2022-04-07 18:00:00,CUST1687,Customer_2322,Canada,South,Home & Kitchen,Product_19,3,137.38,412.14,0.2,121.78,Same Day,Cash on Delivery
AMZ102323,2022-04-07 19:00:00,CUST4690,Customer_2323,Canada,North,Sports,Product_287,4,137.38,549.52,0.2,162.37,Same Day,Net Banking
AMZ102324,2022-04-07 20:00:00,CUST9804,Customer_2324,Australia,South,Books,Product_276,1,137.38,137.38,0.2,40.59,Same Day,Net Banking
AMZ102325,2022-04-07 21:00:00,CUST3307,Customer_2325,USA,West,Clothing,Product_495,2,137.38,274.76,0.2,81.18,Same Day,UPI
AMZ102326,2022-04-07 22:00:00,CUST8133,Customer_2326,Canada,East,Sports,Product_147,1,137.38,137.38,0.2,40.59,Standard,Debit Card
AMZ102327,2022-04-07 23:00:00,CUST7509,Customer_2327,USA,South,Clothing,Product_386,1,137.38,137.38,0.2,40.59,Standard,Credit Card
AMZ102328,2022-04-08 00:00:00,CUST6906,Customer_2328,Canada,North,Beauty,Product_40,3,137.38,412.14,0.2,121.78,Standard,Net Banking
AMZ102329,2022-04-08 01:00:00,CUST3591,Customer_2329,UK,West,Home & Kitchen,Product_167,2,137.38,274.76,0.2,81.18,Same Day,UPI
AMZ102330,2022-04-08 02:00:00,CUST8183,Customer_2330,UK,Central,Electronics,Product_91,2,137.38,274.76,0.2,81.18,Express,UPI
AMZ102331,2022-04-08 03:00:00,CUST6248,Customer_2331,UK,West,Home & Kitchen,Product_72,3,137.38,412.14,0.2,121.78,Standard,UPI
AMZ102332,2022-04-08 04:00:00,CUST9766,Customer_2332,Canada,East,Sports,Product_365,1,137.38,137.38,0.2,40.59,Same Day,Debit Card
AMZ102333,2022-04-08 05:00:00,CUST6108,Customer_2333,USA,West,Sports,Product_438,4,137.38,549.52,0.2,162.37,Same Day,UPI
AMZ102334,2022-04-08 06:00:00,CUST4604,Customer_2334,Australia,Central,Home & Kitchen,Product_283,3,137.38,412.14,0.2,121.78,Same Day,Cash on Delivery
AMZ102335,2022-04-08 07:00:00,CUST1669,Customer_2335,India,North,Home & Kitchen,Product_335,1,137.38,137.38,0.2,40.59,Same Day,Credit Card
AMZ102336,2022-04-08 08:00:00,CUST5364,Customer_2336,Australia,South,Beauty,Product_140,4,137.38,549.52,0.2,162.37,Same Day,UPI
AMZ102337,2022-04-08 09:00:00,CUST8329,Customer_2337,Canada,East,Clothing,Product_239,3,137.38,412.14,0.2,121.78,Same Day,Debit Card
AMZ102338,2022-04-08 10:00:00,CUST2283,Customer_2338,UK,Central,Electronics,Product_78,3,137.38,412.14,0.2,121.78,Standard,Credit Card
AMZ102339,2022-04-08 11:00:00,CUST1923,Customer_2339,UK,East,Home & Kitchen,Product_199,2,137.38,274.76,0.2,81.18,Express,Credit Card
AMZ102340,2022-04-08 12:00:00,CUST2125,Customer_2340,USA,West,Electronics,Product_17,2,137.38,274.76,0.2,81.18,Standard,Net Banking
AMZ102341,2022-04-08 13:00:00,CUST2529,Customer_2341,Canada,East,Home & Kitchen,Product_218,2,137.38,274.76,0.2,81.18,Standard,UPI
AMZ102342,2022-04-08 14:00:00,CUST9438,Customer_2342,Australia,Central,Clothing,Product_229,4,137.38,549.52,0.2,162.37,Same Day,UPI
AMZ102343,2022-04-08 15:00:00,CUST4711,Customer_2343,Canada,South,Electronics,Product_340,3,137.38,412.14,0.2,121.78,Standard,Debit Card
AMZ102344,2022-04-08 16:00:00,CUST9004,Customer_2344,Canada,South,Books,Product_138,2,137.38,274.76,0.2,81.18,Express,Cash on Delivery
AMZ102345,2022-04-08 17:00:00,CUST7274,Customer_2345,UK,East,Clothing,Product_147,2,137.38,274.76,0.2,81.18,Express,Cash on Delivery
AMZ102346,2022-04-08 18:00:00,CUST4864,Customer_2346,Australia,North,Electronics,Product_210,3,137.38,412.14,0.2,121.78,Same Day,Net Banking
AMZ102347,2022-04-08 19:00:00,CUST8833,Customer_2347,India,East,Home & Kitchen,Product_158,4,137.38,549.52,0.2,162.37,Express,Cash on Delivery
AMZ102348,2022-04-08 20:00:00,CUST7788,Customer_2348,UK,West,Home & Kitchen,Product_414,2,137.38,274.76,0.2,81.18,Same Day,Debit Card
AMZ102349,2022-04-08 21:00:00,CUST1226,Customer_2349,Australia,South,Clothing,Product_153,1,137.38,137.38,0.2,40.59,Express,Net Banking
AMZ102350,2022-04-08 22:00:00,CUST1264,Customer_2350,USA,South,Clothing,Product_344,4,137.38,549.52,0.2,162.37,Express,UPI
AMZ102351,2022-04-08 23:00:00,CUST1645,Customer_2351,UK,South,Home & Kitchen,Product_330,2,137.38,274.76,0.2,81.18,Standard,Cash on Delivery
AMZ102352,2022-04-09 00:00:00,CUST8544,Customer_2352,USA,North,Electronics,Product_383,1,137.38,137.38,0.2,40.59,Express,Debit Card
AMZ102353,2022-04-09 01:00:00,CUST6569,Customer_2353,UK,North,Books,Product_450,2,137.38,274.76,0.2,81.18,Same Day,Debit Card
AMZ102354,2022-04-09 02:00:00,CUST3990,Customer_2354,Canada,Central,Beauty,Product_358,4,137.38,549.52,0.2,162.37,Express,UPI
AMZ102355,2022-04-09 03:00:00,CUST3504,Customer_2355,Australia,East,Clothing,Product_352,3,137.38,412.14,0.2,121.78,Express,Debit Card
AMZ102356,2022-04-09 04:00:00,CUST1587,Customer_2356,USA,East,Home & Kitchen,Product_163,3,137.38,412.14,0.2,121.78,Standard,Net Banking
AMZ102357,2022-04-09 05:00:00,CUST5079,Customer_2357,UK,West,Electronics,Product_307,4,137.38,549.52,0.2,162.37,Same Day,Net Banking
AMZ102358,2022-04-09 06:00:00,CUST4348,Customer_2358,USA,South,Clothing,Product_101,2,137.38,274.76,0.2,81.18,Same Day,Credit Card
AMZ102359,2022-04-09 07:00:00,CUST7299,Customer_2359,UK,North,Electronics,Product_327,4,137.38,549.52,0.2,162.37,Same Day,UPI
AMZ102360,2022-04-09 08:00:00,CUST4831,Customer_2360,UK,West,Clothing,Product_327,1,137.38,137.38,0.2,40.59,Standard,Debit Card
AMZ102361,2022-04-09 09:00:00,CUST9381,Customer_2361,India,West,Home & Kitchen,Product_155,2,137.38,274.76,0.2,81.18,Express,Cash on Delivery
AMZ102362,2022-04-09 10:00:00,CUST2715,Customer_2362,India,North,Electronics,Product_10,4,137.38,549.52,0.2,162.37,Same Day,Net Banking
AMZ102363,2022-04-09 11:00:00,CUST7450,Customer_2363,India,East,Home & Kitchen,Product_353,3,137.38,412.14,0.2,121.78,Express,UPI
AMZ102364,2022-04-09 12:00:00,CUST6433,Customer_2364,USA,South,Electronics,Product_427,4,137.38,549.52,0.2,162.37,Express,UPI
AMZ102365,2022-04-09 13:00:00,CUST2098,Customer_2365,Canada,East,Clothing,Product_183,2,137.38,274.76,0.2,81.18,Express,Net Banking
AMZ102366,2022-04-09 14:00:00,CUST8096,Customer_2366,UK,West,Beauty,Product_455,4,137.38,549.52,0.2,162.37,Standard,Credit Card
AMZ102367,2022-04-09 15:00:00,CUST3326,Customer_2367,Australia,South,Beauty,Product_134,3,137.38,412.14,0.2,121.78,Express,UPI
AMZ102368,2022-04-09 16:00:00,CUST7416,Customer_2368,India,Central,Books,Product_6,1,137.38,137.38,0.2,40.59,Standard,Debit Card
AMZ102369,2022-04-09 17:00:00,CUST7980,Customer_2369,USA,West,Books,Product_333,4,137.38,549.52,0.2,162.37,Standard,Cash on Delivery
AMZ102370,2022-04-09 18:00:00,CUST7763,Customer_2370,USA,East,Sports,Product_432,4,137.38,549.52,0.2,162.37,Standard,Cash on Delivery
AMZ102371,2022-04-09 19:00:00,CUST2674,Customer_2371,USA,East,Home & Kitchen,Product_333,1,137.38,137.38,0.2,40.59,Same Day,Net Banking
AMZ102372,2022-04-09 20:00:00,CUST8950,Customer_2372,Australia,East,Electronics,Product_258,4,137.38,549.52,0.2,162.37,Standard,UPI
AMZ102373,2022-04-09 21:00:00,CUST9915,Customer_2373,Australia,North,Books,Product_211,3,137.38,412.14,0.2,121.78,Same Day,Cash on Delivery
AMZ102374,2022-04-09 22:00:00,CUST7049,Customer_2374,India,West,Clothing,Product_51,1,137.38,137.38,0.2,40.59,Standard,UPI
AMZ102375,2022-04-09 23:00:00,CUST2089,Customer_2375,Australia,South,Beauty,Product_445,3,137.38,412.14,0.2,121.78,Standard,Net Banking
AMZ102376,2022-04-10 00:00:00,CUST5578,Customer_2376,India,East,Electronics,Product_147,3,137.38,412.14,0.2,121.78,Standard,Credit Card
AMZ102377,2022-04-10 01:00:00,CUST1155,Customer_2377,Australia,East,Sports,Product_498,3,137.38,412.14,0.2,121.78,Standard,Cash on Delivery
AMZ102378,2022-04-10 02:00:00,CUST2958,Customer_2378,Australia,North,Beauty,Product_377,2,137.38,274.76,0.2,81.18,Express,Debit Card
AMZ102379,2022-04-10 03:00:00,CUST7344,Customer_2379,Australia,South,Electronics,Product_128,1,137.38,137.38,0.2,40.59,Express,Net Banking
AMZ102380,2022-04-10 04:00:00,CUST6779,Customer_2380,India,West,Books,Product_486,2,137.38,274.76,0.2,81.18,Standard,Credit Card
AMZ102381,2022-04-10 05:00:00,CUST7144,Customer_2381,UK,Central,Books,Product_258,2,137.38,274.76,0.2,81.18,Express,Debit Card
AMZ102382,2022-04-10 06:00:00,CUST6063,Customer_2382,India,North,Home & Kitchen,Product_51,4,137.38,549.52,0.2,162.37,Same Day,Debit Card
AMZ102383,2022-04-10 07:00:00,CUST4830,Customer_2383,UK,West,Sports,Product_154,1,137.38,137.38,0.2,40.59,Express,Cash on Delivery
AMZ102384,2022-04-10 08:00:00,CUST9831,Customer_2384,USA,Central,Electronics,Product_70,4,137.38,549.52,0.2,162.37,Express,UPI
AMZ102385,2022-04-10 09:00:00,CUST7659,Customer_2385,USA,East,Sports,Product_276,2,137.38,274.76,0.2,81.18,Express,Net Banking
AMZ102386,2022-04-10 10:00:00,CUST1441,Customer_2386,India,East,Clothing,Product_279,4,137.38,549.52,0.2,162.37,Standard,Debit Card
AMZ102387,2022-04-10 11:00:00,CUST7040,Customer_2387,UK,South,Sports,Product_310,3,137.38,412.14,0.2,121.78,Same Day,Cash on Delivery
AMZ102388,2022-04-10 12:00:00,CUST6925,Customer_2388,UK,Central,Books,Product_399,2,137.38,274.76,0.2,81.18,Standard,Credit Card
AMZ102389,2022-04-10 13:00:00,CUST8358,Customer_2389,UK,East,Home & Kitchen,Product_134,3,137.38,412.14,0.2,121.78,Same Day,Debit Card
AMZ102390,2022-04-10 14:00:00,CUST5628,Customer_2390,USA,East,Books,Product_220,1,137.38,137.38,0.2,40.59,Standard,Credit Card
AMZ102391,2022-04-10 15:00:00,CUST7370,Customer_2391,India,South,Beauty,Product_163,4,137.38,549.52,0.2,162.37,Express,Net Banking
AMZ102392,2022-04-10 16:00:00,CUST1948,Customer_2392,Canada,West,Books,Product_459,2,137.38,274.76,0.2,81.18,Same Day,Cash on Delivery
AMZ102393,2022-04-10 17:00:00,CUST9179,Customer_2393,UK,East,Electronics,Product_136,1,137.38,137.38,0.2,40.59,Express,Credit Card
AMZ102394,2022-04-10 18:00:00,CUST7115,Customer_2394,UK,North,Home & Kitchen,Product_57,3,137.38,412.14,0.2,121.78,Same Day,UPI
AMZ102395,2022-04-10 19:00:00,CUST1459,Customer_2395,Canada,North,Electronics,Product_434,4,137.38,549.52,0.2,162.37,Same Day,Credit Card
AMZ102396,2022-04-10 20:00:00,CUST8568,Customer_2396,India,West,Clothing,Product_177,4,137.38,549.52,0.2,162.37,Standard,Credit Card
AMZ102397,2022-04-10 21:00:00,CUST5646,Customer_2397,UK,Central,Clothing,Product_115,2,137.38,274.76,0.2,81.18,Standard,Cash on Delivery
AMZ102398,2022-04-10 22:00:00,CUST1392,Customer_2398,India,South,Books,Product_499,4,137.38,549.52,0.2,162.37,Express,Cash on Delivery
AMZ102399,2022-04-10 23:00:00,CUST2787,Customer_2399,UK,North,Home & Kitchen,Product_472,4,137.38,549.52,0.2,162.37,Express,Debit Card
AMZ102400,2022-04-11 00:00:00,CUST8374,Customer_2400,Australia,North,Sports,Product_149,3,137.38,412.14,0.2,121.78,Same Day,Credit Card
AMZ102401,2022-04-11 01:00:00,CUST2138,Customer_2401,UK,West,Home & Kitchen,Product_241,3,137.38,412.14,0.2,121.78,Same Day,Credit Card
AMZ102402,2022-04-11 02:00:00,CUST5741,Customer_2402,Australia,Central,Home & Kitchen,Product_123,3,137.38,412.14,0.2,121.78,Standard,Cash on Delivery
AMZ102403,2022-04-11 03:00:00,CUST8418,Customer_2403,India,Central,Home & Kitchen,Product_292,1,137.38,137.38,0.2,40.59,Standard,UPI
AMZ102404,2022-04-11 04:00:00,CUST7362,Customer_2404,UK,West,Books,Product_327,1,137.38,137.38,0.2,40.59,Standard,Cash on Delivery
AMZ102405,2022-04-11 05:00:00,CUST3454,Customer_2405,USA,North,Electronics,Product_69,4,137.38,549.52,0.2,162.37,Standard,UPI
AMZ102406,2022-04-11 06:00:00,CUST4674,Customer_2406,USA,South,Books,Product_314,1,137.38,137.38,0.2,40.59,Standard,Cash on Delivery
AMZ102407,2022-04-11 07:00:00,CUST2377,Customer_2407,Canada,North,Sports,Product_63,2,137.38,274.76,0.2,81.18,Same Day,Net Banking
AMZ102408,2022-04-11 08:00:00,CUST7701,Customer_2408,USA,Central,Electronics,Product_221,3,137.38,412.14,0.2,121.78,Same Day,Credit Card
AMZ102409,2022-04-11 09:00:00,CUST3597,Customer_2409,Australia,North,Sports,Product_16,1,137.38,137.38,0.2,40.59,Express,UPI
AMZ102410,2022-04-11 10:00:00,CUST1141,Customer_2410,USA,South,Beauty,Product_390,4,137.38,549.52,0.2,162.37,Same Day,Net Banking
AMZ102411,2022-04-11 11:00:00,CUST3659,Customer_2411,USA,East,Beauty,Product_78,3,137.38,412.14,0.2,121.78,Standard,UPI
AMZ102412,2022-04-11 12:00:00,CUST5596,Customer_2412,USA,North,Electronics,Product_122,1,137.38,137.38,0.2,40.59,Same Day,Debit Card
AMZ102413,2022-04-11 13:00:00,CUST6661,Customer_2413,UK,West,Books,Product_436,3,137.38,412.14,0.2,121.78,Same Day,Debit Card
AMZ102414,2022-04-11 14:00:00,CUST7142,Customer_2414,Canada,East,Sports,Product_258,1,137.38,137.38,0.2,40.59,Same Day,Credit Card
AMZ102415,2022-04-11 15:00:00,CUST6626,Customer_2415,India,West,Sports,Product_217,4,137.38,549.52,0.2,162.37,Express,Net Banking
AMZ102416,2022-04-11 16:00:00,CUST9787,Customer_2416,Canada,West,Clothing,Product_479,1,137.38,137.38,0.2,40.59,Express,Net Banking
AMZ102417,2022-04-11 17:00:00,CUST9472,Customer_2417,Australia,West,Sports,Product_114,1,137.38,137.38,0.2,40.59,Same Day,Debit Card
AMZ102418,2022-04-11 18:00:00,CUST1423,Customer_2418,UK,North,Books,Product_370,1,137.38,137.38,0.2,40.59,Same Day,Credit Card
AMZ102419,2022-04-11 19:00:00,CUST7999,Customer_2419,UK,Central,Clothing,Product_461,3,137.38,412.14,0.2,121.78,Standard,Debit Card
AMZ102420,2022-04-11 20:00:00,CUST5249,Customer_2420,USA,East,Books,Product_380,1,137.38,137.38,0.2,40.59,Express,Net Banking
AMZ102421,2022-04-11 21:00:00,CUST2750,Customer_2421,USA,South,Home & Kitchen,Product_146,1,137.38,137.38,0.2,40.59,Standard,UPI
AMZ102422,2022-04-11 22:00:00,CUST5757,Customer_2422,Australia,Central,Sports,Product_465,1,137.38,137.38,0.2,40.59,Standard,Net Banking
AMZ102423,2022-04-11 23:00:00,CUST2967,Customer_2423,UK,North,Home & Kitchen,Product_237,3,137.38,412.14,0.2,121.78,Same Day,Credit Card
AMZ102424,2022-04-12 00:00:00,CUST5088,Customer_2424,India,West,Beauty,Product_476,4,137.38,549.52,0.2,162.37,Same Day,Net Banking
AMZ102425,2022-04-12 01:00:00,CUST5178,Customer_2425,Canada,South,Beauty,Product_460,4,137.38,549.52,0.2,162.37,Same Day,Cash on Delivery
AMZ102426,2022-04-12 02:00:00,CUST8789,Customer_2426,UK,East,Electronics,Product_419,4,137.38,549.52,0.2,162.37,Standard,Net Banking
AMZ102427,2022-04-12 03:00:00,CUST3946,Customer_2427,India,Central,Sports,Product_86,1,137.38,137.38,0.2,40.59,Standard,Cash on Delivery
AMZ102428,2022-04-12 04:00:00,CUST6394,Customer_2428,India,Central,Clothing,Product_167,3,137.38,412.14,0.2,121.78,Standard,Debit Card
AMZ102429,2022-04-12 05:00:00,CUST8880,Customer_2429,Canada,South,Home & Kitchen,Product_129,4,137.38,549.52,0.2,162.37,Same Day,Cash on Delivery
AMZ102430,2022-04-12 06:00:00,CUST6075,Customer_2430,India,North,Books,Product_165,4,137.38,549.52,0.2,162.37,Same Day,Net Banking
AMZ102431,2022-04-12 07:00:00,CUST8230,Customer_2431,Australia,East,Sports,Product_277,4,137.38,549.52,0.2,162.37,Same Day,Net Banking
AMZ102432,2022-04-12 08:00:00,CUST2531,Customer_2432,India,South,Electronics,Product_257,2,137.38,274.76,0.2,81.18,Standard,Net Banking
AMZ102433,2022-04-12 09:00:00,CUST3990,Customer_2433,Australia,West,Books,Product_132,3,137.38,412.14,0.2,121.78,Standard,Credit Card
AMZ102434,2022-04-12 10:00:00,CUST8155,Customer_2434,India,East,Home & Kitchen,Product_480,2,137.38,274.76,0.2,81.18,Express,Debit Card
AMZ102435,2022-04-12 11:00:00,CUST5493,Customer_2435,USA,Central,Sports,Product_58,1,137.38,137.38,0.2,40.59,Same Day,Cash on Delivery
AMZ102436,2022-04-12 12:00:00,CUST1933,Customer_2436,India,South,Home & Kitchen,Product_257,4,137.38,549.52,0.2,162.37,Standard,UPI
AMZ102437,2022-04-12 13:00:00,CUST2460,Customer_2437,Australia,Central,Sports,Product_141,1,137.38,137.38,0.2,40.59,Express,Cash on Delivery
AMZ102438,2022-04-12 14:00:00,CUST3723,Customer_2438,India,Central,Sports,Product_174,3,137.38,412.14,0.2,121.78,Standard,Net Banking
AMZ102439,2022-04-12 15:00:00,CUST1285,Customer_2439,India,Central,Home & Kitchen,Product_175,1,137.38,137.38,0.2,40.59,Standard,UPI
AMZ102440,2022-04-12 16:00:00,CUST1264,Customer_2440,India,North,Home & Kitchen,Product_209,1,137.38,137.38,0.2,40.59,Same Day,UPI
AMZ102441,2022-04-12 17:00:00,CUST7816,Customer_2441,Australia,Central,Books,Product_204,4,137.38,549.52,0.2,162.37,Express,Cash on Delivery
AMZ102442,2022-04-12 18:00:00,CUST2762,Customer_2442,India,West,Electronics,Product_7,3,137.38,412.14,0.2,121.78,Standard,Cash on Delivery
AMZ102443,2022-04-12 19:00:00,CUST1040,Customer_2443,Canada,West,Home & Kitchen,Product_51,1,137.38,137.38,0.2,40.59,Express,Cash on Delivery
AMZ102444,2022-04-12 20:00:00,CUST6827,Customer_2444,Canada,East,Beauty,Product_259,2,137.38,274.76,0.2,81.18,Express,Cash on Delivery
AMZ102445,2022-04-12 21:00:00,CUST9259,Customer_2445,Australia,Central,Electronics,Product_178,4,137.38,549.52,0.2,162.37,Same Day,Debit Card
AMZ102446,2022-04-12 22:00:00,CUST1987,Customer_2446,USA,Central,Beauty,Product_410,2,137.38,274.76,0.2,81.18,Express,Credit Card
AMZ102447,2022-04-12 23:00:00,CUST8804,Customer_2447,Canada,South,Books,Product_31,4,137.38,549.52,0.2,162.37,Same Day,Credit Card
AMZ102448,2022-04-13 00:00:00,CUST8789,Customer_2448,UK,North,Home & Kitchen,Product_356,1,137.38,137.38,0.2,40.59,Same Day,Cash on Delivery
AMZ102449,2022-04-13 01:00:00,CUST6717,Customer_2449,Canada,East,Electronics,Product_318,4,137.38,549.52,0.2,162.37,Same Day,Credit Card
AMZ102450,2022-04-13 02:00:00,CUST4198,Customer_2450,UK,Central,Home & Kitchen,Product_154,1,137.38,137.38,0.2,40.59,Express,Cash on Delivery
AMZ102451,2022-04-13 03:00:00,CUST6374,Customer_2451,Australia,South,Sports,Product_451,2,137.38,274.76,0.2,81.18,Standard,Cash on Delivery
AMZ102452,2022-04-13 04:00:00,CUST5790,Customer_2452,USA,North,Home & Kitchen,Product_364,1,137.38,137.38,0.2,40.59,Same Day,Cash on Delivery
AMZ102453,2022-04-13 05:00:00,CUST8183,Customer_2453,UK,East,Electronics,Product_55,4,137.38,549.52,0.2,162.37,Standard,Debit Card
AMZ102454,2022-04-13 06:00:00,CUST3524,Customer_2454,UK,East,Home & Kitchen,Product_156,4,137.38,549.52,0.2,162.37,Express,Net Banking
AMZ102455,2022-04-13 07:00:00,CUST3479,Customer_2455,Canada,Central,Home & Kitchen,Product_44,4,137.38,549.52,0.2,162.37,Standard,Credit Card
AMZ102456,2022-04-13 08:00:00,CUST6154,Customer_2456,UK,East,Clothing,Product_81,2,137.38,274.76,0.2,81.18,Standard,Credit Card
AMZ102457,2022-04-13 09:00:00,CUST1778,Customer_2457,Australia,South,Clothing,Product_166,3,137.38,412.14,0.2,121.78,Same Day,Debit Card
AMZ102458,2022-04-13 10:00:00,CUST2492,Customer_2458,Australia,East,Electronics,Product_495,2,137.38,274.76,0.2,81.18,Same Day,Debit Card
AMZ102459,2022-04-13 11:00:00,CUST1660,Customer_2459,Australia,West,Electronics,Product_30,1,137.38,137.38,0.2,40.59,Same Day,Cash on Delivery
AMZ102460,2022-04-13 12:00:00,CUST2348,Customer_2460,Canada,South,Sports,Product_322,1,137.38,137.38,0.2,40.59,Express,Cash on Delivery
AMZ102461,2022-04-13 13:00:00,CUST8851,Customer_2461,USA,North,Sports,Product_136,2,137.38,274.76,0.2,81.18,Standard,Net Banking
AMZ102462,2022-04-13 14:00:00,CUST8156,Customer_2462,Canada,North,Home & Kitchen,Product_14,2,137.38,274.76,0.2,81.18,Express,Credit Card
AMZ102463,2022-04-13 15:00:00,CUST3044,Customer_2463,Australia,Central,Beauty,Product_357,1,137.38,137.38,0.2,40.59,Express,Debit Card
AMZ102464,2022-04-13 16:00:00,CUST8368,Customer_2464,Canada,Central,Electronics,Product_483,1,137.38,137.38,0.2,40.59,Express,Net Banking
AMZ102465,2022-04-13 17:00:00,CUST4516,Customer_2465,Australia,West,Home & Kitchen,Product_106,1,137.38,137.38,0.2,40.59,Express,Credit Card
AMZ102466,2022-04-13 18:00:00,CUST5577,Customer_2466,India,North,Beauty,Product_359,3,137.38,412.14,0.2,121.78,Same Day,Net Banking
AMZ102467,2022-04-13 19:00:00,CUST1727,Customer_2467,India,North,Clothing,Product_318,3,137.38,412.14,0.2,121.78,Standard,Net Banking
AMZ102468,2022-04-13 20:00:00,CUST8468,Customer_2468,UK,North,Sports,Product_75,2,137.38,274.76,0.2,81.18,Same Day,Cash on Delivery
AMZ102469,2022-04-13 21:00:00,CUST1342,Customer_2469,USA,North,Electronics,Product_447,2,137.38,274.76,0.2,81.18,Same Day,Net Banking
AMZ102470,2022-04-13 22:00:00,CUST2447,Customer_2470,India,East,Home & Kitchen,Product_79,3,137.38,412.14,0.2,121.78,Express,Cash on Delivery
AMZ102471,2022-04-13 23:00:00,CUST7581,Customer_2471,Australia,South,Clothing,Product_194,4,137.38,549.52,0.2,162.37,Same Day,Credit Card
AMZ102472,2022-04-14 00:00:00,CUST7317,Customer_2472,Canada,South,Books,Product_485,3,137.38,412.14,0.2,121.78,Standard,Credit Card
AMZ102473,2022-04-14 01:00:00,CUST1526,Customer_2473,Canada,West,Clothing,Product_363,2,137.38,274.76,0.2,81.18,Express,Cash on Delivery
AMZ102474,2022-04-14 02:00:00,CUST7748,Customer_2474,UK,East,Home & Kitchen,Product_96,3,137.38,412.14,0.2,121.78,Same Day,UPI
AMZ102475,2022-04-14 03:00:00,CUST1405,Customer_2475,Canada,North,Sports,Product_40,4,137.38,549.52,0.2,162.37,Express,Net Banking
AMZ102476,2022-04-14 04:00:00,CUST8986,Customer_2476,India,North,Beauty,Product_256,2,137.38,274.76,0.2,81.18,Standard,Credit Card
AMZ102477,2022-04-14 05:00:00,CUST4740,Customer_2477,Canada,Central,Books,Product_397,1,137.38,137.38,0.2,40.59,Express,Net Banking
AMZ102478,2022-04-14 06:00:00,CUST2846,Customer_2478,India,Central,Books,Product_107,2,137.38,274.76,0.2,81.18,Same Day,UPI
AMZ102479,2022-04-14 07:00:00,CUST2478,Customer_2479,India,West,Sports,Product_17,3,137.38,412.14,0.2,121.78,Same Day,Net Banking
AMZ102480,2022-04-14 08:00:00,CUST1771,Customer_2480,USA,North,Books,Product_15,3,137.38,412.14,0.2,121.78,Standard,UPI
AMZ102481,2022-04-14 09:00:00,CUST6525,Customer_2481,UK,West,Electronics,Product_417,4,137.38,549.52,0.2,162.37,Standard,Debit Card
AMZ102482,2022-04-14 10:00:00,CUST9770,Customer_2482,Australia,East,Home & Kitchen,Product_499,3,137.38,412.14,0.2,121.78,Express,UPI
AMZ102483,2022-04-14 11:00:00,CUST1193,Customer_2483,India,South,Books,Product_272,4,137.38,549.52,0.2,162.37,Same Day,Credit Card
AMZ102484,2022-04-14 12:00:00,CUST3007,Customer_2484,UK,North,Clothing,Product_499,2,137.38,274.76,0.2,81.18,Standard,Cash on Delivery
AMZ102485,2022-04-14 13:00:00,CUST2185,Customer_2485,Australia,East,Beauty,Product_13,3,137.38,412.14,0.2,121.78,Standard,Cash on Delivery
AMZ102486,2022-04-14 14:00:00,CUST3394,Customer_2486,Canada,North,Home & Kitchen,Product_247,2,137.38,274.76,0.2,81.18,Same Day,Net Banking
AMZ102487,2022-04-14 15:00:00,CUST5005,Customer_2487,UK,Central,Sports,Product_214,1,137.38,137.38,0.2,40.59,Standard,Debit Card
AMZ102488,2022-04-14 16:00:00,CUST8429,Customer_2488,UK,West,Clothing,Product_151,1,137.38,137.38,0.2,40.59,Standard,Net Banking
AMZ102489,2022-04-14 17:00:00,CUST3261,Customer_2489,UK,Central,Electronics,Product_292,4,137.38,549.52,0.2,162.37,Same Day,UPI
AMZ102490,2022-04-14 18:00:00,CUST4736,Customer_2490,Canada,South,Books,Product_43,3,137.38,412.14,0.2,121.78,Standard,Cash on Delivery
AMZ102491,2022-04-14 19:00:00,CUST7716,Customer_2491,Canada,Central,Clothing,Product_434,2,137.38,274.76,0.2,81.18,Same Day,UPI
AMZ102492,2022-04-14 20:00:00,CUST5875,Customer_2492,UK,North,Home & Kitchen,Product_114,2,137.38,274.76,0.2,81.18,Same Day,Cash on Delivery
AMZ102493,2022-04-14 21:00:00,CUST9921,Customer_2493,USA,Central,Clothing,Product_330,3,137.38,412.14,0.2,121.78,Express,Cash on Delivery
AMZ102494,2022-04-14 22:00:00,CUST5378,Customer_2494,India,North,Electronics,Product_81,2,137.38,274.76,0.2,81.18,Same Day,Cash on Delivery
AMZ102495,2022-04-14 23:00:00,CUST8815,Customer_2495,Canada,South,Beauty,Product_350,3,137.38,412.14,0.2,121.78,Standard,Credit Card
AMZ102496,2022-04-15 00:00:00,CUST4451,Customer_2496,USA,Central,Books,Product_141,3,137.38,412.14,0.2,121.78,Express,UPI
AMZ102497,2022-04-15 01:00:00,CUST8616,Customer_2497,Canada,West,Home & Kitchen,Product_30,1,137.38,137.38,0.2,40.59,Express,Net Banking
AMZ102498,2022-04-15 02:00:00,CUST3800,Customer_2498,UK,West,Books,Product_441,3,137.38,412.14,0.2,121.78,Standard,Debit Card
AMZ102499,2022-04-15 03:00:00,CUST9333,Customer_2499,USA,West,Books,Product_494,2,137.38,274.76,0.2,81.18,Express,Net Banking
AMZ102500,2022-04-15 04:00:00,CUST6410,Customer_2500,Australia,Central,Sports,Product_30,3,137.38,412.14,0.2,121.78,Standard,UPI
AMZ102501,2022-04-15 05:00:00,CUST2455,Customer_2501,India,Central,Books,Product_455,1,137.38,137.38,0.2,40.59,Express,Debit Card
AMZ102502,2022-04-15 06:00:00,CUST7892,Customer_2502,India,Central,Clothing,Product_266,1,137.38,137.38,0.2,40.59,Standard,Net Banking
AMZ102503,2022-04-15 07:00:00,CUST6808,Customer_2503,Canada,North,Clothing,Product_99,4,137.38,549.52,0.2,162.37,Same Day,Debit Card
AMZ102504,2022-04-15 08:00:00,CUST7796,Customer_2504,India,South,Beauty,Product_450,2,137.38,274.76,0.2,81.18,Same Day,UPI
AMZ102505,2022-04-15 09:00:00,CUST5796,Customer_2505,Australia,West,Electronics,Product_94,3,137.38,412.14,0.2,121.78,Express,Cash on Delivery
AMZ102506,2022-04-15 10:00:00,CUST6093,Customer_2506,USA,North,Home & Kitchen,Product_211,2,137.38,274.76,0.2,81.18,Express,UPI
AMZ102507,2022-04-15 11:00:00,CUST2325,Customer_2507,USA,West,Clothing,Product_295,2,137.38,274.76,0.2,81.18,Same Day,Credit Card
AMZ102508,2022-04-15 12:00:00,CUST5976,Customer_2508,UK,North,Books,Product_37,3,137.38,412.14,0.2,121.78,Standard,Debit Card
AMZ102509,2022-04-15 13:00:00,CUST2159,Customer_2509,USA,Central,Electronics,Product_387,1,137.38,137.38,0.2,40.59,Express,UPI
AMZ102510,2022-04-15 14:00:00,CUST5650,Customer_2510,Canada,West,Home & Kitchen,Product_89,2,137.38,274.76,0.2,81.18,Same Day,Cash on Delivery
AMZ102511,2022-04-15 15:00:00,CUST5987,Customer_2511,Australia,Central,Home & Kitchen,Product_418,4,137.38,549.52,0.2,162.37,Express,Cash on Delivery
AMZ102512,2022-04-15 16:00:00,CUST5697,Customer_2512,UK,West,Home & Kitchen,Product_255,2,137.38,274.76,0.2,81.18,Same Day,UPI
AMZ102513,2022-04-15 17:00:00,CUST1340,Customer_2513,Canada,East,Home & Kitchen,Product_214,1,137.38,137.38,0.2,40.59,Same Day,Net Banking
AMZ102514,2022-04-15 18:00:00,CUST4828,Customer_2514,Canada,North,Beauty,Product_422,4,137.38,549.52,0.2,162.37,Same Day,UPI
AMZ102515,2022-04-15 19:00:00,CUST2968,Customer_2515,Canada,East,Home & Kitchen,Product_14,4,137.38,549.52,0.2,162.37,Standard,Cash on Delivery
AMZ102516,2022-04-15 20:00:00,CUST1703,Customer_2516,India,North,Electronics,Product_192,4,137.38,549.52,0.2,162.37,Express,UPI
AMZ102517,2022-04-15 21:00:00,CUST6482,Customer_2517,Canada,South,Clothing,Product_295,4,137.38,549.52,0.2,162.37,Standard,Credit Card
AMZ102518,2022-04-15 22:00:00,CUST7376,Customer_2518,India,West,Electronics,Product_182,3,137.38,412.14,0.2,121.78,Standard,Net Banking
AMZ102519,2022-04-15 23:00:00,CUST2800,Customer_2519,USA,South,Books,Product_130,3,137.38,412.14,0.2,121.78,Same Day,UPI
AMZ102520,2022-04-16 00:00:00,CUST6463,Customer_2520,India,South,Sports,Product_224,3,137.38,412.14,0.2,121.78,Standard,Cash on Delivery
AMZ102521,2022-04-16 01:00:00,CUST5912,Customer_2521,Canada,North,Beauty,Product_43,4,137.38,549.52,0.2,162.37,Express,UPI
AMZ102522,2022-04-16 02:00:00,CUST5648,Customer_2522,Australia,East,Beauty,Product_181,1,137.38,137.38,0.2,40.59,Express,UPI
AMZ102523,2022-04-16 03:00:00,CUST1855,Customer_2523,Australia,Central,Books,Product_387,2,137.38,274.76,0.2,81.18,Same Day,Debit Card
AMZ102524,2022-04-16 04:00:00,CUST3866,Customer_2524,USA,North,Electronics,Product_169,4,137.38,549.52,0.2,162.37,Same Day,UPI
AMZ102525,2022-04-16 05:00:00,CUST1182,Customer_2525,Canada,Central,Electronics,Product_264,1,137.38,137.38,0.2,40.59,Express,Credit Card
AMZ102526,2022-04-16 06:00:00,CUST4112,Customer_2526,India,South,Books,Product_474,2,137.38,274.76,0.2,81.18,Express,Cash on Delivery
AMZ102527,2022-04-16 07:00:00,CUST6670,Customer_2527,Australia,Central,Sports,Product_96,4,137.38,549.52,0.2,162.37,Same Day,Debit Card
AMZ102528,2022-04-16 08:00:00,CUST5492,Customer_2528,UK,East,Home & Kitchen,Product_203,2,137.38,274.76,0.2,81.18,Standard,UPI
AMZ102529,2022-04-16 09:00:00,CUST6823,Customer_2529,Canada,North,Home & Kitchen,Product_498,3,137.38,412.14,0.2,121.78,Express,Net Banking
AMZ102530,2022-04-16 10:00:00,CUST2517,Customer_2530,Canada,East,Clothing,Product_447,3,137.38,412.14,0.2,121.78,Same Day,Credit Card
AMZ102531,2022-04-16 11:00:00,CUST6002,Customer_2531,UK,East,Electronics,Product_321,3,137.38,412.14,0.2,121.78,Same Day,Credit Card
AMZ102532,2022-04-16 12:00:00,CUST2356,Customer_2532,Australia,North,Electronics,Product_335,1,137.38,137.38,0.2,40.59,Express,Credit Card
AMZ102533,2022-04-16 13:00:00,CUST4629,Customer_2533,UK,East,Books,Product_388,3,137.38,412.14,0.2,121.78,Same Day,Debit Card
AMZ102534,2022-04-16 14:00:00,CUST4628,Customer_2534,USA,West,Books,Product_68,1,137.38,137.38,0.2,40.59,Express,UPI
AMZ102535,2022-04-16 15:00:00,CUST9210,Customer_2535,India,West,Home & Kitchen,Product_92,3,137.38,412.14,0.2,121.78,Same Day,Credit Card
AMZ102536,2022-04-16 16:00:00,CUST7132,Customer_2536,India,West,Electronics,Product_266,3,137.38,412.14,0.2,121.78,Same Day,UPI
AMZ102537,2022-04-16 17:00:00,CUST7588,Customer_2537,Australia,Central,Electronics,Product_331,3,137.38,412.14,0.2,121.78,Standard,Net Banking
AMZ102538,2022-04-16 18:00:00,CUST4311,Customer_2538,UK,East,Beauty,Product_178,1,137.38,137.38,0.2,40.59,Same Day,UPI
AMZ102539,2022-04-16 19:00:00,CUST7048,Customer_2539,Canada,North,Clothing,Product_151,2,137.38,274.76,0.2,81.18,Express,UPI
AMZ102540,2022-04-16 20:00:00,CUST7246,Customer_2540,Canada,North,Clothing,Product_317,1,137.38,137.38,0.2,40.59,Express,UPI
AMZ102541,2022-04-16 21:00:00,CUST1987,Customer_2541,Canada,Central,Home & Kitchen,Product_47,4,137.38,549.52,0.2,162.37,Standard,Cash on Delivery
AMZ102542,2022-04-16 22:00:00,CUST4321,Customer_2542,USA,North,Sports,Product_3,4,137.38,549.52,0.2,162.37,Express,Debit Card
AMZ102543,2022-04-16 23:00:00,CUST5615,Customer_2543,USA,West,Electronics,Product_487,1,137.38,137.38,0.2,40.59,Same Day,UPI
AMZ102544,2022-04-17 00:00:00,CUST9365,Customer_2544,Canada,East,Beauty,Product_103,1,137.38,137.38,0.2,40.59,Standard,Credit Card
AMZ102545,2022-04-17 01:00:00,CUST4741,Customer_2545,Australia,North,Electronics,Product_273,2,137.38,274.76,0.2,81.18,Express,Cash on Delivery
AMZ102546,2022-04-17 02:00:00,CUST4052,Customer_2546,USA,North,Books,Product_22,1,137.38,137.38,0.2,40.59,Same Day,UPI
AMZ102547,2022-04-17 03:00:00,CUST7574,Customer_2547,USA,South,Home & Kitchen,Product_116,3,137.38,412.14,0.2,121.78,Standard,Cash on Delivery
AMZ102548,2022-04-17 04:00:00,CUST1726,Customer_2548,India,South,Sports,Product_347,2,137.38,274.76,0.2,81.18,Same Day,Debit Card
AMZ102549,2022-04-17 05:00:00,CUST4760,Customer_2549,India,South,Clothing,Product_400,1,137.38,137.38,0.2,40.59,Express,Cash on Delivery
AMZ102550,2022-04-17 06:00:00,CUST6806,Customer_2550,Australia,East,Electronics,Product_464,1,137.38,137.38,0.2,40.59,Express,Credit Card
AMZ102551,2022-04-17 07:00:00,CUST2875,Customer_2551,USA,West,Sports,Product_104,4,137.38,549.52,0.2,162.37,Express,UPI
AMZ102552,2022-04-17 08:00:00,CUST7993,Customer_2552,USA,West,Home & Kitchen,Product_259,2,137.38,274.76,0.2,81.18,Express,Credit Card
AMZ102553,2022-04-17 09:00:00,CUST5033,Customer_2553,UK,West,Clothing,Product_308,4,137.38,549.52,0.2,162.37,Standard,Net Banking
AMZ102554,2022-04-17 10:00:00,CUST6443,Customer_2554,Australia,East,Electronics,Product_367,1,137.38,137.38,0.2,40.59,Express,Cash on Delivery
AMZ102555,2022-04-17 11:00:00,CUST1989,Customer_2555,Australia,East,Beauty,Product_417,2,137.38,274.76,0.2,81.18,Standard,Cash on Delivery
AMZ102556,2022-04-17 12:00:00,CUST4744,Customer_2556,UK,South,Home & Kitchen,Product_298,3,137.38,412.14,0.2,121.78,Standard,Cash on Delivery
AMZ102557,2022-04-17 13:00:00,CUST9611,Customer_2557,UK,North,Electronics,Product_130,1,137.38,137.38,0.2,40.59,Same Day,Debit Card
AMZ102558,2022-04-17 14:00:00,CUST1593,Customer_2558,India,Central,Clothing,Product_295,1,137.38,137.38,0.2,40.59,Express,Credit Card
AMZ102559,2022-04-17 15:00:00,CUST2774,Customer_2559,Australia,Central,Clothing,Product_302,4,137.38,549.52,0.2,162.37,Same Day,Net Banking
AMZ102560,2022-04-17 16:00:00,CUST1935,Customer_2560,Australia,North,Beauty,Product_48,3,137.38,412.14,0.2,121.78,Same Day,Debit Card
AMZ102561,2022-04-17 17:00:00,CUST4808,Customer_2561,UK,South,Home & Kitchen,Product_27,1,137.38,137.38,0.2,40.59,Same Day,Debit Card
AMZ102562,2022-04-17 18:00:00,CUST1331,Customer_2562,Canada,North,Home & Kitchen,Product_15,4,137.38,549.52,0.2,162.37,Same Day,UPI
AMZ102563,2022-04-17 19:00:00,CUST8922,Customer_2563,Canada,North,Sports,Product_263,4,137.38,549.52,0.2,162.37,Same Day,Net Banking
AMZ102564,2022-04-17 20:00:00,CUST3702,Customer_2564,India,Central,Electronics,Product_365,1,137.38,137.38,0.2,40.59,Express,Cash on Delivery
AMZ102565,2022-04-17 21:00:00,CUST6889,Customer_2565,Canada,South,Sports,Product_441,2,137.38,274.76,0.2,81.18,Same Day,Cash on Delivery
AMZ102566,2022-04-17 22:00:00,CUST6054,Customer_2566,Canada,East,Clothing,Product_298,1,137.38,137.38,0.2,40.59,Standard,UPI
AMZ102567,2022-04-17 23:00:00,CUST4868,Customer_2567,Canada,Central,Clothing,Product_265,3,137.38,412.14,0.2,121.78,Standard,Cash on Delivery
AMZ102568,2022-04-18 00:00:00,CUST5200,Customer_2568,USA,East,Beauty,Product_361,1,137.38,137.38,0.2,40.59,Express,Credit Card
AMZ102569,2022-04-18 01:00:00,CUST1201,Customer_2569,India,South,Beauty,Product_134,2,137.38,274.76,0.2,81.18,Standard,Cash on Delivery
AMZ102570,2022-04-18 02:00:00,CUST3497,Customer_2570,UK,North,Home & Kitchen,Product_441,4,137.38,549.52,0.2,162.37,Same Day,Credit Card
AMZ102571,2022-04-18 03:00:00,CUST2842,Customer_2571,Canada,West,Sports,Product_76,3,137.38,412.14,0.2,121.78,Standard,UPI
AMZ102572,2022-04-18 04:00:00,CUST5658,Customer_2572,USA,West,Clothing,Product_30,3,137.38,412.14,0.2,121.78,Same Day,UPI
AMZ102573,2022-04-18 05:00:00,CUST8544,Customer_2573,Canada,South,Electronics,Product_439,3,137.38,412.14,0.2,121.78,Express,Credit Card
AMZ102574,2022-04-18 06:00:00,CUST8718,Customer_2574,USA,West,Books,Product_340,3,137.38,412.14,0.2,121.78,Standard,Cash on Delivery
AMZ102575,2022-04-18 07:00:00,CUST1770,Customer_2575,India,East,Electronics,Product_126,2,137.38,274.76,0.2,81.18,Standard,UPI
AMZ102576,2022-04-18 08:00:00,CUST4155,Customer_2576,Canada,West,Beauty,Product_84,2,137.38,274.76,0.2,81.18,Standard,UPI
AMZ102577,2022-04-18 09:00:00,CUST2628,Customer_2577,USA,South,Electronics,Product_54,2,137.38,274.76,0.2,81.18,Express,Credit Card
AMZ102578,2022-04-18 10:00:00,CUST1386,Customer_2578,Australia,South,Clothing,Product_366,2,137.38,274.76,0.2,81.18,Express,UPI
AMZ102579,2022-04-18 11:00:00,CUST7031,Customer_2579,Australia,East,Sports,Product_283,4,137.38,549.52,0.2,162.37,Standard,Cash on Delivery
AMZ102580,2022-04-18 12:00:00,CUST7439,Customer_2580,USA,West,Home & Kitchen,Product_340,1,137.38,137.38,0.2,40.59,Express,UPI
AMZ102581,2022-04-18 13:00:00,CUST7401,Customer_2581,Canada,West,Sports,Product_443,2,137.38,274.76,0.2,81.18,Same Day,Credit Card
AMZ102582,2022-04-18 14:00:00,CUST5008,Customer_2582,Canada,North,Books,Product_263,1,137.38,137.38,0.2,40.59,Express,Cash on Delivery
AMZ102583,2022-04-18 15:00:00,CUST3466,Customer_2583,India,Central,Home & Kitchen,Product_424,3,137.38,412.14,0.2,121.78,Standard,Net Banking
AMZ102584,2022-04-18 16:00:00,CUST3282,Customer_2584,India,South,Books,Product_360,4,137.38,549.52,0.2,162.37,Same Day,Credit Card
AMZ102585,2022-04-18 17:00:00,CUST2856,Customer_2585,UK,North,Books,Product_222,4,137.38,549.52,0.2,162.37,Standard,Net Banking
AMZ102586,2022-04-18 18:00:00,CUST8980,Customer_2586,India,South,Clothing,Product_328,1,137.38,137.38,0.2,40.59,Standard,UPI
AMZ102587,2022-04-18 19:00:00,CUST2998,Customer_2587,Canada,North,Clothing,Product_2,1,137.38,137.38,0.2,40.59,Standard,Cash on Delivery
AMZ102588,2022-04-18 20:00:00,CUST6476,Customer_2588,UK,Central,Beauty,Product_398,1,137.38,137.38,0.2,40.59,Express,UPI
AMZ102589,2022-04-18 21:00:00,CUST5669,Customer_2589,India,North,Beauty,Product_394,4,137.38,549.52,0.2,162.37,Standard,Cash on Delivery
AMZ102590,2022-04-18 22:00:00,CUST5318,Customer_2590,USA,South,Books,Product_306,2,137.38,274.76,0.2,81.18,Same Day,Debit Card
AMZ102591,2022-04-18 23:00:00,CUST8064,Customer_2591,Australia,West,Sports,Product_146,4,137.38,549.52,0.2,162.37,Same Day,UPI
AMZ102592,2022-04-19 00:00:00,CUST8446,Customer_2592,India,South,Beauty,Product_18,2,137.38,274.76,0.2,81.18,Same Day,UPI
AMZ102593,2022-04-19 01:00:00,CUST2431,Customer_2593,India,East,Clothing,Product_16,3,137.38,412.14,0.2,121.78,Standard,UPI
AMZ102594,2022-04-19 02:00:00,CUST6624,Customer_2594,USA,East,Beauty,Product_308,2,137.38,274.76,0.2,81.18,Same Day,Credit Card
AMZ102595,2022-04-19 03:00:00,CUST8461,Customer_2595,Canada,East,Books,Product_453,1,137.38,137.38,0.2,40.59,Same Day,Cash on Delivery
AMZ102596,2022-04-19 04:00:00,CUST2819,Customer_2596,USA,East,Home & Kitchen,Product_436,2,137.38,274.76,0.2,81.18,Same Day,Cash on Delivery
AMZ102597,2022-04-19 05:00:00,CUST2130,Customer_2597,India,Central,Sports,Product_159,2,137.38,274.76,0.2,81.18,Same Day,Cash on Delivery
AMZ102598,2022-04-19 06:00:00,CUST7563,Customer_2598,Canada,West,Sports,Product_485,4,137.38,549.52,0.2,162.37,Express,Credit Card
AMZ102599,2022-04-19 07:00:00,CUST3658,Customer_2599,UK,West,Electronics,Product_340,1,137.38,137.38,0.2,40.59,Standard,Cash on Delivery
AMZ102600,2022-04-19 08:00:00,CUST4500,Customer_2600,India,South,Beauty,Product_407,3,137.38,412.14,0.2,121.78,Standard,UPI
AMZ102601,2022-04-19 09:00:00,CUST9566,Customer_2601,USA,North,Sports,Product_352,2,137.38,274.76,0.2,81.18,Same Day,Net Banking
AMZ102602,2022-04-19 10:00:00,CUST3120,Customer_2602,UK,South,Clothing,Product_298,3,137.38,412.14,0.2,121.78,Standard,Debit Card
AMZ102603,2022-04-19 11:00:00,CUST5020,Customer_2603,Australia,South,Home & Kitchen,Product_209,1,137.38,137.38,0.2,40.59,Same Day,Cash on Delivery
AMZ102604,2022-04-19 12:00:00,CUST4259,Customer_2604,UK,South,Clothing,Product_446,2,137.38,274.76,0.2,81.18,Same Day,Credit Card
AMZ102605,2022-04-19 13:00:00,CUST2823,Customer_2605,USA,South,Beauty,Product_205,4,137.38,549.52,0.2,162.37,Same Day,Credit Card
AMZ102606,2022-04-19 14:00:00,CUST2474,Customer_2606,UK,West,Books,Product_113,3,137.38,412.14,0.2,121.78,Standard,Cash on Delivery
AMZ102607,2022-04-19 15:00:00,CUST3242,Customer_2607,USA,North,Electronics,Product_178,4,137.38,549.52,0.2,162.37,Express,Net Banking
AMZ102608,2022-04-19 16:00:00,CUST4243,Customer_2608,India,South,Electronics,Product_461,3,137.38,412.14,0.2,121.78,Standard,Cash on Delivery
AMZ102609,2022-04-19 17:00:00,CUST7990,Customer_2609,Canada,West,Home & Kitchen,Product_209,1,137.38,137.38,0.2,40.59,Standard,Credit Card
AMZ102610,2022-04-19 18:00:00,CUST6160,Customer_2610,Australia,South,Sports,Product_124,2,137.38,274.76,0.2,81.18,Express,Debit Card
AMZ102611,2022-04-19 19:00:00,CUST4134,Customer_2611,Canada,East,Sports,Product_15,3,137.38,412.14,0.2,121.78,Standard,Net Banking
AMZ102612,2022-04-19 20:00:00,CUST3070,Customer_2612,Canada,South,Sports,Product_346,4,137.38,549.52,0.2,162.37,Express,Cash on Delivery
AMZ102613,2022-04-19 21:00:00,CUST1359,Customer_2613,Canada,South,Electronics,Product_428,3,137.38,412.14,0.2,121.78,Same Day,Debit Card
AMZ102614,2022-04-19 22:00:00,CUST2141,Customer_2614,USA,Central,Books,Product_476,3,137.38,412.14,0.2,121.78,Express,Cash on Delivery
AMZ102615,2022-04-19 23:00:00,CUST2635,Customer_2615,USA,East,Sports,Product_298,3,137.38,412.14,0.2,121.78,Same Day,Net Banking
AMZ102616,2022-04-20 00:00:00,CUST5000,Customer_2616,Australia,North,Clothing,Product_45,3,137.38,412.14,0.2,121.78,Express,Credit Card
AMZ102617,2022-04-20 01:00:00,CUST4361,Customer_2617,USA,South,Sports,Product_94,3,137.38,412.14,0.2,121.78,Same Day,Net Banking
AMZ102618,2022-04-20 02:00:00,CUST7583,Customer_2618,USA,North,Books,Product_107,3,137.38,412.14,0.2,121.78,Standard,UPI
AMZ102619,2022-04-20 03:00:00,CUST8835,Customer_2619,USA,East,Home & Kitchen,Product_419,4,137.38,549.52,0.2,162.37,Express,Cash on Delivery
AMZ102620,2022-04-20 04:00:00,CUST1006,Customer_2620,USA,South,Home & Kitchen,Product_278,3,137.38,412.14,0.2,121.78,Standard,Debit Card
AMZ102621,2022-04-20 05:00:00,CUST4267,Customer_2621,India,Central,Electronics,Product_128,3,137.38,412.14,0.2,121.78,Same Day,Debit Card
AMZ102622,2022-04-20 06:00:00,CUST7564,Customer_2622,Australia,West,Books,Product_458,3,137.38,412.14,0.2,121.78,Express,Net Banking
AMZ102623,2022-04-20 07:00:00,CUST5928,Customer_2623,USA,Central,Clothing,Product_459,2,137.38,274.76,0.2,81.18,Express,Net Banking
AMZ102624,2022-04-20 08:00:00,CUST3606,Customer_2624,Australia,Central,Books,Product_38,1,137.38,137.38,0.2,40.59,Express,Net Banking
AMZ102625,2022-04-20 09:00:00,CUST6906,Customer_2625,UK,West,Clothing,Product_97,1,137.38,137.38,0.2,40.59,Standard,Debit Card
AMZ102626,2022-04-20 10:00:00,CUST4273,Customer_2626,India,West,Clothing,Product_198,1,137.38,137.38,0.2,40.59,Same Day,Credit Card
AMZ102627,2022-04-20 11:00:00,CUST8611,Customer_2627,USA,West,Books,Product_192,4,137.38,549.52,0.2,162.37,Standard,Debit Card
AMZ102628,2022-04-20 12:00:00,CUST1913,Customer_2628,India,South,Beauty,Product_357,4,137.38,549.52,0.2,162.37,Express,Credit Card
AMZ102629,2022-04-20 13:00:00,CUST3011,Customer_2629,India,North,Books,Product_7,4,137.38,549.52,0.2,162.37,Same Day,Net Banking
AMZ102630,2022-04-20 14:00:00,CUST2442,Customer_2630,UK,North,Clothing,Product_44,3,137.38,412.14,0.2,121.78,Same Day,UPI
AMZ102631,2022-04-20 15:00:00,CUST6546,Customer_2631,Australia,West,Sports,Product_332,1,137.38,137.38,0.2,40.59,Standard,Debit Card
AMZ102632,2022-04-20 16:00:00,CUST2829,Customer_2632,India,Central,Home & Kitchen,Product_7,3,137.38,412.14,0.2,121.78,Standard,Net Banking
AMZ102633,2022-04-20 17:00:00,CUST9767,Customer_2633,Canada,East,Home & Kitchen,Product_194,2,137.38,274.76,0.2,81.18,Express,Debit Card
AMZ102634,2022-04-20 18:00:00,CUST7468,Customer_2634,UK,West,Electronics,Product_316,1,137.38,137.38,0.2,40.59,Express,Net Banking
AMZ102635,2022-04-20 19:00:00,CUST1929,Customer_2635,Canada,Central,Home & Kitchen,Product_1,2,137.38,274.76,0.2,81.18,Express,Debit Card
AMZ102636,2022-04-20 20:00:00,CUST4699,Customer_2636,UK,Central,Beauty,Product_62,2,137.38,274.76,0.2,81.18,Express,Cash on Delivery
AMZ102637,2022-04-20 21:00:00,CUST2054,Customer_2637,Canada,South,Clothing,Product_343,3,137.38,412.14,0.2,121.78,Same Day,Debit Card
AMZ102638,2022-04-20 22:00:00,CUST6744,Customer_2638,Canada,South,Books,Product_89,1,137.38,137.38,0.2,40.59,Express,Cash on Delivery
AMZ102639,2022-04-20 23:00:00,CUST2900,Customer_2639,India,North,Books,Product_18,2,137.38,274.76,0.2,81.18,Express,Credit Card
AMZ102640,2022-04-21 00:00:00,CUST7980,Customer_2640,India,North,Beauty,Product_108,1,137.38,137.38,0.2,40.59,Express,Debit Card
AMZ102641,2022-04-21 01:00:00,CUST8069,Customer_2641,UK,East,Home & Kitchen,Product_135,2,137.38,274.76,0.2,81.18,Standard,Credit Card
AMZ102642,2022-04-21 02:00:00,CUST4415,Customer_2642,Australia,East,Clothing,Product_371,2,137.38,274.76,0.2,81.18,Standard,UPI
AMZ102643,2022-04-21 03:00:00,CUST1442,Customer_2643,India,East,Home & Kitchen,Product_310,3,137.38,412.14,0.2,121.78,Standard,Cash on Delivery
AMZ102644,2022-04-21 04:00:00,CUST7218,Customer_2644,India,East,Electronics,Product_67,1,137.38,137.38,0.2,40.59,Express,Debit Card
AMZ102645,2022-04-21 05:00:00,CUST5652,Customer_2645,USA,Central,Home & Kitchen,Product_93,3,137.38,412.14,0.2,121.78,Same Day,Credit Card
AMZ102646,2022-04-21 06:00:00,CUST8939,Customer_2646,India,Central,Electronics,Product_138,3,137.38,412.14,0.2,121.78,Express,Net Banking
AMZ102647,2022-04-21 07:00:00,CUST8833,Customer_2647,Australia,North,Books,Product_189,3,137.38,412.14,0.2,121.78,Standard,Credit Card
AMZ102648,2022-04-21 08:00:00,CUST8597,Customer_2648,USA,South,Clothing,Product_59,3,137.38,412.14,0.2,121.78,Standard,Debit Card
AMZ102649,2022-04-21 09:00:00,CUST5458,Customer_2649,Canada,South,Sports,Product_187,3,137.38,412.14,0.2,121.78,Express,UPI
AMZ102650,2022-04-21 10:00:00,CUST7591,Customer_2650,Canada,West,Electronics,Product_235,2,137.38,274.76,0.2,81.18,Same Day,Cash on Delivery
AMZ102651,2022-04-21 11:00:00,CUST3309,Customer_2651,USA,Central,Home & Kitchen,Product_69,1,137.38,137.38,0.2,40.59,Same Day,Net Banking
AMZ102652,2022-04-21 12:00:00,CUST7268,Customer_2652,USA,East,Home & Kitchen,Product_447,1,137.38,137.38,0.2,40.59,Same Day,Credit Card
AMZ102653,2022-04-21 13:00:00,CUST1910,Customer_2653,USA,East,Books,Product_98,3,137.38,412.14,0.2,121.78,Standard,Debit Card
AMZ102654,2022-04-21 14:00:00,CUST5340,Customer_2654,UK,West,Beauty,Product_8,1,137.38,137.38,0.2,40.59,Standard,Debit Card
AMZ102655,2022-04-21 15:00:00,CUST5009,Customer_2655,Australia,South,Sports,Product_462,2,137.38,274.76,0.2,81.18,Same Day,Cash on Delivery
AMZ102656,2022-04-21 16:00:00,CUST7628,Customer_2656,Australia,East,Beauty,Product_488,3,137.38,412.14,0.2,121.78,Express,Net Banking
AMZ102657,2022-04-21 17:00:00,CUST3169,Customer_2657,Canada,South,Home & Kitchen,Product_311,4,137.38,549.52,0.2,162.37,Same Day,Credit Card
AMZ102658,2022-04-21 18:00:00,CUST3172,Customer_2658,Canada,West,Beauty,Product_134,4,137.38,549.52,0.2,162.37,Express,Credit Card
AMZ102659,2022-04-21 19:00:00,CUST6668,Customer_2659,Canada,South,Sports,Product_385,2,137.38,274.76,0.2,81.18,Standard,Credit Card
AMZ102660,2022-04-21 20:00:00,CUST7313,Customer_2660,India,South,Sports,Product_56,2,137.38,274.76,0.2,81.18,Standard,Cash on Delivery
AMZ102661,2022-04-21 21:00:00,CUST9315,Customer_2661,Canada,South,Clothing,Product_481,4,137.38,549.52,0.2,162.37,Standard,Cash on Delivery
AMZ102662,2022-04-21 22:00:00,CUST9036,Customer_2662,USA,East,Beauty,Product_360,3,137.38,412.14,0.2,121.78,Same Day,Net Banking
AMZ102663,2022-04-21 23:00:00,CUST7789,Customer_2663,Canada,North,Clothing,Product_459,2,137.38,274.76,0.2,81.18,Same Day,Credit Card
AMZ102664,2022-04-22 00:00:00,CUST1785,Customer_2664,USA,Central,Home & Kitchen,Product_114,4,137.38,549.52,0.2,162.37,Standard,Credit Card
AMZ102665,2022-04-22 01:00:00,CUST7139,Customer_2665,UK,South,Home & Kitchen,Product_88,3,137.38,412.14,0.2,121.78,Standard,Net Banking
AMZ102666,2022-04-22 02:00:00,CUST7344,Customer_2666,India,South,Home & Kitchen,Product_138,2,137.38,274.76,0.2,81.18,Standard,Net Banking
AMZ102667,2022-04-22 03:00:00,CUST3416,Customer_2667,India,South,Books,Product_108,1,137.38,137.38,0.2,40.59,Same Day,Net Banking
AMZ102668,2022-04-22 04:00:00,CUST9988,Customer_2668,Australia,North,Beauty,Product_23,1,137.38,137.38,0.2,40.59,Same Day,Debit Card
AMZ102669,2022-04-22 05:00:00,CUST5154,Customer_2669,UK,West,Electronics,Product_144,1,137.38,137.38,0.2,40.59,Standard,Net Banking
AMZ102670,2022-04-22 06:00:00,CUST6619,Customer_2670,USA,East,Sports,Product_357,3,137.38,412.14,0.2,121.78,Same Day,UPI
AMZ102671,2022-04-22 07:00:00,CUST2936,Customer_2671,UK,North,Electronics,Product_144,2,137.38,274.76,0.2,81.18,Same Day,Cash on Delivery
AMZ102672,2022-04-22 08:00:00,CUST4807,Customer_2672,India,South,Home & Kitchen,Product_56,4,137.38,549.52,0.2,162.37,Same Day,Net Banking
AMZ102673,2022-04-22 09:00:00,CUST8151,Customer_2673,USA,North,Beauty,Product_108,2,137.38,274.76,0.2,81.18,Same Day,Debit Card
AMZ102674,2022-04-22 10:00:00,CUST4236,Customer_2674,UK,North,Clothing,Product_351,1,137.38,137.38,0.2,40.59,Standard,UPI
AMZ102675,2022-04-22 11:00:00,CUST3352,Customer_2675,India,North,Electronics,Product_6,1,137.38,137.38,0.2,40.59,Standard,Debit Card
AMZ102676,2022-04-22 12:00:00,CUST2932,Customer_2676,USA,West,Home & Kitchen,Product_30,3,137.38,412.14,0.2,121.78,Same Day,Debit Card
AMZ102677,2022-04-22 13:00:00,CUST9556,Customer_2677,USA,Central,Electronics,Product_447,4,137.38,549.52,0.2,162.37,Standard,Debit Card
AMZ102678,2022-04-22 14:00:00,CUST5916,Customer_2678,India,East,Electronics,Product_485,3,137.38,412.14,0.2,121.78,Standard,Debit Card
AMZ102679,2022-04-22 15:00:00,CUST6498,Customer_2679,USA,West,Sports,Product_385,4,137.38,549.52,0.2,162.37,Standard,Credit Card
AMZ102680,2022-04-22 16:00:00,CUST1946,Customer_2680,India,West,Electronics,Product_307,2,137.38,274.76,0.2,81.18,Express,Cash on Delivery
AMZ102681,2022-04-22 17:00:00,CUST2439,Customer_2681,Canada,Central,Home & Kitchen,Product_362,3,137.38,412.14,0.2,121.78,Standard,Credit Card
AMZ102682,2022-04-22 18:00:00,CUST8730,Customer_2682,Canada,West,Sports,Product_345,3,137.38,412.14,0.2,121.78,Standard,UPI
AMZ102683,2022-04-22 19:00:00,CUST5857,Customer_2683,USA,North,Home & Kitchen,Product_127,3,137.38,412.14,0.2,121.78,Same Day,Credit Card
AMZ102684,2022-04-22 20:00:00,CUST1340,Customer_2684,USA,North,Books,Product_302,1,137.38,137.38,0.2,40.59,Same Day,UPI
AMZ102685,2022-04-22 21:00:00,CUST1382,Customer_2685,India,South,Books,Product_121,1,137.38,137.38,0.2,40.59,Express,Net Banking
AMZ102686,2022-04-22 22:00:00,CUST9491,Customer_2686,USA,West,Books,Product_405,4,137.38,549.52,0.2,162.37,Express,UPI
AMZ102687,2022-04-22 23:00:00,CUST1138,Customer_2687,Australia,South,Electronics,Product_99,2,137.38,274.76,0.2,81.18,Standard,Credit Card
AMZ102688,2022-04-23 00:00:00,CUST1358,Customer_2688,Canada,East,Beauty,Product_166,3,137.38,412.14,0.2,121.78,Standard,Credit Card
AMZ102689,2022-04-23 01:00:00,CUST5931,Customer_2689,USA,North,Home & Kitchen,Product_325,1,137.38,137.38,0.2,40.59,Same Day,UPI
AMZ102690,2022-04-23 02:00:00,CUST4456,Customer_2690,USA,East,Books,Product_319,3,137.38,412.14,0.2,121.78,Standard,Credit Card
AMZ102691,2022-04-23 03:00:00,CUST2627,Customer_2691,UK,Central,Beauty,Product_241,4,137.38,549.52,0.2,162.37,Standard,UPI
AMZ102692,2022-04-23 04:00:00,CUST7626,Customer_2692,USA,North,Books,Product_50,4,137.38,549.52,0.2,162.37,Standard,Debit Card
AMZ102693,2022-04-23 05:00:00,CUST6004,Customer_2693,Australia,East,Books,Product_268,2,137.38,274.76,0.2,81.18,Standard,Cash on Delivery
AMZ102694,2022-04-23 06:00:00,CUST7652,Customer_2694,Canada,Central,Beauty,Product_325,4,137.38,549.52,0.2,162.37,Standard,UPI
AMZ102695,2022-04-23 07:00:00,CUST7416,Customer_2695,UK,East,Books,Product_73,3,137.38,412.14,0.2,121.78,Standard,Debit Card
AMZ102696,2022-04-23 08:00:00,CUST4170,Customer_2696,India,Central,Electronics,Product_300,2,137.38,274.76,0.2,81.18,Standard,Debit Card
AMZ102697,2022-04-23 09:00:00,CUST4835,Customer_2697,India,Central,Electronics,Product_52,2,137.38,274.76,0.2,81.18,Standard,Debit Card
AMZ102698,2022-04-23 10:00:00,CUST9017,Customer_2698,Canada,North,Sports,Product_265,1,137.38,137.38,0.2,40.59,Same Day,Debit Card
AMZ102699,2022-04-23 11:00:00,CUST3151,Customer_2699,India,South,Electronics,Product_227,3,137.38,412.14,0.2,121.78,Express,UPI
AMZ102700,2022-04-23 12:00:00,CUST7905,Customer_2700,Australia,Central,Clothing,Product_193,4,137.38,549.52,0.2,162.37,Standard,Credit Card
AMZ102701,2022-04-23 13:00:00,CUST3834,Customer_2701,USA,Central,Sports,Product_374,1,137.38,137.38,0.2,40.59,Same Day,Debit Card
AMZ102702,2022-04-23 14:00:00,CUST3567,Customer_2702,Canada,North,Books,Product_239,3,137.38,412.14,0.2,121.78,Standard,Net Banking
AMZ102703,2022-04-23 15:00:00,CUST2307,Customer_2703,UK,South,Clothing,Product_10,3,137.38,412.14,0.2,121.78,Standard,Debit Card
AMZ102704,2022-04-23 16:00:00,CUST9848,Customer_2704,USA,West,Home & Kitchen,Product_302,2,137.38,274.76,0.2,81.18,Express,Credit Card
AMZ102705,2022-04-23 17:00:00,CUST3660,Customer_2705,India,West,Beauty,Product_359,2,137.38,274.76,0.2,81.18,Same Day,Credit Card
AMZ102706,2022-04-23 18:00:00,CUST4730,Customer_2706,India,South,Home & Kitchen,Product_228,3,137.38,412.14,0.2,121.78,Standard,Cash on Delivery
AMZ102707,2022-04-23 19:00:00,CUST7207,Customer_2707,UK,East,Clothing,Product_442,1,137.38,137.38,0.2,40.59,Express,Cash on Delivery
AMZ102708,2022-04-23 20:00:00,CUST4162,Customer_2708,Australia,North,Electronics,Product_293,2,137.38,274.76,0.2,81.18,Express,Debit Card
AMZ102709,2022-04-23 21:00:00,CUST2140,Customer_2709,UK,South,Books,Product_52,2,137.38,274.76,0.2,81.18,Standard,Debit Card
AMZ102710,2022-04-23 22:00:00,CUST9458,Customer_2710,Canada,West,Sports,Product_240,3,137.38,412.14,0.2,121.78,Standard,Cash on Delivery
AMZ102711,2022-04-23 23:00:00,CUST2708,Customer_2711,UK,Central,Books,Product_99,3,137.38,412.14,0.2,121.78,Same Day,Debit Card
AMZ102712,2022-04-24 00:00:00,CUST4630,Customer_2712,India,West,Electronics,Product_81,2,137.38,274.76,0.2,81.18,Same Day,Net Banking
AMZ102713,2022-04-24 01:00:00,CUST4211,Customer_2713,Australia,Central,Books,Product_13,1,137.38,137.38,0.2,40.59,Standard,UPI
AMZ102714,2022-04-24 02:00:00,CUST7538,Customer_2714,Australia,North,Beauty,Product_390,2,137.38,274.76,0.2,81.18,Standard,Cash on Delivery
AMZ102715,2022-04-24 03:00:00,CUST1475,Customer_2715,UK,Central,Beauty,Product_442,3,137.38,412.14,0.2,121.78,Express,Cash on Delivery
AMZ102716,2022-04-24 04:00:00,CUST8684,Customer_2716,Canada,South,Beauty,Product_357,2,137.38,274.76,0.2,81.18,Same Day,Credit Card
AMZ102717,2022-04-24 05:00:00,CUST2207,Customer_2717,India,Central,Home & Kitchen,Product_128,3,137.38,412.14,0.2,121.78,Standard,Debit Card
AMZ102718,2022-04-24 06:00:00,CUST2960,Customer_2718,USA,East,Electronics,Product_304,2,137.38,274.76,0.2,81.18,Standard,Cash on Delivery
AMZ102719,2022-04-24 07:00:00,CUST1557,Customer_2719,Australia,South,Beauty,Product_416,3,137.38,412.14,0.2,121.78,Same Day,Cash on Delivery
AMZ102720,2022-04-24 08:00:00,CUST1882,Customer_2720,UK,North,Clothing,Product_11,3,137.38,412.14,0.2,121.78,Standard,Net Banking
AMZ102721,2022-04-24 09:00:00,CUST5761,Customer_2721,Canada,South,Beauty,Product_81,1,137.38,137.38,0.2,40.59,Express,Debit Card
AMZ102722,2022-04-24 10:00:00,CUST6867,Customer_2722,Canada,East,Sports,Product_261,3,137.38,412.14,0.2,121.78,Express,UPI
AMZ102723,2022-04-24 11:00:00,CUST7963,Customer_2723,India,North,Home & Kitchen,Product_6,2,137.38,274.76,0.2,81.18,Standard,Net Banking
AMZ102724,2022-04-24 12:00:00,CUST8166,Customer_2724,Australia,West,Clothing,Product_458,3,137.38,412.14,0.2,121.78,Same Day,UPI
AMZ102725,2022-04-24 13:00:00,CUST8929,Customer_2725,India,East,Electronics,Product_373,4,137.38,549.52,0.2,162.37,Express,Credit Card
AMZ102726,2022-04-24 14:00:00,CUST6347,Customer_2726,USA,North,Electronics,Product_481,2,137.38,274.76,0.2,81.18,Same Day,Cash on Delivery
AMZ102727,2022-04-24 15:00:00,CUST8269,Customer_2727,USA,Central,Sports,Product_222,1,137.38,137.38,0.2,40.59,Same Day,Net Banking
AMZ102728,2022-04-24 16:00:00,CUST9125,Customer_2728,USA,South,Beauty,Product_405,2,137.38,274.76,0.2,81.18,Same Day,UPI
AMZ102729,2022-04-24 17:00:00,CUST3454,Customer_2729,Canada,North,Clothing,Product_298,1,137.38,137.38,0.2,40.59,Express,Debit Card
AMZ102730,2022-04-24 18:00:00,CUST5494,Customer_2730,Australia,South,Sports,Product_81,4,137.38,549.52,0.2,162.37,Express,Credit Card
AMZ102731,2022-04-24 19:00:00,CUST2946,Customer_2731,India,Central,Clothing,Product_411,1,137.38,137.38,0.2,40.59,Standard,Credit Card
AMZ102732,2022-04-24 20:00:00,CUST3808,Customer_2732,India,North,Beauty,Product_3,3,137.38,412.14,0.2,121.78,Same Day,Cash on Delivery
AMZ102733,2022-04-24 21:00:00,CUST7642,Customer_2733,USA,West,Beauty,Product_60,4,137.38,549.52,0.2,162.37,Express,Cash on Delivery
AMZ102734,2022-04-24 22:00:00,CUST4825,Customer_2734,Australia,East,Books,Product_221,4,137.38,549.52,0.2,162.37,Express,UPI
AMZ102735,2022-04-24 23:00:00,CUST4536,Customer_2735,Australia,North,Books,Product_450,1,137.38,137.38,0.2,40.59,Standard,UPI
AMZ102736,2022-04-25 00:00:00,CUST7068,Customer_2736,UK,Central,Beauty,Product_349,2,137.38,274.76,0.2,81.18,Express,Credit Card
AMZ102737,2022-04-25 01:00:00,CUST4802,Customer_2737,Australia,North,Home & Kitchen,Product_49,1,137.38,137.38,0.2,40.59,Express,UPI
AMZ102738,2022-04-25 02:00:00,CUST5699,Customer_2738,Australia,South,Sports,Product_228,1,137.38,137.38,0.2,40.59,Express,Cash on Delivery
AMZ102739,2022-04-25 03:00:00,CUST2970,Customer_2739,India,North,Books,Product_290,4,137.38,549.52,0.2,162.37,Standard,Credit Card
AMZ102740,2022-04-25 04:00:00,CUST6806,Customer_2740,Australia,West,Beauty,Product_293,3,137.38,412.14,0.2,121.78,Standard,Credit Card
AMZ102741,2022-04-25 05:00:00,CUST7142,Customer_2741,Australia,North,Clothing,Product_298,2,137.38,274.76,0.2,81.18,Same Day,Debit Card
AMZ102742,2022-04-25 06:00:00,CUST3819,Customer_2742,India,East,Sports,Product_193,1,137.38,137.38,0.2,40.59,Express,Debit Card
AMZ102743,2022-04-25 07:00:00,CUST1364,Customer_2743,Australia,North,Books,Product_444,3,137.38,412.14,0.2,121.78,Standard,UPI
AMZ102744,2022-04-25 08:00:00,CUST5258,Customer_2744,India,South,Home & Kitchen,Product_474,3,137.38,412.14,0.2,121.78,Standard,UPI
AMZ102745,2022-04-25 09:00:00,CUST4119,Customer_2745,UK,North,Sports,Product_257,2,137.38,274.76,0.2,81.18,Standard,Cash on Delivery
AMZ102746,2022-04-25 10:00:00,CUST2863,Customer_2746,Canada,West,Sports,Product_443,3,137.38,412.14,0.2,121.78,Same Day,Cash on Delivery
AMZ102747,2022-04-25 11:00:00,CUST1115,Customer_2747,India,Central,Electronics,Product_388,1,137.38,137.38,0.2,40.59,Same Day,Debit Card
AMZ102748,2022-04-25 12:00:00,CUST8084,Customer_2748,India,North,Clothing,Product_103,4,137.38,549.52,0.2,162.37,Same Day,Credit Card
AMZ102749,2022-04-25 13:00:00,CUST9016,Customer_2749,Australia,North,Home & Kitchen,Product_398,3,137.38,412.14,0.2,121.78,Same Day,Net Banking
AMZ102750,2022-04-25 14:00:00,CUST3384,Customer_2750,India,East,Home & Kitchen,Product_366,4,137.38,549.52,0.2,162.37,Same Day,Net Banking
AMZ102751,2022-04-25 15:00:00,CUST4935,Customer_2751,USA,West,Home & Kitchen,Product_146,2,137.38,274.76,0.2,81.18,Express,UPI
AMZ102752,2022-04-25 16:00:00,CUST8742,Customer_2752,USA,Central,Clothing,Product_290,2,137.38,274.76,0.2,81.18,Express,Net Banking
AMZ102753,2022-04-25 17:00:00,CUST6442,Customer_2753,UK,South,Home & Kitchen,Product_257,3,137.38,412.14,0.2,121.78,Standard,Net Banking
AMZ102754,2022-04-25 18:00:00,CUST3490,Customer_2754,India,North,Electronics,Product_309,4,137.38,549.52,0.2,162.37,Same Day,Debit Card
AMZ102755,2022-04-25 19:00:00,CUST7980,Customer_2755,Australia,Central,Books,Product_278,1,137.38,137.38,0.2,40.59,Same Day,Credit Card
AMZ102756,2022-04-25 20:00:00,CUST8661,Customer_2756,Australia,South,Clothing,Product_464,4,137.38,549.52,0.2,162.37,Standard,Cash on Delivery
AMZ102757,2022-04-25 21:00:00,CUST2724,Customer_2757,Canada,West,Home & Kitchen,Product_189,3,137.38,412.14,0.2,121.78,Express,Debit Card
AMZ102758,2022-04-25 22:00:00,CUST9182,Customer_2758,UK,West,Beauty,Product_406,4,137.38,549.52,0.2,162.37,Same Day,Cash on Delivery
AMZ102759,2022-04-25 23:00:00,CUST3767,Customer_2759,Australia,Central,Books,Product_178,4,137.38,549.52,0.2,162.37,Same Day,Debit Card
AMZ102760,2022-04-26 00:00:00,CUST2137,Customer_2760,Canada,South,Sports,Product_16,2,137.38,274.76,0.2,81.18,Same Day,Debit Card
AMZ102761,2022-04-26 01:00:00,CUST5117,Customer_2761,Australia,West,Clothing,Product_412,3,137.38,412.14,0.2,121.78,Express,Net Banking
AMZ102762,2022-04-26 02:00:00,CUST4420,Customer_2762,Canada,Central,Beauty,Product_476,4,137.38,549.52,0.2,162.37,Express,Cash on Delivery
AMZ102763,2022-04-26 03:00:00,CUST6845,Customer_2763,USA,West,Sports,Product_375,3,137.38,412.14,0.2,121.78,Same Day,Debit Card
AMZ102764,2022-04-26 04:00:00,CUST5778,Customer_2764,USA,West,Beauty,Product_86,1,137.38,137.38,0.2,40.59,Same Day,Net Banking
AMZ102765,2022-04-26 05:00:00,CUST4906,Customer_2765,Australia,West,Home & Kitchen,Product_248,3,137.38,412.14,0.2,121.78,Standard,UPI
AMZ102766,2022-04-26 06:00:00,CUST4637,Customer_2766,UK,East,Clothing,Product_454,1,137.38,137.38,0.2,40.59,Standard,Cash on Delivery
AMZ102767,2022-04-26 07:00:00,CUST3953,Customer_2767,India,South,Home & Kitchen,Product_217,3,137.38,412.14,0.2,121.78,Express,Debit Card
AMZ102768,2022-04-26 08:00:00,CUST6929,Customer_2768,UK,Central,Sports,Product_42,3,137.38,412.14,0.2,121.78,Standard,UPI
AMZ102769,2022-04-26 09:00:00,CUST1276,Customer_2769,UK,Central,Electronics,Product_194,4,137.38,549.52,0.2,162.37,Same Day,Net Banking
AMZ102770,2022-04-26 10:00:00,CUST2999,Customer_2770,India,South,Beauty,Product_327,4,137.38,549.52,0.2,162.37,Express,Debit Card
AMZ102771,2022-04-26 11:00:00,CUST2227,Customer_2771,USA,South,Electronics,Product_373,1,137.38,137.38,0.2,40.59,Standard,Net Banking
AMZ102772,2022-04-26 12:00:00,CUST7337,Customer_2772,USA,South,Sports,Product_465,1,137.38,137.38,0.2,40.59,Express,Net Banking
AMZ102773,2022-04-26 13:00:00,CUST4735,Customer_2773,India,South,Home & Kitchen,Product_163,2,137.38,274.76,0.2,81.18,Same Day,Net Banking
AMZ102774,2022-04-26 14:00:00,CUST1695,Customer_2774,Canada,North,Books,Product_276,4,137.38,549.52,0.2,162.37,Standard,Cash on Delivery
AMZ102775,2022-04-26 15:00:00,CUST5152,Customer_2775,UK,Central,Beauty,Product_364,1,137.38,137.38,0.2,40.59,Standard,UPI
AMZ102776,2022-04-26 16:00:00,CUST8901,Customer_2776,Australia,North,Books,Product_130,4,137.38,549.52,0.2,162.37,Standard,UPI
AMZ102777,2022-04-26 17:00:00,CUST8470,Customer_2777,USA,West,Clothing,Product_263,3,137.38,412.14,0.2,121.78,Same Day,Credit Card
AMZ102778,2022-04-26 18:00:00,CUST8537,Customer_2778,Australia,West,Beauty,Product_480,2,137.38,274.76,0.2,81.18,Express,Debit Card
AMZ102779,2022-04-26 19:00:00,CUST3841,Customer_2779,India,Central,Electronics,Product_177,4,137.38,549.52,0.2,162.37,Standard,Net Banking
AMZ102780,2022-04-26 20:00:00,CUST5208,Customer_2780,Australia,West,Books,Product_467,4,137.38,549.52,0.2,162.37,Express,Debit Card
AMZ102781,2022-04-26 21:00:00,CUST9733,Customer_2781,Australia,South,Sports,Product_460,4,137.38,549.52,0.2,162.37,Express,UPI
AMZ102782,2022-04-26 22:00:00,CUST2088,Customer_2782,UK,North,Clothing,Product_265,4,137.38,549.52,0.2,162.37,Express,UPI
AMZ102783,2022-04-26 23:00:00,CUST4363,Customer_2783,India,South,Beauty,Product_27,1,137.38,137.38,0.2,40.59,Same Day,Net Banking
AMZ102784,2022-04-27 00:00:00,CUST1024,Customer_2784,Australia,West,Sports,Product_462,1,137.38,137.38,0.2,40.59,Same Day,Cash on Delivery
AMZ102785,2022-04-27 01:00:00,CUST7144,Customer_2785,USA,North,Clothing,Product_386,2,137.38,274.76,0.2,81.18,Standard,Net Banking
AMZ102786,2022-04-27 02:00:00,CUST6668,Customer_2786,India,South,Electronics,Product_85,3,137.38,412.14,0.2,121.78,Standard,Net Banking
AMZ102787,2022-04-27 03:00:00,CUST5236,Customer_2787,USA,Central,Sports,Product_196,3,137.38,412.14,0.2,121.78,Express,Credit Card
AMZ102788,2022-04-27 04:00:00,CUST9068,Customer_2788,Canada,South,Beauty,Product_316,2,137.38,274.76,0.2,81.18,Express,Cash on Delivery
AMZ102789,2022-04-27 05:00:00,CUST3235,Customer_2789,Australia,West,Clothing,Product_243,3,137.38,412.14,0.2,121.78,Express,Debit Card
AMZ102790,2022-04-27 06:00:00,CUST8295,Customer_2790,India,North,Home & Kitchen,Product_469,1,137.38,137.38,0.2,40.59,Same Day,Cash on Delivery
AMZ102791,2022-04-27 07:00:00,CUST9392,Customer_2791,USA,Central,Beauty,Product_368,4,137.38,549.52,0.2,162.37,Same Day,Net Banking
AMZ102792,2022-04-27 08:00:00,CUST9448,Customer_2792,Australia,North,Beauty,Product_342,3,137.38,412.14,0.2,121.78,Standard,Net Banking
AMZ102793,2022-04-27 09:00:00,CUST4747,Customer_2793,UK,Central,Beauty,Product_177,4,137.38,549.52,0.2,162.37,Express,Net Banking
AMZ102794,2022-04-27 10:00:00,CUST4175,Customer_2794,USA,North,Beauty,Product_130,4,137.38,549.52,0.2,162.37,Express,Net Banking
AMZ102795,2022-04-27 11:00:00,CUST5897,Customer_2795,USA,West,Home & Kitchen,Product_145,1,137.38,137.38,0.2,40.59,Same Day,Net Banking
AMZ102796,2022-04-27 12:00:00,CUST6037,Customer_2796,Canada,Central,Sports,Product_83,4,137.38,549.52,0.2,162.37,Standard,Cash on Delivery
AMZ102797,2022-04-27 13:00:00,CUST8427,Customer_2797,UK,East,Sports,Product_360,3,137.38,412.14,0.2,121.78,Express,Net Banking
AMZ102798,2022-04-27 14:00:00,CUST9605,Customer_2798,Canada,North,Sports,Product_88,1,137.38,137.38,0.2,40.59,Express,UPI
AMZ102799,2022-04-27 15:00:00,CUST3014,Customer_2799,UK,North,Electronics,Product_20,2,137.38,274.76,0.2,81.18,Standard,UPI
AMZ102800,2022-04-27 16:00:00,CUST2381,Customer_2800,USA,South,Home & Kitchen,Product_230,1,137.38,137.38,0.2,40.59,Express,Credit Card
AMZ102801,2022-04-27 17:00:00,CUST2098,Customer_2801,Canada,Central,Home & Kitchen,Product_460,3,137.38,412.14,0.2,121.78,Same Day,Debit Card
AMZ102802,2022-04-27 18:00:00,CUST4426,Customer_2802,Australia,East,Clothing,Product_473,1,137.38,137.38,0.2,40.59,Standard,UPI
AMZ102803,2022-04-27 19:00:00,CUST4655,Customer_2803,UK,West,Books,Product_126,3,137.38,412.14,0.2,121.78,Express,Credit Card
AMZ102804,2022-04-27 20:00:00,CUST8938,Customer_2804,USA,South,Sports,Product_471,3,137.38,412.14,0.2,121.78,Express,Cash on Delivery
AMZ102805,2022-04-27 21:00:00,CUST1187,Customer_2805,India,East,Books,Product_498,1,137.38,137.38,0.2,40.59,Same Day,Debit Card
AMZ102806,2022-04-27 22:00:00,CUST6409,Customer_2806,UK,Central,Clothing,Product_354,3,137.38,412.14,0.2,121.78,Same Day,Net Banking
AMZ102807,2022-04-27 23:00:00,CUST3092,Customer_2807,UK,East,Home & Kitchen,Product_416,2,137.38,274.76,0.2,81.18,Same Day,Net Banking
AMZ102808,2022-04-28 00:00:00,CUST3130,Customer_2808,Australia,North,Clothing,Product_51,3,137.38,412.14,0.2,121.78,Express,Cash on Delivery
AMZ102809,2022-04-28 01:00:00,CUST6242,Customer_2809,UK,North,Beauty,Product_88,2,137.38,274.76,0.2,81.18,Express,Debit Card
AMZ102810,2022-04-28 02:00:00,CUST9549,Customer_2810,UK,South,Clothing,Product_170,2,137.38,274.76,0.2,81.18,Express,UPI
AMZ102811,2022-04-28 03:00:00,CUST6647,Customer_2811,Australia,Central,Clothing,Product_63,3,137.38,412.14,0.2,121.78,Standard,Debit Card
AMZ102812,2022-04-28 04:00:00,CUST6185,Customer_2812,Australia,Central,Beauty,Product_89,4,137.38,549.52,0.2,162.37,Same Day,Credit Card
AMZ102813,2022-04-28 05:00:00,CUST6776,Customer_2813,Canada,East,Books,Product_189,2,137.38,274.76,0.2,81.18,Standard,Cash on Delivery
AMZ102814,2022-04-28 06:00:00,CUST8913,Customer_2814,USA,South,Beauty,Product_190,2,137.38,274.76,0.2,81.18,Same Day,UPI
AMZ102815,2022-04-28 07:00:00,CUST8547,Customer_2815,USA,Central,Electronics,Product_387,1,137.38,137.38,0.2,40.59,Express,Debit Card
AMZ102816,2022-04-28 08:00:00,CUST8823,Customer_2816,Canada,North,Clothing,Product_89,2,137.38,274.76,0.2,81.18,Standard,Debit Card
AMZ102817,2022-04-28 09:00:00,CUST8355,Customer_2817,USA,East,Clothing,Product_348,2,137.38,274.76,0.2,81.18,Standard,UPI
AMZ102818,2022-04-28 10:00:00,CUST7465,Customer_2818,UK,West,Books,Product_332,2,137.38,274.76,0.2,81.18,Same Day,Credit Card
AMZ102819,2022-04-28 11:00:00,CUST2497,Customer_2819,Canada,North,Home & Kitchen,Product_26,2,137.38,274.76,0.2,81.18,Standard,Credit Card
AMZ102820,2022-04-28 12:00:00,CUST3555,Customer_2820,Canada,South,Beauty,Product_176,4,137.38,549.52,0.2,162.37,Standard,Debit Card
AMZ102821,2022-04-28 13:00:00,CUST6409,Customer_2821,USA,Central,Home & Kitchen,Product_364,2,137.38,274.76,0.2,81.18,Express,Net Banking
AMZ102822,2022-04-28 14:00:00,CUST3951,Customer_2822,India,North,Electronics,Product_264,3,137.38,412.14,0.2,121.78,Same Day,UPI
AMZ102823,2022-04-28 15:00:00,CUST2238,Customer_2823,USA,West,Beauty,Product_389,4,137.38,549.52,0.2,162.37,Standard,Credit Card
AMZ102824,2022-04-28 16:00:00,CUST5727,Customer_2824,India,West,Electronics,Product_395,2,137.38,274.76,0.2,81.18,Express,Credit Card
AMZ102825,2022-04-28 17:00:00,CUST4965,Customer_2825,Canada,South,Electronics,Product_42,3,137.38,412.14,0.2,121.78,Standard,Credit Card
AMZ102826,2022-04-28 18:00:00,CUST6686,Customer_2826,India,North,Electronics,Product_483,3,137.38,412.14,0.2,121.78,Express,Cash on Delivery
AMZ102827,2022-04-28 19:00:00,CUST4701,Customer_2827,UK,East,Sports,Product_475,4,137.38,549.52,0.2,162.37,Standard,Net Banking
AMZ102828,2022-04-28 20:00:00,CUST3780,Customer_2828,Australia,North,Beauty,Product_119,4,137.38,549.52,0.2,162.37,Express,Credit Card
AMZ102829,2022-04-28 21:00:00,CUST8398,Customer_2829,India,West,Beauty,Product_169,3,137.38,412.14,0.2,121.78,Express,Net Banking
AMZ102830,2022-04-28 22:00:00,CUST2588,Customer_2830,Australia,South,Sports,Product_108,4,137.38,549.52,0.2,162.37,Same Day,Debit Card
AMZ102831,2022-04-28 23:00:00,CUST3368,Customer_2831,UK,South,Books,Product_486,4,137.38,549.52,0.2,162.37,Express,Debit Card
AMZ102832,2022-04-29 00:00:00,CUST6789,Customer_2832,Australia,East,Sports,Product_147,1,137.38,137.38,0.2,40.59,Standard,Cash on Delivery
AMZ102833,2022-04-29 01:00:00,CUST1436,Customer_2833,UK,South,Clothing,Product_176,4,137.38,549.52,0.2,162.37,Express,Net Banking
AMZ102834,2022-04-29 02:00:00,CUST3828,Customer_2834,Australia,South,Home & Kitchen,Product_437,1,137.38,137.38,0.2,40.59,Express,UPI
AMZ102835,2022-04-29 03:00:00,CUST2556,Customer_2835,Australia,South,Home & Kitchen,Product_439,4,137.38,549.52,0.2,162.37,Standard,Cash on Delivery
AMZ102836,2022-04-29 04:00:00,CUST8570,Customer_2836,USA,South,Electronics,Product_376,4,137.38,549.52,0.2,162.37,Standard,Credit Card
AMZ102837,2022-04-29 05:00:00,CUST8480,Customer_2837,India,South,Beauty,Product_189,3,137.38,412.14,0.2,121.78,Express,Debit Card
AMZ102838,2022-04-29 06:00:00,CUST1182,Customer_2838,Australia,West,Beauty,Product_160,1,137.38,137.38,0.2,40.59,Standard,Debit Card
AMZ102839,2022-04-29 07:00:00,CUST8190,Customer_2839,Canada,North,Electronics,Product_302,4,137.38,549.52,0.2,162.37,Express,UPI
AMZ102840,2022-04-29 08:00:00,CUST7687,Customer_2840,USA,Central,Clothing,Product_348,2,137.38,274.76,0.2,81.18,Express,Cash on Delivery
AMZ102841,2022-04-29 09:00:00,CUST6565,Customer_2841,India,South,Home & Kitchen,Product_420,4,137.38,549.52,0.2,162.37,Express,Net Banking
AMZ102842,2022-04-29 10:00:00,CUST8241,Customer_2842,USA,Central,Sports,Product_402,3,137.38,412.14,0.2,121.78,Standard,Debit Card
AMZ102843,2022-04-29 11:00:00,CUST8651,Customer_2843,India,Central,Books,Product_74,3,137.38,412.14,0.2,121.78,Same Day,Credit Card
AMZ102844,2022-04-29 12:00:00,CUST6575,Customer_2844,UK,West,Clothing,Product_352,3,137.38,412.14,0.2,121.78,Same Day,UPI
AMZ102845,2022-04-29 13:00:00,CUST2589,Customer_2845,Australia,South,Beauty,Product_18,1,137.38,137.38,0.2,40.59,Express,UPI
AMZ102846,2022-04-29 14:00:00,CUST9851,Customer_2846,Canada,Central,Electronics,Product_140,1,137.38,137.38,0.2,40.59,Express,UPI
AMZ102847,2022-04-29 15:00:00,CUST1159,Customer_2847,USA,South,Home & Kitchen,Product_115,1,137.38,137.38,0.2,40.59,Standard,Credit Card
AMZ102848,2022-04-29 16:00:00,CUST7555,Customer_2848,USA,East,Electronics,Product_328,2,137.38,274.76,0.2,81.18,Same Day,UPI
AMZ102849,2022-04-29 17:00:00,CUST9244,Customer_2849,USA,East,Beauty,Product_225,1,137.38,137.38,0.2,40.59,Same Day,Net Banking
AMZ102850,2022-04-29 18:00:00,CUST7846,Customer_2850,USA,East,Electronics,Product_46,3,137.38,412.14,0.2,121.78,Same Day,Net Banking
AMZ102851,2022-04-29 19:00:00,CUST3307,Customer_2851,Australia,Central,Sports,Product_439,1,137.38,137.38,0.2,40.59,Standard,Cash on Delivery
AMZ102852,2022-04-29 20:00:00,CUST2228,Customer_2852,India,East,Home & Kitchen,Product_38,1,137.38,137.38,0.2,40.59,Standard,Cash on Delivery
AMZ102853,2022-04-29 21:00:00,CUST8226,Customer_2853,Australia,West,Electronics,Product_206,4,137.38,549.52,0.2,162.37,Standard,Net Banking
AMZ102854,2022-04-29 22:00:00,CUST6590,Customer_2854,UK,West,Home & Kitchen,Product_386,1,137.38,137.38,0.2,40.59,Express,Credit Card
AMZ102855,2022-04-29 23:00:00,CUST7919,Customer_2855,Australia,Central,Electronics,Product_9,4,137.38,549.52,0.2,162.37,Standard,Cash on Delivery
AMZ102856,2022-04-30 00:00:00,CUST6585,Customer_2856,Australia,South,Electronics,Product_253,1,137.38,137.38,0.2,40.59,Express,UPI
AMZ102857,2022-04-30 01:00:00,CUST7046,Customer_2857,UK,North,Home & Kitchen,Product_108,4,137.38,549.52,0.2,162.37,Express,Net Banking
AMZ102858,2022-04-30 02:00:00,CUST5945,Customer_2858,Australia,South,Sports,Product_389,3,137.38,412.14,0.2,121.78,Express,Debit Card
AMZ102859,2022-04-30 03:00:00,CUST8927,Customer_2859,India,South,Electronics,Product_98,1,137.38,137.38,0.2,40.59,Express,Credit Card
AMZ102860,2022-04-30 04:00:00,CUST8016,Customer_2860,Canada,South,Sports,Product_275,3,137.38,412.14,0.2,121.78,Standard,Credit Card
AMZ102861,2022-04-30 05:00:00,CUST8758,Customer_2861,UK,South,Clothing,Product_71,1,137.38,137.38,0.2,40.59,Standard,Net Banking
AMZ102862,2022-04-30 06:00:00,CUST6086,Customer_2862,USA,North,Books,Product_39,2,137.38,274.76,0.2,81.18,Same Day,Debit Card
AMZ102863,2022-04-30 07:00:00,CUST8161,Customer_2863,India,East,Clothing,Product_298,2,137.38,274.76,0.2,81.18,Same Day,Credit Card
AMZ102864,2022-04-30 08:00:00,CUST2884,Customer_2864,Canada,South,Books,Product_401,3,137.38,412.14,0.2,121.78,Express,Cash on Delivery
AMZ102865,2022-04-30 09:00:00,CUST2809,Customer_2865,India,West,Clothing,Product_447,3,137.38,412.14,0.2,121.78,Same Day,Debit Card
AMZ102866,2022-04-30 10:00:00,CUST4167,Customer_2866,India,Central,Books,Product_90,2,137.38,274.76,0.2,81.18,Same Day,UPI
AMZ102867,2022-04-30 11:00:00,CUST7352,Customer_2867,USA,Central,Electronics,Product_430,2,137.38,274.76,0.2,81.18,Same Day,Cash on Delivery
AMZ102868,2022-04-30 12:00:00,CUST7056,Customer_2868,Canada,West,Home & Kitchen,Product_219,4,137.38,549.52,0.2,162.37,Express,Debit Card
AMZ102869,2022-04-30 13:00:00,CUST3437,Customer_2869,India,South,Home & Kitchen,Product_107,1,137.38,137.38,0.2,40.59,Same Day,Net Banking
AMZ102870,2022-04-30 14:00:00,CUST7468,Customer_2870,USA,North,Beauty,Product_476,2,137.38,274.76,0.2,81.18,Standard,Credit Card
AMZ102871,2022-04-30 15:00:00,CUST6951,Customer_2871,UK,East,Books,Product_404,3,137.38,412.14,0.2,121.78,Express,Cash on Delivery
AMZ102872,2022-04-30 16:00:00,CUST6276,Customer_2872,USA,Central,Beauty,Product_454,3,137.38,412.14,0.2,121.78,Standard,Net Banking
AMZ102873,2022-04-30 17:00:00,CUST9859,Customer_2873,Australia,East,Sports,Product_392,2,137.38,274.76,0.2,81.18,Express,Debit Card
AMZ102874,2022-04-30 18:00:00,CUST8818,Customer_2874,USA,North,Sports,Product_96,3,137.38,412.14,0.2,121.78,Standard,UPI
AMZ102875,2022-04-30 19:00:00,CUST5728,Customer_2875,USA,Central,Beauty,Product_403,1,137.38,137.38,0.2,40.59,Same Day,Credit Card
AMZ102876,2022-04-30 20:00:00,CUST3624,Customer_2876,USA,East,Books,Product_32,4,137.38,549.52,0.2,162.37,Express,Credit Card
AMZ102877,2022-04-30 21:00:00,CUST6738,Customer_2877,India,North,Home & Kitchen,Product_126,1,137.38,137.38,0.2,40.59,Standard,Cash on Delivery
AMZ102878,2022-04-30 22:00:00,CUST5232,Customer_2878,Canada,East,Books,Product_147,4,137.38,549.52,0.2,162.37,Express,Net Banking
AMZ102879,2022-04-30 23:00:00,CUST6793,Customer_2879,USA,South,Sports,Product_280,4,137.38,549.52,0.2,162.37,Standard,Debit Card
AMZ102880,2022-05-01 00:00:00,CUST5523,Customer_2880,USA,North,Electronics,Product_24,2,137.38,274.76,0.2,81.18,Same Day,Debit Card
AMZ102881,2022-05-01 01:00:00,CUST6571,Customer_2881,Australia,East,Beauty,Product_440,3,137.38,412.14,0.2,121.78,Express,Net Banking
AMZ102882,2022-05-01 02:00:00,CUST3224,Customer_2882,Australia,South,Beauty,Product_209,4,137.38,549.52,0.2,162.37,Express,Credit Card
AMZ102883,2022-05-01 03:00:00,CUST9389,Customer_2883,UK,South,Sports,Product_120,2,137.38,274.76,0.2,81.18,Standard,Net Banking
AMZ102884,2022-05-01 04:00:00,CUST7091,Customer_2884,UK,North,Books,Product_274,3,137.38,412.14,0.2,121.78,Standard,Debit Card
AMZ102885,2022-05-01 05:00:00,CUST9662,Customer_2885,Australia,West,Beauty,Product_140,3,137.38,412.14,0.2,121.78,Same Day,Net Banking
AMZ102886,2022-05-01 06:00:00,CUST7361,Customer_2886,Canada,Central,Home & Kitchen,Product_297,4,137.38,549.52,0.2,162.37,Standard,Credit Card
AMZ102887,2022-05-01 07:00:00,CUST2948,Customer_2887,UK,North,Beauty,Product_343,3,137.38,412.14,0.2,121.78,Standard,Cash on Delivery
AMZ102888,2022-05-01 08:00:00,CUST8094,Customer_2888,Canada,South,Books,Product_432,1,137.38,137.38,0.2,40.59,Standard,Credit Card
AMZ102889,2022-05-01 09:00:00,CUST7318,Customer_2889,Australia,South,Sports,Product_82,3,137.38,412.14,0.2,121.78,Same Day,UPI
AMZ102890,2022-05-01 10:00:00,CUST4796,Customer_2890,UK,North,Home & Kitchen,Product_448,1,137.38,137.38,0.2,40.59,Same Day,UPI
AMZ102891,2022-05-01 11:00:00,CUST1234,Customer_2891,USA,West,Home & Kitchen,Product_400,3,137.38,412.14,0.2,121.78,Express,Net Banking
AMZ102892,2022-05-01 12:00:00,CUST4607,Customer_2892,Australia,Central,Beauty,Product_208,4,137.38,549.52,0.2,162.37,Same Day,Credit Card
AMZ102893,2022-05-01 13:00:00,CUST9043,Customer_2893,UK,East,Books,Product_484,4,137.38,549.52,0.2,162.37,Standard,Credit Card
AMZ102894,2022-05-01 14:00:00,CUST1522,Customer_2894,Canada,North,Beauty,Product_407,2,137.38,274.76,0.2,81.18,Express,Debit Card
AMZ102895,2022-05-01 15:00:00,CUST6904,Customer_2895,Canada,Central,Electronics,Product_470,1,137.38,137.38,0.2,40.59,Same Day,Cash on Delivery
AMZ102896,2022-05-01 16:00:00,CUST5888,Customer_2896,UK,Central,Sports,Product_423,1,137.38,137.38,0.2,40.59,Same Day,Credit Card
AMZ102897,2022-05-01 17:00:00,CUST6832,Customer_2897,Canada,South,Electronics,Product_33,4,137.38,549.52,0.2,162.37,Standard,Net Banking
AMZ102898,2022-05-01 18:00:00,CUST8122,Customer_2898,UK,East,Home & Kitchen,Product_24,4,137.38,549.52,0.2,162.37,Standard,Debit Card
AMZ102899,2022-05-01 19:00:00,CUST6842,Customer_2899,UK,North,Beauty,Product_61,4,137.38,549.52,0.2,162.37,Same Day,Debit Card
AMZ102900,2022-05-01 20:00:00,CUST2316,Customer_2900,Canada,South,Electronics,Product_311,1,137.38,137.38,0.2,40.59,Express,Net Banking
AMZ102901,2022-05-01 21:00:00,CUST2124,Customer_2901,India,South,Clothing,Product_189,2,137.38,274.76,0.2,81.18,Standard,Net Banking
AMZ102902,2022-05-01 22:00:00,CUST6621,Customer_2902,USA,West,Electronics,Product_84,1,137.38,137.38,0.2,40.59,Same Day,Credit Card
AMZ102903,2022-05-01 23:00:00,CUST6423,Customer_2903,Australia,Central,Beauty,Product_225,4,137.38,549.52,0.2,162.37,Same Day,Credit Card
AMZ102904,2022-05-02 00:00:00,CUST3587,Customer_2904,USA,North,Beauty,Product_479,2,137.38,274.76,0.2,81.18,Standard,Debit Card
AMZ102905,2022-05-02 01:00:00,CUST6672,Customer_2905,Australia,North,Sports,Product_168,3,137.38,412.14,0.2,121.78,Express,Debit Card
AMZ102906,2022-05-02 02:00:00,CUST2378,Customer_2906,Australia,North,Electronics,Product_186,3,137.38,412.14,0.2,121.78,Express,Cash on Delivery
AMZ102907,2022-05-02 03:00:00,CUST4374,Customer_2907,USA,South,Beauty,Product_375,4,137.38,549.52,0.2,162.37,Express,Debit Card
AMZ102908,2022-05-02 04:00:00,CUST2519,Customer_2908,UK,West,Beauty,Product_72,2,137.38,274.76,0.2,81.18,Standard,Net Banking
AMZ102909,2022-05-02 05:00:00,CUST6777,Customer_2909,Canada,East,Sports,Product_74,4,137.38,549.52,0.2,162.37,Standard,Net Banking
AMZ102910,2022-05-02 06:00:00,CUST8935,Customer_2910,India,South,Sports,Product_385,1,137.38,137.38,0.2,40.59,Standard,Cash on Delivery
AMZ102911,2022-05-02 07:00:00,CUST7093,Customer_2911,India,East,Sports,Product_341,1,137.38,137.38,0.2,40.59,Express,UPI
AMZ102912,2022-05-02 08:00:00,CUST9418,Customer_2912,India,West,Sports,Product_153,2,137.38,274.76,0.2,81.18,Express,UPI
AMZ102913,2022-05-02 09:00:00,CUST6355,Customer_2913,USA,Central,Clothing,Product_96,4,137.38,549.52,0.2,162.37,Standard,Net Banking
AMZ102914,2022-05-02 10:00:00,CUST5968,Customer_2914,USA,North,Home & Kitchen,Product_53,4,137.38,549.52,0.2,162.37,Standard,UPI
AMZ102915,2022-05-02 11:00:00,CUST6574,Customer_2915,UK,East,Beauty,Product_445,3,137.38,412.14,0.2,121.78,Standard,UPI
AMZ102916,2022-05-02 12:00:00,CUST5072,Customer_2916,India,South,Books,Product_174,2,137.38,274.76,0.2,81.18,Express,Cash on Delivery
AMZ102917,2022-05-02 13:00:00,CUST3257,Customer_2917,UK,East,Sports,Product_110,4,137.38,549.52,0.2,162.37,Same Day,Debit Card
AMZ102918,2022-05-02 14:00:00,CUST9588,Customer_2918,India,Central,Home & Kitchen,Product_458,1,137.38,137.38,0.2,40.59,Same Day,Debit Card
AMZ102919,2022-05-02 15:00:00,CUST5424,Customer_2919,USA,North,Sports,Product_316,4,137.38,549.52,0.2,162.37,Express,UPI
AMZ102920,2022-05-02 16:00:00,CUST4237,Customer_2920,Canada,East,Home & Kitchen,Product_51,4,137.38,549.52,0.2,162.37,Standard,Credit Card
AMZ102921,2022-05-02 17:00:00,CUST4893,Customer_2921,Canada,Central,Books,Product_377,1,137.38,137.38,0.2,40.59,Standard,Cash on Delivery
AMZ102922,2022-05-02 18:00:00,CUST3005,Customer_2922,Canada,South,Electronics,Product_253,1,137.38,137.38,0.2,40.59,Standard,UPI
AMZ102923,2022-05-02 19:00:00,CUST3016,Customer_2923,Canada,West,Clothing,Product_496,4,137.38,549.52,0.2,162.37,Standard,Credit Card
AMZ102924,2022-05-02 20:00:00,CUST2772,Customer_2924,Australia,South,Beauty,Product_73,1,137.38,137.38,0.2,40.59,Express,Credit Card
AMZ102925,2022-05-02 21:00:00,CUST9353,Customer_2925,India,North,Electronics,Product_212,3,137.38,412.14,0.2,121.78,Same Day,Cash on Delivery
AMZ102926,2022-05-02 22:00:00,CUST4976,Customer_2926,Canada,South,Books,Product_432,3,137.38,412.14,0.2,121.78,Same Day,Debit Card
AMZ102927,2022-05-02 23:00:00,CUST2751,Customer_2927,Australia,South,Clothing,Product_212,3,137.38,412.14,0.2,121.78,Express,Net Banking
AMZ102928,2022-05-03 00:00:00,CUST9967,Customer_2928,Australia,South,Clothing,Product_251,1,137.38,137.38,0.2,40.59,Standard,Credit Card
AMZ102929,2022-05-03 01:00:00,CUST8430,Customer_2929,Australia,South,Clothing,Product_168,1,137.38,137.38,0.2,40.59,Same Day,Net Banking
AMZ102930,2022-05-03 02:00:00,CUST8170,Customer_2930,UK,North,Books,Product_263,1,137.38,137.38,0.2,40.59,Express,Net Banking
AMZ102931,2022-05-03 03:00:00,CUST7469,Customer_2931,UK,Central,Sports,Product_331,2,137.38,274.76,0.2,81.18,Standard,Cash on Delivery
AMZ102932,2022-05-03 04:00:00,CUST4220,Customer_2932,Australia,East,Sports,Product_469,1,137.38,137.38,0.2,40.59,Same Day,Debit Card
AMZ102933,2022-05-03 05:00:00,CUST1539,Customer_2933,Canada,West,Sports,Product_230,3,137.38,412.14,0.2,121.78,Express,Cash on Delivery
AMZ102934,2022-05-03 06:00:00,CUST2461,Customer_2934,India,East,Electronics,Product_239,3,137.38,412.14,0.2,121.78,Same Day,Credit Card
AMZ102935,2022-05-03 07:00:00,CUST6184,Customer_2935,USA,East,Beauty,Product_275,3,137.38,412.14,0.2,121.78,Same Day,Debit Card
AMZ102936,2022-05-03 08:00:00,CUST9547,Customer_2936,UK,West,Clothing,Product_494,2,137.38,274.76,0.2,81.18,Express,UPI
AMZ102937,2022-05-03 09:00:00,CUST1234,Customer_2937,Canada,North,Clothing,Product_143,4,137.38,549.52,0.2,162.37,Express,Debit Card
AMZ102938,2022-05-03 10:00:00,CUST2548,Customer_2938,Canada,West,Electronics,Product_70,3,137.38,412.14,0.2,121.78,Same Day,Cash on Delivery
AMZ102939,2022-05-03 11:00:00,CUST8480,Customer_2939,USA,North,Sports,Product_445,2,137.38,274.76,0.2,81.18,Same Day,Cash on Delivery
AMZ102940,2022-05-03 12:00:00,CUST5213,Customer_2940,USA,East,Clothing,Product_312,4,137.38,549.52,0.2,162.37,Express,Net Banking
AMZ102941,2022-05-03 13:00:00,CUST2673,Customer_2941,Canada,North,Clothing,Product_394,2,137.38,274.76,0.2,81.18,Standard,UPI
AMZ102942,2022-05-03 14:00:00,CUST7708,Customer_2942,USA,Central,Books,Product_174,2,137.38,274.76,0.2,81.18,Standard,Debit Card
AMZ102943,2022-05-03 15:00:00,CUST8982,Customer_2943,Canada,West,Home & Kitchen,Product_336,4,137.38,549.52,0.2,162.37,Standard,UPI
AMZ102944,2022-05-03 16:00:00,CUST3100,Customer_2944,USA,Central,Electronics,Product_109,1,137.38,137.38,0.2,40.59,Standard,Net Banking
AMZ102945,2022-05-03 17:00:00,CUST4748,Customer_2945,USA,East,Electronics,Product_203,1,137.38,137.38,0.2,40.59,Express,UPI
AMZ102946,2022-05-03 18:00:00,CUST4173,Customer_2946,Canada,West,Sports,Product_185,3,137.38,412.14,0.2,121.78,Standard,UPI
AMZ102947,2022-05-03 19:00:00,CUST2815,Customer_2947,Australia,East,Electronics,Product_291,4,137.38,549.52,0.2,162.37,Same Day,Debit Card
AMZ102948,2022-05-03 20:00:00,CUST4841,Customer_2948,Canada,Central,Sports,Product_328,3,137.38,412.14,0.2,121.78,Standard,UPI
AMZ102949,2022-05-03 21:00:00,CUST9016,Customer_2949,India,East,Books,Product_92,2,137.38,274.76,0.2,81.18,Express,Net Banking
AMZ102950,2022-05-03 22:00:00,CUST8011,Customer_2950,USA,West,Books,Product_259,1,137.38,137.38,0.2,40.59,Standard,Credit Card
AMZ102951,2022-05-03 23:00:00,CUST5493,Customer_2951,UK,West,Beauty,Product_322,3,137.38,412.14,0.2,121.78,Standard,Credit Card
AMZ102952,2022-05-04 00:00:00,CUST1674,Customer_2952,USA,East,Sports,Product_437,3,137.38,412.14,0.2,121.78,Express,Cash on Delivery
AMZ102953,2022-05-04 01:00:00,CUST9088,Customer_2953,India,West,Books,Product_206,1,137.38,137.38,0.2,40.59,Standard,Credit Card
AMZ102954,2022-05-04 02:00:00,CUST9578,Customer_2954,UK,West,Sports,Product_52,2,137.38,274.76,0.2,81.18,Express,Debit Card
AMZ102955,2022-05-04 03:00:00,CUST3158,Customer_2955,UK,East,Electronics,Product_349,3,137.38,412.14,0.2,121.78,Standard,Cash on Delivery
AMZ102956,2022-05-04 04:00:00,CUST3661,Customer_2956,Canada,Central,Beauty,Product_181,3,137.38,412.14,0.2,121.78,Express,Credit Card
AMZ102957,2022-05-04 05:00:00,CUST3064,Customer_2957,Australia,West,Home & Kitchen,Product_438,4,137.38,549.52,0.2,162.37,Standard,Credit Card
AMZ102958,2022-05-04 06:00:00,CUST4253,Customer_2958,Canada,West,Clothing,Product_303,4,137.38,549.52,0.2,162.37,Same Day,Cash on Delivery
AMZ102959,2022-05-04 07:00:00,CUST5979,Customer_2959,UK,West,Clothing,Product_3,1,137.38,137.38,0.2,40.59,Same Day,Debit Card
AMZ102960,2022-05-04 08:00:00,CUST8703,Customer_2960,UK,West,Beauty,Product_449,1,137.38,137.38,0.2,40.59,Express,Cash on Delivery
AMZ102961,2022-05-04 09:00:00,CUST9931,Customer_2961,Australia,East,Sports,Product_399,2,137.38,274.76,0.2,81.18,Express,Debit Card
AMZ102962,2022-05-04 10:00:00,CUST2401,Customer_2962,USA,Central,Sports,Product_84,2,137.38,274.76,0.2,81.18,Express,Debit Card
AMZ102963,2022-05-04 11:00:00,CUST4259,Customer_2963,Australia,Central,Sports,Product_214,3,137.38,412.14,0.2,121.78,Same Day,Net Banking
AMZ102964,2022-05-04 12:00:00,CUST4923,Customer_2964,Canada,North,Home & Kitchen,Product_34,4,137.38,549.52,0.2,162.37,Express,Credit Card
AMZ102965,2022-05-04 13:00:00,CUST5214,Customer_2965,USA,West,Clothing,Product_50,2,137.38,274.76,0.2,81.18,Standard,Credit Card
AMZ102966,2022-05-04 14:00:00,CUST4227,Customer_2966,Canada,West,Beauty,Product_289,3,137.38,412.14,0.2,121.78,Express,UPI
AMZ102967,2022-05-04 15:00:00,CUST3745,Customer_2967,Australia,North,Sports,Product_329,3,137.38,412.14,0.2,121.78,Express,Cash on Delivery
AMZ102968,2022-05-04 16:00:00,CUST7091,Customer_2968,USA,Central,Books,Product_259,1,137.38,137.38,0.2,40.59,Standard,Net Banking
AMZ102969,2022-05-04 17:00:00,CUST4866,Customer_2969,Australia,South,Electronics,Product_258,4,137.38,549.52,0.2,162.37,Standard,Credit Card
AMZ102970,2022-05-04 18:00:00,CUST6818,Customer_2970,India,South,Home & Kitchen,Product_388,3,137.38,412.14,0.2,121.78,Same Day,UPI
AMZ102971,2022-05-04 19:00:00,CUST3222,Customer_2971,UK,Central,Sports,Product_272,1,137.38,137.38,0.2,40.59,Standard,Net Banking
AMZ102972,2022-05-04 20:00:00,CUST3792,Customer_2972,USA,West,Clothing,Product_182,3,137.38,412.14,0.2,121.78,Standard,Debit Card
AMZ102973,2022-05-04 21:00:00,CUST5063,Customer_2973,UK,South,Electronics,Product_33,4,137.38,549.52,0.2,162.37,Express,Credit Card
AMZ102974,2022-05-04 22:00:00,CUST2524,Customer_2974,India,East,Beauty,Product_265,3,137.38,412.14,0.2,121.78,Same Day,Cash on Delivery
AMZ102975,2022-05-04 23:00:00,CUST9224,Customer_2975,USA,East,Sports,Product_313,3,137.38,412.14,0.2,121.78,Standard,Net Banking
AMZ102976,2022-05-05 00:00:00,CUST7198,Customer_2976,UK,North,Clothing,Product_40,2,137.38,274.76,0.2,81.18,Same Day,UPI
AMZ102977,2022-05-05 01:00:00,CUST5025,Customer_2977,UK,Central,Electronics,Product_486,2,137.38,274.76,0.2,81.18,Standard,Cash on Delivery
AMZ102978,2022-05-05 02:00:00,CUST3566,Customer_2978,USA,Central,Books,Product_308,1,137.38,137.38,0.2,40.59,Same Day,Debit Card
AMZ102979,2022-05-05 03:00:00,CUST3803,Customer_2979,UK,South,Home & Kitchen,Product_210,3,137.38,412.14,0.2,121.78,Standard,Cash on Delivery
AMZ102980,2022-05-05 04:00:00,CUST4709,Customer_2980,UK,West,Beauty,Product_272,1,137.38,137.38,0.2,40.59,Express,UPI
AMZ102981,2022-05-05 05:00:00,CUST7155,Customer_2981,USA,Central,Clothing,Product_136,4,137.38,549.52,0.2,162.37,Same Day,Debit Card
AMZ102982,2022-05-05 06:00:00,CUST1719,Customer_2982,UK,South,Books,Product_87,1,137.38,137.38,0.2,40.59,Same Day,UPI
AMZ102983,2022-05-05 07:00:00,CUST7516,Customer_2983,UK,South,Home & Kitchen,Product_60,3,137.38,412.14,0.2,121.78,Standard,Credit Card
AMZ102984,2022-05-05 08:00:00,CUST5579,Customer_2984,Canada,Central,Home & Kitchen,Product_164,2,137.38,274.76,0.2,81.18,Same Day,UPI
AMZ102985,2022-05-05 09:00:00,CUST1972,Customer_2985,Canada,South,Books,Product_3,2,137.38,274.76,0.2,81.18,Standard,Cash on Delivery
AMZ102986,2022-05-05 10:00:00,CUST4718,Customer_2986,India,North,Clothing,Product_15,1,137.38,137.38,0.2,40.59,Same Day,Credit Card
AMZ102987,2022-05-05 11:00:00,CUST8395,Customer_2987,Canada,North,Home & Kitchen,Product_102,2,137.38,274.76,0.2,81.18,Same Day,Credit Card
AMZ102988,2022-05-05 12:00:00,CUST5402,Customer_2988,Canada,Central,Beauty,Product_255,3,137.38,412.14,0.2,121.78,Express,Net Banking
AMZ102989,2022-05-05 13:00:00,CUST5552,Customer_2989,India,West,Electronics,Product_225,3,137.38,412.14,0.2,121.78,Express,Cash on Delivery
AMZ102990,2022-05-05 14:00:00,CUST3207,Customer_2990,UK,North,Beauty,Product_210,4,137.38,549.52,0.2,162.37,Same Day,Cash on Delivery
AMZ102991,2022-05-05 15:00:00,CUST5426,Customer_2991,UK,North,Sports,Product_23,2,137.38,274.76,0.2,81.18,Express,Debit Card
AMZ102992,2022-05-05 16:00:00,CUST7919,Customer_2992,Canada,Central,Home & Kitchen,Product_235,2,137.38,274.76,0.2,81.18,Same Day,UPI
AMZ102993,2022-05-05 17:00:00,CUST9835,Customer_2993,India,East,Electronics,Product_131,4,137.38,549.52,0.2,162.37,Standard,UPI
AMZ102994,2022-05-05 18:00:00,CUST9386,Customer_2994,UK,South,Books,Product_158,1,137.38,137.38,0.2,40.59,Same Day,Cash on Delivery
AMZ102995,2022-05-05 19:00:00,CUST9680,Customer_2995,Australia,North,Electronics,Product_173,4,137.38,549.52,0.2,162.37,Same Day,UPI
AMZ102996,2022-05-05 20:00:00,CUST3204,Customer_2996,USA,East,Electronics,Product_17,2,137.38,274.76,0.2,81.18,Express,Cash on Delivery
AMZ102997,2022-05-05 21:00:00,CUST6345,Customer_2997,USA,West,Electronics,Product_370,1,137.38,137.38,0.2,40.59,Express,Credit Card
AMZ102998,2022-05-05 22:00:00,CUST4276,Customer_2998,USA,East,Home & Kitchen,Product_442,3,137.38,412.14,0.2,121.78,Standard,UPI
AMZ102999,2022-05-05 23:00:00,CUST2102,Customer_2999,Canada,Central,Sports,Product_314,3,137.38,412.14,0.2,121.78,Standard,UPI
AMZ103000,2022-05-06 00:00:00,CUST6243,Customer_3000,USA,West,Sports,Product_480,4,137.38,549.52,0.2,162.37,Standard,Cash on Delivery
AMZ103001,2022-05-06 01:00:00,CUST7614,Customer_3001,USA,West,Clothing,Product_366,3,137.38,412.14,0.2,121.78,Same Day,Cash on Delivery
AMZ103002,2022-05-06 02:00:00,CUST9707,Customer_3002,Australia,East,Sports,Product_185,2,137.38,274.76,0.2,81.18,Standard,Debit Card
AMZ103003,2022-05-06 03:00:00,CUST6223,Customer_3003,UK,Central,Home & Kitchen,Product_391,4,137.38,549.52,0.2,162.37,Standard,UPI
AMZ103004,2022-05-06 04:00:00,CUST9584,Customer_3004,Australia,North,Clothing,Product_423,2,137.38,274.76,0.2,81.18,Express,Net Banking
AMZ103005,2022-05-06 05:00:00,CUST1630,Customer_3005,Canada,East,Books,Product_334,2,137.38,274.76,0.2,81.18,Express,Cash on Delivery
AMZ103006,2022-05-06 06:00:00,CUST7683,Customer_3006,USA,North,Books,Product_442,1,137.38,137.38,0.2,40.59,Standard,Net Banking
AMZ103007,2022-05-06 07:00:00,CUST1277,Customer_3007,UK,East,Books,Product_184,1,137.38,137.38,0.2,40.59,Standard,Credit Card
AMZ103008,2022-05-06 08:00:00,CUST1232,Customer_3008,USA,North,Books,Product_143,1,137.38,137.38,0.2,40.59,Same Day,Credit Card
AMZ103009,2022-05-06 09:00:00,CUST6690,Customer_3009,USA,East,Books,Product_44,3,137.38,412.14,0.2,121.78,Same Day,Net Banking
AMZ103010,2022-05-06 10:00:00,CUST8659,Customer_3010,Canada,West,Beauty,Product_12,1,137.38,137.38,0.2,40.59,Express,Credit Card
AMZ103011,2022-05-06 11:00:00,CUST1025,Customer_3011,USA,South,Home & Kitchen,Product_8,2,137.38,274.76,0.2,81.18,Standard,Net Banking
AMZ103012,2022-05-06 12:00:00,CUST8468,Customer_3012,India,West,Clothing,Product_80,4,137.38,549.52,0.2,162.37,Standard,Debit Card
AMZ103013,2022-05-06 13:00:00,CUST7410,Customer_3013,UK,North,Books,Product_297,4,137.38,549.52,0.2,162.37,Standard,Debit Card
AMZ103014,2022-05-06 14:00:00,CUST9652,Customer_3014,UK,Central,Beauty,Product_162,2,137.38,274.76,0.2,81.18,Standard,Credit Card
AMZ103015,2022-05-06 15:00:00,CUST4764,Customer_3015,India,West,Sports,Product_302,3,137.38,412.14,0.2,121.78,Standard,Net Banking
AMZ103016,2022-05-06 16:00:00,CUST7599,Customer_3016,Canada,South,Beauty,Product_216,4,137.38,549.52,0.2,162.37,Same Day,Net Banking
AMZ103017,2022-05-06 17:00:00,CUST6102,Customer_3017,USA,North,Beauty,Product_248,2,137.38,274.76,0.2,81.18,Same Day,Net Banking
AMZ103018,2022-05-06 18:00:00,CUST8006,Customer_3018,USA,West,Home & Kitchen,Product_29,2,137.38,274.76,0.2,81.18,Standard,Credit Card
AMZ103019,2022-05-06 19:00:00,CUST4483,Customer_3019,UK,East,Books,Product_272,2,137.38,274.76,0.2,81.18,Same Day,Net Banking
AMZ103020,2022-05-06 20:00:00,CUST2994,Customer_3020,Canada,Central,Beauty,Product_133,4,137.38,549.52,0.2,162.37,Same Day,Cash on Delivery
AMZ103021,2022-05-06 21:00:00,CUST9682,Customer_3021,Canada,North,Beauty,Product_5,4,137.38,549.52,0.2,162.37,Standard,Net Banking
AMZ103022,2022-05-06 22:00:00,CUST2072,Customer_3022,Canada,West,Books,Product_244,1,137.38,137.38,0.2,40.59,Same Day,Cash on Delivery
AMZ103023,2022-05-06 23:00:00,CUST7707,Customer_3023,USA,North,Home & Kitchen,Product_30,1,137.38,137.38,0.2,40.59,Standard,Debit Card
AMZ103024,2022-05-07 00:00:00,CUST1215,Customer_3024,Canada,East,Beauty,Product_117,2,137.38,274.76,0.2,81.18,Same Day,Cash on Delivery
AMZ103025,2022-05-07 01:00:00,CUST8605,Customer_3025,India,South,Clothing,Product_178,2,137.38,274.76,0.2,81.18,Standard,Debit Card
AMZ103026,2022-05-07 02:00:00,CUST3606,Customer_3026,Australia,West,Electronics,Product_498,2,137.38,274.76,0.2,81.18,Standard,Credit Card
AMZ103027,2022-05-07 03:00:00,CUST9350,Customer_3027,Canada,North,Sports,Product_261,2,137.38,274.76,0.2,81.18,Same Day,Debit Card
AMZ103028,2022-05-07 04:00:00,CUST5781,Customer_3028,Australia,North,Electronics,Product_235,4,137.38,549.52,0.2,162.37,Same Day,Debit Card
AMZ103029,2022-05-07 05:00:00,CUST4313,Customer_3029,USA,North,Electronics,Product_141,1,137.38,137.38,0.2,40.59,Express,Net Banking
AMZ103030,2022-05-07 06:00:00,CUST8763,Customer_3030,Canada,South,Home & Kitchen,Product_483,3,137.38,412.14,0.2,121.78,Standard,UPI
AMZ103031,2022-05-07 07:00:00,CUST6939,Customer_3031,UK,North,Beauty,Product_305,2,137.38,274.76,0.2,81.18,Standard,Debit Card
AMZ103032,2022-05-07 08:00:00,CUST3295,Customer_3032,USA,Central,Electronics,Product_345,1,137.38,137.38,0.2,40.59,Standard,Cash on Delivery
AMZ103033,2022-05-07 09:00:00,CUST6685,Customer_3033,India,Central,Electronics,Product_50,2,137.38,274.76,0.2,81.18,Standard,Credit Card
AMZ103034,2022-05-07 10:00:00,CUST2696,Customer_3034,India,North,Sports,Product_270,4,137.38,549.52,0.2,162.37,Same Day,Cash on Delivery
AMZ103035,2022-05-07 11:00:00,CUST2946,Customer_3035,Australia,Central,Books,Product_108,3,137.38,412.14,0.2,121.78,Same Day,Credit Card
AMZ103036,2022-05-07 12:00:00,CUST3783,Customer_3036,Australia,West,Beauty,Product_46,1,137.38,137.38,0.2,40.59,Express,Cash on Delivery
AMZ103037,2022-05-07 13:00:00,CUST4644,Customer_3037,UK,Central,Beauty,Product_474,1,137.38,137.38,0.2,40.59,Standard,Debit Card
AMZ103038,2022-05-07 14:00:00,CUST6241,Customer_3038,UK,North,Sports,Product_82,3,137.38,412.14,0.2,121.78,Express,UPI
AMZ103039,2022-05-07 15:00:00,CUST7420,Customer_3039,India,East,Books,Product_126,4,137.38,549.52,0.2,162.37,Express,Debit Card
AMZ103040,2022-05-07 16:00:00,CUST8557,Customer_3040,Canada,West,Beauty,Product_84,3,137.38,412.14,0.2,121.78,Express,Net Banking
AMZ103041,2022-05-07 17:00:00,CUST3645,Customer_3041,India,South,Clothing,Product_290,1,137.38,137.38,0.2,40.59,Express,Cash on Delivery
AMZ103042,2022-05-07 18:00:00,CUST7589,Customer_3042,India,North,Sports,Product_71,3,137.38,412.14,0.2,121.78,Express,UPI
AMZ103043,2022-05-07 19:00:00,CUST7353,Customer_3043,UK,South,Home & Kitchen,Product_175,4,137.38,549.52,0.2,162.37,Same Day,Cash on Delivery
AMZ103044,2022-05-07 20:00:00,CUST2932,Customer_3044,Australia,East,Books,Product_316,4,137.38,549.52,0.2,162.37,Same Day,Net Banking
AMZ103045,2022-05-07 21:00:00,CUST2757,Customer_3045,UK,South,Sports,Product_330,2,137.38,274.76,0.2,81.18,Express,Net Banking
AMZ103046,2022-05-07 22:00:00,CUST6085,Customer_3046,UK,North,Electronics,Product_463,3,137.38,412.14,0.2,121.78,Same Day,Net Banking
AMZ103047,2022-05-07 23:00:00,CUST6637,Customer_3047,UK,North,Beauty,Product_337,3,137.38,412.14,0.2,121.78,Same Day,Debit Card
AMZ103048,2022-05-08 00:00:00,CUST2116,Customer_3048,India,East,Clothing,Product_395,1,137.38,137.38,0.2,40.59,Express,Debit Card
AMZ103049,2022-05-08 01:00:00,CUST1492,Customer_3049,Canada,North,Clothing,Product_354,4,137.38,549.52,0.2,162.37,Same Day,UPI
AMZ103050,2022-05-08 02:00:00,CUST9811,Customer_3050,India,East,Home & Kitchen,Product_91,3,137.38,412.14,0.2,121.78,Same Day,Net Banking
AMZ103051,2022-05-08 03:00:00,CUST8888,Customer_3051,USA,East,Sports,Product_469,1,137.38,137.38,0.2,40.59,Standard,Debit Card
AMZ103052,2022-05-08 04:00:00,CUST7474,Customer_3052,UK,North,Clothing,Product_351,2,137.38,274.76,0.2,81.18,Express,Credit Card
AMZ103053,2022-05-08 05:00:00,CUST5958,Customer_3053,UK,Central,Sports,Product_434,3,137.38,412.14,0.2,121.78,Standard,Credit Card
AMZ103054,2022-05-08 06:00:00,CUST3743,Customer_3054,USA,East,Beauty,Product_249,3,137.38,412.14,0.2,121.78,Standard,Debit Card
AMZ103055,2022-05-08 07:00:00,CUST8866,Customer_3055,UK,North,Beauty,Product_132,1,137.38,137.38,0.2,40.59,Express,UPI
AMZ103056,2022-05-08 08:00:00,CUST8160,Customer_3056,UK,Central,Clothing,Product_169,1,137.38,137.38,0.2,40.59,Standard,Cash on Delivery
AMZ103057,2022-05-08 09:00:00,CUST6451,Customer_3057,UK,East,Beauty,Product_443,4,137.38,549.52,0.2,162.37,Standard,Net Banking
AMZ103058,2022-05-08 10:00:00,CUST6258,Customer_3058,USA,Central,Sports,Product_60,4,137.38,549.52,0.2,162.37,Same Day,Debit Card
AMZ103059,2022-05-08 11:00:00,CUST9548,Customer_3059,India,West,Beauty,Product_369,4,137.38,549.52,0.2,162.37,Standard,UPI
AMZ103060,2022-05-08 12:00:00,CUST8186,Customer_3060,UK,West,Electronics,Product_337,3,137.38,412.14,0.2,121.78,Express,Cash on Delivery
AMZ103061,2022-05-08 13:00:00,CUST7102,Customer_3061,Canada,Central,Sports,Product_241,1,137.38,137.38,0.2,40.59,Same Day,UPI
AMZ103062,2022-05-08 14:00:00,CUST1619,Customer_3062,USA,East,Books,Product_190,4,137.38,549.52,0.2,162.37,Same Day,Cash on Delivery
AMZ103063,2022-05-08 15:00:00,CUST1882,Customer_3063,Australia,North,Beauty,Product_496,3,137.38,412.14,0.2,121.78,Same Day,Credit Card
AMZ103064,2022-05-08 16:00:00,CUST9988,Customer_3064,USA,South,Beauty,Product_340,4,137.38,549.52,0.2,162.37,Express,Cash on Delivery
AMZ103065,2022-05-08 17:00:00,CUST4642,Customer_3065,India,North,Sports,Product_281,2,137.38,274.76,0.2,81.18,Express,Credit Card
AMZ103066,2022-05-08 18:00:00,CUST2296,Customer_3066,USA,South,Home & Kitchen,Product_232,3,137.38,412.14,0.2,121.78,Express,Net Banking
AMZ103067,2022-05-08 19:00:00,CUST9436,Customer_3067,Australia,South,Books,Product_471,4,137.38,549.52,0.2,162.37,Standard,Debit Card
AMZ103068,2022-05-08 20:00:00,CUST3895,Customer_3068,Canada,East,Books,Product_463,4,137.38,549.52,0.2,162.37,Standard,Credit Card
AMZ103069,2022-05-08 21:00:00,CUST7593,Customer_3069,Australia,Central,Books,Product_289,2,137.38,274.76,0.2,81.18,Same Day,UPI
AMZ103070,2022-05-08 22:00:00,CUST1929,Customer_3070,USA,North,Clothing,Product_275,2,137.38,274.76,0.2,81.18,Same Day,Cash on Delivery
AMZ103071,2022-05-08 23:00:00,CUST6366,Customer_3071,Australia,Central,Electronics,Product_313,4,137.38,549.52,0.2,162.37,Express,UPI
AMZ103072,2022-05-09 00:00:00,CUST9711,Customer_3072,USA,West,Electronics,Product_15,4,137.38,549.52,0.2,162.37,Express,Credit Card
AMZ103073,2022-05-09 01:00:00,CUST4212,Customer_3073,Canada,East,Home & Kitchen,Product_41,1,137.38,137.38,0.2,40.59,Standard,UPI
AMZ103074,2022-05-09 02:00:00,CUST3409,Customer_3074,Canada,East,Books,Product_453,4,137.38,549.52,0.2,162.37,Standard,Cash on Delivery
AMZ103075,2022-05-09 03:00:00,CUST9199,Customer_3075,India,West,Books,Product_208,4,137.38,549.52,0.2,162.37,Express,Debit Card
AMZ103076,2022-05-09 04:00:00,CUST4423,Customer_3076,Canada,North,Beauty,Product_60,1,137.38,137.38,0.2,40.59,Express,UPI
AMZ103077,2022-05-09 05:00:00,CUST7976,Customer_3077,UK,West,Sports,Product_365,1,137.38,137.38,0.2,40.59,Standard,Net Banking
AMZ103078,2022-05-09 06:00:00,CUST8594,Customer_3078,Australia,North,Clothing,Product_240,4,137.38,549.52,0.2,162.37,Same Day,Cash on Delivery
AMZ103079,2022-05-09 07:00:00,CUST6158,Customer_3079,Australia,South,Clothing,Product_96,1,137.38,137.38,0.2,40.59,Same Day,Cash on Delivery
AMZ103080,2022-05-09 08:00:00,CUST4667,Customer_3080,USA,East,Home & Kitchen,Product_278,3,137.38,412.14,0.2,121.78,Standard,Net Banking
AMZ103081,2022-05-09 09:00:00,CUST6973,Customer_3081,Canada,North,Electronics,Product_427,2,137.38,274.76,0.2,81.18,Standard,Credit Card
AMZ103082,2022-05-09 10:00:00,CUST7236,Customer_3082,India,Central,Books,Product_160,3,137.38,412.14,0.2,121.78,Same Day,Net Banking
AMZ103083,2022-05-09 11:00:00,CUST9277,Customer_3083,India,Central,Sports,Product_397,2,137.38,274.76,0.2,81.18,Standard,Credit Card
AMZ103084,2022-05-09 12:00:00,CUST3468,Customer_3084,India,East,Home & Kitchen,Product_422,2,137.38,274.76,0.2,81.18,Same Day,Debit Card
AMZ103085,2022-05-09 13:00:00,CUST7217,Customer_3085,UK,West,Clothing,Product_282,4,137.38,549.52,0.2,162.37,Same Day,Credit Card
AMZ103086,2022-05-09 14:00:00,CUST4619,Customer_3086,Canada,West,Clothing,Product_209,2,137.38,274.76,0.2,81.18,Standard,Debit Card
AMZ103087,2022-05-09 15:00:00,CUST2636,Customer_3087,India,North,Clothing,Product_133,3,137.38,412.14,0.2,121.78,Express,Debit Card
AMZ103088,2022-05-09 16:00:00,CUST9155,Customer_3088,UK,West,Books,Product_381,4,137.38,549.52,0.2,162.37,Express,Net Banking
AMZ103089,2022-05-09 17:00:00,CUST4583,Customer_3089,Australia,East,Books,Product_433,1,137.38,137.38,0.2,40.59,Express,Debit Card
AMZ103090,2022-05-09 18:00:00,CUST5009,Customer_3090,USA,North,Books,Product_97,3,137.38,412.14,0.2,121.78,Express,Credit Card
AMZ103091,2022-05-09 19:00:00,CUST4326,Customer_3091,Canada,South,Beauty,Product_219,4,137.38,549.52,0.2,162.37,Express,UPI
AMZ103092,2022-05-09 20:00:00,CUST9148,Customer_3092,Canada,West,Electronics,Product_389,2,137.38,274.76,0.2,81.18,Express,Cash on Delivery
AMZ103093,2022-05-09 21:00:00,CUST3217,Customer_3093,Australia,West,Clothing,Product_485,3,137.38,412.14,0.2,121.78,Express,Cash on Delivery
AMZ103094,2022-05-09 22:00:00,CUST5967,Customer_3094,Canada,North,Clothing,Product_71,2,137.38,274.76,0.2,81.18,Standard,Credit Card
AMZ103095,2022-05-09 23:00:00,CUST3369,Customer_3095,Canada,Central,Beauty,Product_432,4,137.38,549.52,0.2,162.37,Standard,UPI
AMZ103096,2022-05-10 00:00:00,CUST4638,Customer_3096,Canada,West,Clothing,Product_274,4,137.38,549.52,0.2,162.37,Express,Debit Card
AMZ103097,2022-05-10 01:00:00,CUST6722,Customer_3097,Canada,East,Clothing,Product_351,1,137.38,137.38,0.2,40.59,Standard,Credit Card
AMZ103098,2022-05-10 02:00:00,CUST5444,Customer_3098,UK,West,Books,Product_134,1,137.38,137.38,0.2,40.59,Same Day,Debit Card
AMZ103099,2022-05-10 03:00:00,CUST8618,Customer_3099,UK,South,Books,Product_66,3,137.38,412.14,0.2,121.78,Express,Net Banking
AMZ103100,2022-05-10 04:00:00,CUST4947,Customer_3100,USA,West,Electronics,Product_127,1,137.38,137.38,0.2,40.59,Same Day,UPI
AMZ103101,2022-05-10 05:00:00,CUST2676,Customer_3101,Canada,Central,Clothing,Product_205,2,137.38,274.76,0.2,81.18,Standard,Cash on Delivery
AMZ103102,2022-05-10 06:00:00,CUST2196,Customer_3102,Australia,West,Home & Kitchen,Product_298,2,137.38,274.76,0.2,81.18,Express,Credit Card
AMZ103103,2022-05-10 07:00:00,CUST3787,Customer_3103,India,North,Clothing,Product_117,1,137.38,137.38,0.2,40.59,Same Day,Cash on Delivery
AMZ103104,2022-05-10 08:00:00,CUST8432,Customer_3104,USA,West,Clothing,Product_436,1,137.38,137.38,0.2,40.59,Standard,Debit Card
AMZ103105,2022-05-10 09:00:00,CUST8927,Customer_3105,India,Central,Electronics,Product_267,1,137.38,137.38,0.2,40.59,Express,Debit Card
AMZ103106,2022-05-10 10:00:00,CUST4318,Customer_3106,India,North,Home & Kitchen,Product_282,3,137.38,412.14,0.2,121.78,Express,Net Banking
AMZ103107,2022-05-10 11:00:00,CUST9858,Customer_3107,Canada,East,Clothing,Product_149,3,137.38,412.14,0.2,121.78,Same Day,Debit Card
AMZ103108,2022-05-10 12:00:00,CUST7689,Customer_3108,Australia,North,Sports,Product_194,2,137.38,274.76,0.2,81.18,Same Day,Debit Card
AMZ103109,2022-05-10 13:00:00,CUST3176,Customer_3109,India,South,Sports,Product_168,3,137.38,412.14,0.2,121.78,Same Day,Cash on Delivery
AMZ103110,2022-05-10 14:00:00,CUST4743,Customer_3110,India,North,Home & Kitchen,Product_312,3,137.38,412.14,0.2,121.78,Standard,Cash on Delivery
AMZ103111,2022-05-10 15:00:00,CUST9792,Customer_3111,USA,East,Sports,Product_374,4,137.38,549.52,0.2,162.37,Same Day,Credit Card
AMZ103112,2022-05-10 16:00:00,CUST5422,Customer_3112,Australia,West,Books,Product_179,2,137.38,274.76,0.2,81.18,Same Day,Credit Card
AMZ103113,2022-05-10 17:00:00,CUST4824,Customer_3113,Australia,North,Books,Product_148,2,137.38,274.76,0.2,81.18,Same Day,Debit Card
AMZ103114,2022-05-10 18:00:00,CUST3451,Customer_3114,India,North,Home & Kitchen,Product_465,1,137.38,137.38,0.2,40.59,Express,UPI
AMZ103115,2022-05-10 19:00:00,CUST1628,Customer_3115,Australia,North,Clothing,Product_464,4,137.38,549.52,0.2,162.37,Same Day,Credit Card
AMZ103116,2022-05-10 20:00:00,CUST8778,Customer_3116,USA,North,Home & Kitchen,Product_57,1,137.38,137.38,0.2,40.59,Same Day,Debit Card
AMZ103117,2022-05-10 21:00:00,CUST4696,Customer_3117,USA,East,Sports,Product_490,3,137.38,412.14,0.2,121.78,Standard,Cash on Delivery
AMZ103118,2022-05-10 22:00:00,CUST4674,Customer_3118,USA,Central,Home & Kitchen,Product_5,2,137.38,274.76,0.2,81.18,Standard,Net Banking
AMZ103119,2022-05-10 23:00:00,CUST4929,Customer_3119,Canada,Central,Sports,Product_14,3,137.38,412.14,0.2,121.78,Same Day,Cash on Delivery
AMZ103120,2022-05-11 00:00:00,CUST3765,Customer_3120,India,North,Books,Product_280,3,137.38,412.14,0.2,121.78,Standard,Cash on Delivery
AMZ103121,2022-05-11 01:00:00,CUST5369,Customer_3121,Australia,East,Home & Kitchen,Product_499,4,137.38,549.52,0.2,162.37,Standard,Net Banking
AMZ103122,2022-05-11 02:00:00,CUST9307,Customer_3122,USA,East,Beauty,Product_324,4,137.38,549.52,0.2,162.37,Standard,Cash on Delivery
AMZ103123,2022-05-11 03:00:00,CUST5956,Customer_3123,India,North,Sports,Product_436,2,137.38,274.76,0.2,81.18,Express,Credit Card
AMZ103124,2022-05-11 04:00:00,CUST1692,Customer_3124,India,South,Beauty,Product_304,2,137.38,274.76,0.2,81.18,Same Day,Cash on Delivery
AMZ103125,2022-05-11 05:00:00,CUST4162,Customer_3125,Canada,North,Books,Product_216,4,137.38,549.52,0.2,162.37,Same Day,Net Banking
AMZ103126,2022-05-11 06:00:00,CUST2105,Customer_3126,Australia,South,Clothing,Product_175,4,137.38,549.52,0.2,162.37,Same Day,Debit Card
AMZ103127,2022-05-11 07:00:00,CUST4008,Customer_3127,Australia,North,Sports,Product_316,4,137.38,549.52,0.2,162.37,Standard,Debit Card
AMZ103128,2022-05-11 08:00:00,CUST3161,Customer_3128,USA,South,Clothing,Product_457,4,137.38,549.52,0.2,162.37,Standard,Debit Card
AMZ103129,2022-05-11 09:00:00,CUST9345,Customer_3129,USA,South,Books,Product_3,2,137.38,274.76,0.2,81.18,Standard,Net Banking
AMZ103130,2022-05-11 10:00:00,CUST4699,Customer_3130,India,North,Clothing,Product_375,2,137.38,274.76,0.2,81.18,Express,Net Banking
AMZ103131,2022-05-11 11:00:00,CUST4786,Customer_3131,Australia,South,Sports,Product_137,3,137.38,412.14,0.2,121.78,Standard,Credit Card
AMZ103132,2022-05-11 12:00:00,CUST5200,Customer_3132,Australia,West,Electronics,Product_466,3,137.38,412.14,0.2,121.78,Express,Net Banking
AMZ103133,2022-05-11 13:00:00,CUST2913,Customer_3133,USA,Central,Sports,Product_100,3,137.38,412.14,0.2,121.78,Same Day,Debit Card
AMZ103134,2022-05-11 14:00:00,CUST6520,Customer_3134,UK,East,Sports,Product_83,2,137.38,274.76,0.2,81.18,Standard,Net Banking
AMZ103135,2022-05-11 15:00:00,CUST2772,Customer_3135,India,South,Beauty,Product_280,1,137.38,137.38,0.2,40.59,Express,UPI
AMZ103136,2022-05-11 16:00:00,CUST3780,Customer_3136,Australia,South,Electronics,Product_132,3,137.38,412.14,0.2,121.78,Express,Cash on Delivery
AMZ103137,2022-05-11 17:00:00,CUST8423,Customer_3137,Canada,East,Electronics,Product_393,1,137.38,137.38,0.2,40.59,Standard,Credit Card
AMZ103138,2022-05-11 18:00:00,CUST3871,Customer_3138,Canada,South,Electronics,Product_481,1,137.38,137.38,0.2,40.59,Express,Debit Card
AMZ103139,2022-05-11 19:00:00,CUST1660,Customer_3139,UK,East,Sports,Product_1,1,137.38,137.38,0.2,40.59,Standard,Debit Card
AMZ103140,2022-05-11 20:00:00,CUST7242,Customer_3140,USA,North,Books,Product_116,4,137.38,549.52,0.2,162.37,Express,UPI
AMZ103141,2022-05-11 21:00:00,CUST2132,Customer_3141,USA,West,Electronics,Product_499,2,137.38,274.76,0.2,81.18,Same Day,Credit Card
AMZ103142,2022-05-11 22:00:00,CUST1699,Customer_3142,USA,West,Home & Kitchen,Product_419,2,137.38,274.76,0.2,81.18,Same Day,Cash on Delivery
AMZ103143,2022-05-11 23:00:00,CUST8470,Customer_3143,Canada,Central,Clothing,Product_202,3,137.38,412.14,0.2,121.78,Same Day,Credit Card
AMZ103144,2022-05-12 00:00:00,CUST7297,Customer_3144,USA,South,Books,Product_140,3,137.38,412.14,0.2,121.78,Standard,Credit Card
AMZ103145,2022-05-12 01:00:00,CUST8812,Customer_3145,Canada,Central,Home & Kitchen,Product_146,2,137.38,274.76,0.2,81.18,Same Day,Debit Card
AMZ103146,2022-05-12 02:00:00,CUST5557,Customer_3146,UK,North,Sports,Product_462,4,137.38,549.52,0.2,162.37,Same Day,Net Banking
AMZ103147,2022-05-12 03:00:00,CUST3179,Customer_3147,India,West,Sports,Product_266,2,137.38,274.76,0.2,81.18,Same Day,Cash on Delivery
AMZ103148,2022-05-12 04:00:00,CUST9275,Customer_3148,Australia,North,Home & Kitchen,Product_202,1,137.38,137.38,0.2,40.59,Standard,Credit Card
AMZ103149,2022-05-12 05:00:00,CUST2422,Customer_3149,UK,North,Beauty,Product_402,2,137.38,274.76,0.2,81.18,Express,UPI
AMZ103150,2022-05-12 06:00:00,CUST4180,Customer_3150,Canada,South,Beauty,Product_152,4,137.38,549.52,0.2,162.37,Standard,Debit Card
AMZ103151,2022-05-12 07:00:00,CUST5316,Customer_3151,UK,North,Home & Kitchen,Product_385,2,137.38,274.76,0.2,81.18,Standard,Net Banking
AMZ103152,2022-05-12 08:00:00,CUST7696,Customer_3152,Australia,West,Beauty,Product_222,2,137.38,274.76,0.2,81.18,Same Day,Net Banking
AMZ103153,2022-05-12 09:00:00,CUST1614,Customer_3153,India,Central,Clothing,Product_79,2,137.38,274.76,0.2,81.18,Express,Debit Card
AMZ103154,2022-05-12 10:00:00,CUST5570,Customer_3154,Australia,West,Clothing,Product_200,1,137.38,137.38,0.2,40.59,Same Day,Credit Card
AMZ103155,2022-05-12 11:00:00,CUST1270,Customer_3155,Canada,South,Sports,Product_250,3,137.38,412.14,0.2,121.78,Same Day,Debit Card
AMZ103156,2022-05-12 12:00:00,CUST3468,Customer_3156,Australia,West,Beauty,Product_99,4,137.38,549.52,0.2,162.37,Standard,Net Banking
AMZ103157,2022-05-12 13:00:00,CUST4607,Customer_3157,UK,East,Electronics,Product_466,1,137.38,137.38,0.2,40.59,Standard,Net Banking
AMZ103158,2022-05-12 14:00:00,CUST4075,Customer_3158,USA,Central,Home & Kitchen,Product_489,2,137.38,274.76,0.2,81.18,Standard,UPI
AMZ103159,2022-05-12 15:00:00,CUST1289,Customer_3159,UK,East,Clothing,Product_400,2,137.38,274.76,0.2,81.18,Same Day,UPI
AMZ103160,2022-05-12 16:00:00,CUST9120,Customer_3160,Canada,East,Beauty,Product_213,3,137.38,412.14,0.2,121.78,Express,Net Banking
AMZ103161,2022-05-12 17:00:00,CUST7614,Customer_3161,India,South,Beauty,Product_143,3,137.38,412.14,0.2,121.78,Express,UPI
AMZ103162,2022-05-12 18:00:00,CUST4252,Customer_3162,Australia,North,Clothing,Product_190,3,137.38,412.14,0.2,121.78,Same Day,UPI
AMZ103163,2022-05-12 19:00:00,CUST8415,Customer_3163,India,East,Clothing,Product_389,1,137.38,137.38,0.2,40.59,Express,UPI
AMZ103164,2022-05-12 20:00:00,CUST7771,Customer_3164,Canada,West,Electronics,Product_301,4,137.38,549.52,0.2,162.37,Same Day,Net Banking
AMZ103165,2022-05-12 21:00:00,CUST1278,Customer_3165,Australia,North,Beauty,Product_374,3,137.38,412.14,0.2,121.78,Express,Credit Card
AMZ103166,2022-05-12 22:00:00,CUST1580,Customer_3166,UK,West,Beauty,Product_52,2,137.38,274.76,0.2,81.18,Same Day,Credit Card
AMZ103167,2022-05-12 23:00:00,CUST5958,Customer_3167,UK,West,Books,Product_455,4,137.38,549.52,0.2,162.37,Express,Cash on Delivery
AMZ103168,2022-05-13 00:00:00,CUST9445,Customer_3168,Canada,North,Sports,Product_112,2,137.38,274.76,0.2,81.18,Standard,UPI
AMZ103169,2022-05-13 01:00:00,CUST5276,Customer_3169,Australia,North,Electronics,Product_135,2,137.38,274.76,0.2,81.18,Standard,Credit Card
AMZ103170,2022-05-13 02:00:00,CUST8997,Customer_3170,UK,West,Clothing,Product_411,4,137.38,549.52,0.2,162.37,Standard,Cash on Delivery
AMZ103171,2022-05-13 03:00:00,CUST5776,Customer_3171,Canada,South,Clothing,Product_473,1,137.38,137.38,0.2,40.59,Standard,Debit Card
AMZ103172,2022-05-13 04:00:00,CUST1824,Customer_3172,Canada,Central,Home & Kitchen,Product_470,4,137.38,549.52,0.2,162.37,Same Day,UPI
AMZ103173,2022-05-13 05:00:00,CUST4832,Customer_3173,India,Central,Sports,Product_112,3,137.38,412.14,0.2,121.78,Express,Credit Card
AMZ103174,2022-05-13 06:00:00,CUST9891,Customer_3174,UK,South,Clothing,Product_13,4,137.38,549.52,0.2,162.37,Same Day,Credit Card
AMZ103175,2022-05-13 07:00:00,CUST6445,Customer_3175,Australia,North,Beauty,Product_273,3,137.38,412.14,0.2,121.78,Standard,Credit Card
AMZ103176,2022-05-13 08:00:00,CUST2380,Customer_3176,UK,West,Clothing,Product_233,3,137.38,412.14,0.2,121.78,Express,Cash on Delivery
AMZ103177,2022-05-13 09:00:00,CUST7534,Customer_3177,UK,Central,Beauty,Product_44,4,137.38,549.52,0.2,162.37,Same Day,Debit Card
AMZ103178,2022-05-13 10:00:00,CUST4156,Customer_3178,UK,West,Beauty,Product_397,4,137.38,549.52,0.2,162.37,Standard,UPI
AMZ103179,2022-05-13 11:00:00,CUST5307,Customer_3179,Canada,South,Electronics,Product_474,3,137.38,412.14,0.2,121.78,Express,Credit Card
AMZ103180,2022-05-13 12:00:00,CUST6634,Customer_3180,USA,West,Clothing,Product_73,2,137.38,274.76,0.2,81.18,Express,Net Banking
AMZ103181,2022-05-13 13:00:00,CUST9575,Customer_3181,USA,South,Electronics,Product_261,4,137.38,549.52,0.2,162.37,Standard,UPI
AMZ103182,2022-05-13 14:00:00,CUST6810,Customer_3182,India,North,Sports,Product_231,1,137.38,137.38,0.2,40.59,Standard,Net Banking
AMZ103183,2022-05-13 15:00:00,CUST9533,Customer_3183,UK,South,Beauty,Product_33,3,137.38,412.14,0.2,121.78,Express,Cash on Delivery
AMZ103184,2022-05-13 16:00:00,CUST6934,Customer_3184,USA,South,Sports,Product_388,2,137.38,274.76,0.2,81.18,Standard,Credit Card
AMZ103185,2022-05-13 17:00:00,CUST4109,Customer_3185,India,Central,Clothing,Product_476,4,137.38,549.52,0.2,162.37,Same Day,UPI
AMZ103186,2022-05-13 18:00:00,CUST5082,Customer_3186,Canada,West,Sports,Product_410,4,137.38,549.52,0.2,162.37,Standard,UPI
AMZ103187,2022-05-13 19:00:00,CUST4240,Customer_3187,UK,Central,Sports,Product_68,2,137.38,274.76,0.2,81.18,Standard,Credit Card
AMZ103188,2022-05-13 20:00:00,CUST7028,Customer_3188,Australia,East,Clothing,Product_16,1,137.38,137.38,0.2,40.59,Standard,Debit Card
AMZ103189,2022-05-13 21:00:00,CUST2849,Customer_3189,Canada,South,Electronics,Product_485,3,137.38,412.14,0.2,121.78,Express,Cash on Delivery
AMZ103190,2022-05-13 22:00:00,CUST9497,Customer_3190,India,East,Electronics,Product_150,4,137.38,549.52,0.2,162.37,Express,Credit Card
AMZ103191,2022-05-13 23:00:00,CUST3749,Customer_3191,Canada,Central,Beauty,Product_292,1,137.38,137.38,0.2,40.59,Standard,UPI
AMZ103192,2022-05-14 00:00:00,CUST7680,Customer_3192,Australia,West,Beauty,Product_102,3,137.38,412.14,0.2,121.78,Express,Debit Card
AMZ103193,2022-05-14 01:00:00,CUST1205,Customer_3193,Canada,Central,Clothing,Product_186,1,137.38,137.38,0.2,40.59,Standard,UPI
AMZ103194,2022-05-14 02:00:00,CUST8352,Customer_3194,India,West,Clothing,Product_439,3,137.38,412.14,0.2,121.78,Same Day,Net Banking
AMZ103195,2022-05-14 03:00:00,CUST5591,Customer_3195,Australia,West,Books,Product_419,3,137.38,412.14,0.2,121.78,Express,UPI
AMZ103196,2022-05-14 04:00:00,CUST4450,Customer_3196,Australia,North,Books,Product_25,1,137.38,137.38,0.2,40.59,Standard,Cash on Delivery
AMZ103197,2022-05-14 05:00:00,CUST8214,Customer_3197,Canada,South,Home & Kitchen,Product_72,3,137.38,412.14,0.2,121.78,Express,Credit Card
AMZ103198,2022-05-14 06:00:00,CUST4811,Customer_3198,Australia,Central,Beauty,Product_81,4,137.38,549.52,0.2,162.37,Same Day,UPI
AMZ103199,2022-05-14 07:00:00,CUST6141,Customer_3199,Canada,West,Sports,Product_61,4,137.38,549.52,0.2,162.37,Same Day,Net Banking
AMZ103200,2022-05-14 08:00:00,CUST9501,Customer_3200,UK,Central,Home & Kitchen,Product_18,1,137.38,137.38,0.2,40.59,Standard,Net Banking
AMZ103201,2022-05-14 09:00:00,CUST3708,Customer_3201,Australia,Central,Home & Kitchen,Product_242,1,137.38,137.38,0.2,40.59,Express,Credit Card
AMZ103202,2022-05-14 10:00:00,CUST2991,Customer_3202,Canada,West,Electronics,Product_58,3,137.38,412.14,0.2,121.78,Same Day,Net Banking
AMZ103203,2022-05-14 11:00:00,CUST9463,Customer_3203,UK,East,Sports,Product_332,3,137.38,412.14,0.2,121.78,Express,Credit Card
AMZ103204,2022-05-14 12:00:00,CUST4273,Customer_3204,Australia,South,Electronics,Product_377,1,137.38,137.38,0.2,40.59,Standard,Cash on Delivery
AMZ103205,2022-05-14 13:00:00,CUST5538,Customer_3205,UK,South,Books,Product_57,2,137.38,274.76,0.2,81.18,Same Day,Credit Card
AMZ103206,2022-05-14 14:00:00,CUST9712,Customer_3206,Australia,North,Home & Kitchen,Product_97,1,137.38,137.38,0.2,40.59,Same Day,Debit Card
AMZ103207,2022-05-14 15:00:00,CUST4722,Customer_3207,India,North,Books,Product_215,2,137.38,274.76,0.2,81.18,Express,Net Banking
AMZ103208,2022-05-14 16:00:00,CUST4551,Customer_3208,India,North,Sports,Product_319,2,137.38,274.76,0.2,81.18,Same Day,Net Banking
AMZ103209,2022-05-14 17:00:00,CUST3832,Customer_3209,Canada,South,Sports,Product_12,1,137.38,137.38,0.2,40.59,Standard,UPI
AMZ103210,2022-05-14 18:00:00,CUST6679,Customer_3210,USA,East,Beauty,Product_11,1,137.38,137.38,0.2,40.59,Standard,Debit Card
AMZ103211,2022-05-14 19:00:00,CUST7579,Customer_3211,India,South,Clothing,Product_397,1,137.38,137.38,0.2,40.59,Same Day,UPI
AMZ103212,2022-05-14 20:00:00,CUST1152,Customer_3212,USA,South,Electronics,Product_163,2,137.38,274.76,0.2,81.18,Standard,Credit Card
AMZ103213,2022-05-14 21:00:00,CUST6754,Customer_3213,UK,South,Beauty,Product_283,4,137.38,549.52,0.2,162.37,Same Day,Cash on Delivery
AMZ103214,2022-05-14 22:00:00,CUST3800,Customer_3214,UK,South,Beauty,Product_217,4,137.38,549.52,0.2,162.37,Same Day,Net Banking
AMZ103215,2022-05-14 23:00:00,CUST6310,Customer_3215,USA,East,Electronics,Product_360,1,137.38,137.38,0.2,40.59,Same Day,Cash on Delivery
AMZ103216,2022-05-15 00:00:00,CUST3610,Customer_3216,Canada,North,Electronics,Product_323,1,137.38,137.38,0.2,40.59,Same Day,Credit Card
AMZ103217,2022-05-15 01:00:00,CUST2104,Customer_3217,Australia,Central,Sports,Product_241,3,137.38,412.14,0.2,121.78,Express,Credit Card
AMZ103218,2022-05-15 02:00:00,CUST8361,Customer_3218,USA,North,Sports,Product_345,3,137.38,412.14,0.2,121.78,Same Day,Debit Card
AMZ103219,2022-05-15 03:00:00,CUST5199,Customer_3219,USA,North,Home & Kitchen,Product_45,3,137.38,412.14,0.2,121.78,Standard,UPI
AMZ103220,2022-05-15 04:00:00,CUST4854,Customer_3220,USA,Central,Books,Product_458,1,137.38,137.38,0.2,40.59,Express,Net Banking
AMZ103221,2022-05-15 05:00:00,CUST8263,Customer_3221,USA,South,Sports,Product_81,4,137.38,549.52,0.2,162.37,Standard,Net Banking
AMZ103222,2022-05-15 06:00:00,CUST2914,Customer_3222,USA,East,Beauty,Product_255,4,137.38,549.52,0.2,162.37,Same Day,Cash on Delivery
AMZ103223,2022-05-15 07:00:00,CUST8365,Customer_3223,Canada,East,Home & Kitchen,Product_67,1,137.38,137.38,0.2,40.59,Standard,Debit Card
AMZ103224,2022-05-15 08:00:00,CUST4072,Customer_3224,India,North,Home & Kitchen,Product_493,1,137.38,137.38,0.2,40.59,Express,Credit Card
AMZ103225,2022-05-15 09:00:00,CUST1406,Customer_3225,Australia,Central,Beauty,Product_406,2,137.38,274.76,0.2,81.18,Standard,Debit Card
AMZ103226,2022-05-15 10:00:00,CUST1166,Customer_3226,India,West,Sports,Product_102,2,137.38,274.76,0.2,81.18,Express,Net Banking
AMZ103227,2022-05-15 11:00:00,CUST1508,Customer_3227,USA,South,Beauty,Product_462,4,137.38,549.52,0.2,162.37,Same Day,UPI
AMZ103228,2022-05-15 12:00:00,CUST2661,Customer_3228,India,North,Clothing,Product_91,3,137.38,412.14,0.2,121.78,Same Day,Cash on Delivery
AMZ103229,2022-05-15 13:00:00,CUST4664,Customer_3229,Canada,East,Sports,Product_42,4,137.38,549.52,0.2,162.37,Standard,Credit Card
AMZ103230,2022-05-15 14:00:00,CUST4489,Customer_3230,UK,Central,Books,Product_276,2,137.38,274.76,0.2,81.18,Standard,Credit Card
AMZ103231,2022-05-15 15:00:00,CUST1680,Customer_3231,India,Central,Beauty,Product_304,4,137.38,549.52,0.2,162.37,Same Day,Credit Card
AMZ103232,2022-05-15 16:00:00,CUST3524,Customer_3232,Australia,North,Sports,Product_274,2,137.38,274.76,0.2,81.18,Same Day,UPI
AMZ103233,2022-05-15 17:00:00,CUST3120,Customer_3233,Canada,West,Electronics,Product_384,2,137.38,274.76,0.2,81.18,Standard,Net Banking
AMZ103234,2022-05-15 18:00:00,CUST6260,Customer_3234,UK,East,Clothing,Product_77,3,137.38,412.14,0.2,121.78,Same Day,Net Banking
AMZ103235,2022-05-15 19:00:00,CUST5357,Customer_3235,Canada,North,Books,Product_234,3,137.38,412.14,0.2,121.78,Express,Debit Card
AMZ103236,2022-05-15 20:00:00,CUST2363,Customer_3236,USA,West,Sports,Product_454,2,137.38,274.76,0.2,81.18,Express,Debit Card
AMZ103237,2022-05-15 21:00:00,CUST3292,Customer_3237,UK,Central,Electronics,Product_202,1,137.38,137.38,0.2,40.59,Standard,Net Banking
AMZ103238,2022-05-15 22:00:00,CUST2538,Customer_3238,Australia,South,Sports,Product_485,3,137.38,412.14,0.2,121.78,Standard,Credit Card
AMZ103239,2022-05-15 23:00:00,CUST4408,Customer_3239,UK,East,Electronics,Product_221,2,137.38,274.76,0.2,81.18,Same Day,UPI
AMZ103240,2022-05-16 00:00:00,CUST8742,Customer_3240,Australia,East,Books,Product_262,1,137.38,137.38,0.2,40.59,Same Day,Net Banking
AMZ103241,2022-05-16 01:00:00,CUST9752,Customer_3241,USA,West,Clothing,Product_39,1,137.38,137.38,0.2,40.59,Express,UPI
AMZ103242,2022-05-16 02:00:00,CUST2903,Customer_3242,Australia,North,Electronics,Product_11,4,137.38,549.52,0.2,162.37,Standard,Cash on Delivery
AMZ103243,2022-05-16 03:00:00,CUST1174,Customer_3243,Canada,Central,Home & Kitchen,Product_112,4,137.38,549.52,0.2,162.37,Standard,Credit Card
AMZ103244,2022-05-16 04:00:00,CUST3230,Customer_3244,India,West,Books,Product_409,3,137.38,412.14,0.2,121.78,Standard,Cash on Delivery
AMZ103245,2022-05-16 05:00:00,CUST5287,Customer_3245,Canada,South,Books,Product_108,1,137.38,137.38,0.2,40.59,Standard,Net Banking
AMZ103246,2022-05-16 06:00:00,CUST5160,Customer_3246,Canada,South,Beauty,Product_492,3,137.38,412.14,0.2,121.78,Express,Debit Card
AMZ103247,2022-05-16 07:00:00,CUST8106,Customer_3247,UK,South,Clothing,Product_94,2,137.38,274.76,0.2,81.18,Express,Net Banking
AMZ103248,2022-05-16 08:00:00,CUST4171,Customer_3248,USA,West,Home & Kitchen,Product_311,3,137.38,412.14,0.2,121.78,Standard,Cash on Delivery
AMZ103249,2022-05-16 09:00:00,CUST2567,Customer_3249,India,Central,Home & Kitchen,Product_84,1,137.38,137.38,0.2,40.59,Express,UPI
AMZ103250,2022-05-16 10:00:00,CUST2151,Customer_3250,Australia,East,Beauty,Product_58,4,137.38,549.52,0.2,162.37,Standard,Net Banking
AMZ103251,2022-05-16 11:00:00,CUST8619,Customer_3251,UK,North,Electronics,Product_293,3,137.38,412.14,0.2,121.78,Express,Debit Card
AMZ103252,2022-05-16 12:00:00,CUST7033,Customer_3252,USA,East,Electronics,Product_16,4,137.38,549.52,0.2,162.37,Same Day,Cash on Delivery
AMZ103253,2022-05-16 13:00:00,CUST9560,Customer_3253,India,Central,Home & Kitchen,Product_479,3,137.38,412.14,0.2,121.78,Express,Net Banking
AMZ103254,2022-05-16 14:00:00,CUST5946,Customer_3254,Canada,East,Clothing,Product_477,2,137.38,274.76,0.2,81.18,Standard,Cash on Delivery
AMZ103255,2022-05-16 15:00:00,CUST9234,Customer_3255,USA,West,Electronics,Product_326,1,137.38,137.38,0.2,40.59,Same Day,Cash on Delivery
AMZ103256,2022-05-16 16:00:00,CUST2907,Customer_3256,USA,South,Books,Product_93,3,137.38,412.14,0.2,121.78,Standard,Credit Card
AMZ103257,2022-05-16 17:00:00,CUST4490,Customer_3257,USA,Central,Sports,Product_480,2,137.38,274.76,0.2,81.18,Same Day,UPI
AMZ103258,2022-05-16 18:00:00,CUST3535,Customer_3258,Canada,Central,Beauty,Product_457,2,137.38,274.76,0.2,81.18,Same Day,Credit Card
AMZ103259,2022-05-16 19:00:00,CUST5173,Customer_3259,Australia,East,Clothing,Product_165,2,137.38,274.76,0.2,81.18,Express,Cash on Delivery
AMZ103260,2022-05-16 20:00:00,CUST2293,Customer_3260,UK,West,Electronics,Product_437,4,137.38,549.52,0.2,162.37,Express,Debit Card
AMZ103261,2022-05-16 21:00:00,CUST5769,Customer_3261,Australia,East,Sports,Product_215,4,137.38,549.52,0.2,162.37,Same Day,Debit Card
AMZ103262,2022-05-16 22:00:00,CUST5796,Customer_3262,India,East,Home & Kitchen,Product_144,2,137.38,274.76,0.2,81.18,Same Day,Credit Card
AMZ103263,2022-05-16 23:00:00,CUST7871,Customer_3263,UK,Central,Beauty,Product_274,2,137.38,274.76,0.2,81.18,Same Day,Debit Card
AMZ103264,2022-05-17 00:00:00,CUST3972,Customer_3264,India,East,Electronics,Product_403,3,137.38,412.14,0.2,121.78,Standard,Cash on Delivery
AMZ103265,2022-05-17 01:00:00,CUST4922,Customer_3265,Canada,South,Home & Kitchen,Product_428,3,137.38,412.14,0.2,121.78,Express,Net Banking
AMZ103266,2022-05-17 02:00:00,CUST5997,Customer_3266,Australia,East,Electronics,Product_386,1,137.38,137.38,0.2,40.59,Standard,Cash on Delivery
AMZ103267,2022-05-17 03:00:00,CUST8032,Customer_3267,USA,South,Beauty,Product_442,3,137.38,412.14,0.2,121.78,Express,Net Banking
AMZ103268,2022-05-17 04:00:00,CUST1992,Customer_3268,UK,Central,Books,Product_138,1,137.38,137.38,0.2,40.59,Standard,Debit Card
AMZ103269,2022-05-17 05:00:00,CUST9112,Customer_3269,USA,West,Books,Product_204,1,137.38,137.38,0.2,40.59,Express,UPI
AMZ103270,2022-05-17 06:00:00,CUST6287,Customer_3270,India,South,Sports,Product_302,1,137.38,137.38,0.2,40.59,Same Day,UPI
AMZ103271,2022-05-17 07:00:00,CUST3240,Customer_3271,USA,West,Home & Kitchen,Product_210,4,137.38,549.52,0.2,162.37,Same Day,Cash on Delivery
AMZ103272,2022-05-17 08:00:00,CUST2476,Customer_3272,USA,West,Books,Product_19,3,137.38,412.14,0.2,121.78,Express,Cash on Delivery
AMZ103273,2022-05-17 09:00:00,CUST7426,Customer_3273,Canada,South,Beauty,Product_294,2,137.38,274.76,0.2,81.18,Same Day,Debit Card
AMZ103274,2022-05-17 10:00:00,CUST1389,Customer_3274,Canada,Central,Home & Kitchen,Product_293,1,137.38,137.38,0.2,40.59,Same Day,UPI
AMZ103275,2022-05-17 11:00:00,CUST1999,Customer_3275,Australia,North,Electronics,Product_475,2,137.38,274.76,0.2,81.18,Standard,UPI
AMZ103276,2022-05-17 12:00:00,CUST2855,Customer_3276,India,West,Clothing,Product_368,1,137.38,137.38,0.2,40.59,Express,Cash on Delivery
AMZ103277,2022-05-17 13:00:00,CUST9125,Customer_3277,Canada,West,Electronics,Product_462,3,137.38,412.14,0.2,121.78,Same Day,UPI
AMZ103278,2022-05-17 14:00:00,CUST9850,Customer_3278,Canada,Central,Beauty,Product_301,1,137.38,137.38,0.2,40.59,Express,Cash on Delivery
AMZ103279,2022-05-17 15:00:00,CUST3763,Customer_3279,Australia,Central,Sports,Product_373,3,137.38,412.14,0.2,121.78,Standard,Credit Card
AMZ103280,2022-05-17 16:00:00,CUST4663,Customer_3280,UK,East,Home & Kitchen,Product_162,2,137.38,274.76,0.2,81.18,Express,UPI
AMZ103281,2022-05-17 17:00:00,CUST5986,Customer_3281,Australia,Central,Electronics,Product_130,3,137.38,412.14,0.2,121.78,Standard,Net Banking
AMZ103282,2022-05-17 18:00:00,CUST2481,Customer_3282,USA,West,Home & Kitchen,Product_44,2,137.38,274.76,0.2,81.18,Standard,Debit Card
AMZ103283,2022-05-17 19:00:00,CUST8256,Customer_3283,USA,South,Books,Product_353,3,137.38,412.14,0.2,121.78,Standard,Cash on Delivery
AMZ103284,2022-05-17 20:00:00,CUST4731,Customer_3284,Canada,North,Clothing,Product_83,1,137.38,137.38,0.2,40.59,Same Day,UPI
AMZ103285,2022-05-17 21:00:00,CUST8262,Customer_3285,Canada,East,Beauty,Product_380,1,137.38,137.38,0.2,40.59,Standard,UPI
AMZ103286,2022-05-17 22:00:00,CUST1451,Customer_3286,Australia,South,Electronics,Product_124,3,137.38,412.14,0.2,121.78,Express,Cash on Delivery
AMZ103287,2022-05-17 23:00:00,CUST4093,Customer_3287,Australia,North,Clothing,Product_27,2,137.38,274.76,0.2,81.18,Express,Net Banking
AMZ103288,2022-05-18 00:00:00,CUST1882,Customer_3288,India,North,Beauty,Product_304,2,137.38,274.76,0.2,81.18,Same Day,UPI
AMZ103289,2022-05-18 01:00:00,CUST5408,Customer_3289,USA,North,Beauty,Product_350,2,137.38,274.76,0.2,81.18,Same Day,Credit Card
AMZ103290,2022-05-18 02:00:00,CUST5068,Customer_3290,Australia,South,Sports,Product_7,3,137.38,412.14,0.2,121.78,Standard,Debit Card
AMZ103291,2022-05-18 03:00:00,CUST4277,Customer_3291,UK,East,Books,Product_411,3,137.38,412.14,0.2,121.78,Standard,Cash on Delivery
AMZ103292,2022-05-18 04:00:00,CUST9566,Customer_3292,India,East,Sports,Product_341,3,137.38,412.14,0.2,121.78,Standard,UPI
AMZ103293,2022-05-18 05:00:00,CUST8951,Customer_3293,Australia,North,Sports,Product_199,3,137.38,412.14,0.2,121.78,Same Day,Debit Card
AMZ103294,2022-05-18 06:00:00,CUST5690,Customer_3294,Canada,South,Home & Kitchen,Product_112,2,137.38,274.76,0.2,81.18,Same Day,Cash on Delivery
AMZ103295,2022-05-18 07:00:00,CUST5595,Customer_3295,Australia,North,Home & Kitchen,Product_89,2,137.38,274.76,0.2,81.18,Express,Cash on Delivery
AMZ103296,2022-05-18 08:00:00,CUST5559,Customer_3296,Canada,Central,Clothing,Product_128,4,137.38,549.52,0.2,162.37,Standard,Cash on Delivery
AMZ103297,2022-05-18 09:00:00,CUST8291,Customer_3297,Canada,East,Books,Product_230,3,137.38,412.14,0.2,121.78,Standard,Net Banking
AMZ103298,2022-05-18 10:00:00,CUST9160,Customer_3298,USA,West,Beauty,Product_18,4,137.38,549.52,0.2,162.37,Express,Credit Card
AMZ103299,2022-05-18 11:00:00,CUST1112,Customer_3299,USA,North,Books,Product_289,3,137.38,412.14,0.2,121.78,Express,Cash on Delivery
AMZ103300,2022-05-18 12:00:00,CUST6131,Customer_3300,Australia,Central,Books,Product_161,4,137.38,549.52,0.2,162.37,Express,Net Banking
AMZ103301,2022-05-18 13:00:00,CUST4197,Customer_3301,Australia,East,Clothing,Product_352,2,137.38,274.76,0.2,81.18,Express,Cash on Delivery
AMZ103302,2022-05-18 14:00:00,CUST1139,Customer_3302,UK,South,Home & Kitchen,Product_378,2,137.38,274.76,0.2,81.18,Standard,Cash on Delivery
AMZ103303,2022-05-18 15:00:00,CUST2424,Customer_3303,India,East,Books,Product_281,4,137.38,549.52,0.2,162.37,Same Day,Net Banking
AMZ103304,2022-05-18 16:00:00,CUST3949,Customer_3304,India,South,Books,Product_398,1,137.38,137.38,0.2,40.59,Standard,Credit Card
AMZ103305,2022-05-18 17:00:00,CUST4168,Customer_3305,Australia,South,Books,Product_422,3,137.38,412.14,0.2,121.78,Express,Debit Card
AMZ103306,2022-05-18 18:00:00,CUST9708,Customer_3306,USA,North,Electronics,Product_166,4,137.38,549.52,0.2,162.37,Same Day,UPI
AMZ103307,2022-05-18 19:00:00,CUST7043,Customer_3307,UK,North,Books,Product_260,4,137.38,549.52,0.2,162.37,Standard,Cash on Delivery
AMZ103308,2022-05-18 20:00:00,CUST7989,Customer_3308,India,East,Books,Product_364,1,137.38,137.38,0.2,40.59,Express,Credit Card
AMZ103309,2022-05-18 21:00:00,CUST8236,Customer_3309,Australia,Central,Beauty,Product_190,2,137.38,274.76,0.2,81.18,Same Day,UPI
AMZ103310,2022-05-18 22:00:00,CUST7261,Customer_3310,USA,East,Sports,Product_338,4,137.38,549.52,0.2,162.37,Same Day,Cash on Delivery
AMZ103311,2022-05-18 23:00:00,CUST1887,Customer_3311,USA,West,Electronics,Product_266,2,137.38,274.76,0.2,81.18,Same Day,UPI
AMZ103312,2022-05-19 00:00:00,CUST4104,Customer_3312,USA,South,Books,Product_291,3,137.38,412.14,0.2,121.78,Standard,Net Banking
AMZ103313,2022-05-19 01:00:00,CUST1049,Customer_3313,Canada,South,Sports,Product_355,1,137.38,137.38,0.2,40.59,Express,Credit Card
AMZ103314,2022-05-19 02:00:00,CUST4951,Customer_3314,USA,North,Books,Product_360,2,137.38,274.76,0.2,81.18,Standard,Credit Card
AMZ103315,2022-05-19 03:00:00,CUST4560,Customer_3315,Australia,Central,Clothing,Product_279,4,137.38,549.52,0.2,162.37,Standard,Debit Card
AMZ103316,2022-05-19 04:00:00,CUST1018,Customer_3316,UK,North,Clothing,Product_217,1,137.38,137.38,0.2,40.59,Standard,Debit Card
AMZ103317,2022-05-19 05:00:00,CUST5821,Customer_3317,Australia,West,Sports,Product_321,1,137.38,137.38,0.2,40.59,Same Day,UPI
AMZ103318,2022-05-19 06:00:00,CUST7340,Customer_3318,USA,East,Electronics,Product_338,1,137.38,137.38,0.2,40.59,Express,Net Banking
AMZ103319,2022-05-19 07:00:00,CUST9058,Customer_3319,UK,East,Beauty,Product_207,1,137.38,137.38,0.2,40.59,Standard,UPI
AMZ103320,2022-05-19 08:00:00,CUST3606,Customer_3320,India,Central,Electronics,Product_153,1,137.38,137.38,0.2,40.59,Express,Cash on Delivery
AMZ103321,2022-05-19 09:00:00,CUST8846,Customer_3321,India,North,Electronics,Product_480,3,137.38,412.14,0.2,121.78,Same Day,Credit Card
AMZ103322,2022-05-19 10:00:00,CUST9643,Customer_3322,Australia,North,Clothing,Product_181,3,137.38,412.14,0.2,121.78,Standard,UPI
AMZ103323,2022-05-19 11:00:00,CUST7432,Customer_3323,UK,West,Clothing,Product_212,1,137.38,137.38,0.2,40.59,Express,UPI
AMZ103324,2022-05-19 12:00:00,CUST4765,Customer_3324,Australia,East,Beauty,Product_273,4,137.38,549.52,0.2,162.37,Same Day,Credit Card
AMZ103325,2022-05-19 13:00:00,CUST3438,Customer_3325,UK,North,Books,Product_441,4,137.38,549.52,0.2,162.37,Standard,Credit Card
AMZ103326,2022-05-19 14:00:00,CUST7358,Customer_3326,UK,Central,Beauty,Product_203,3,137.38,412.14,0.2,121.78,Standard,Debit Card
AMZ103327,2022-05-19 15:00:00,CUST9319,Customer_3327,Australia,East,Books,Product_205,2,137.38,274.76,0.2,81.18,Express,Debit Card
AMZ103328,2022-05-19 16:00:00,CUST6941,Customer_3328,UK,West,Sports,Product_473,1,137.38,137.38,0.2,40.59,Express,Credit Card
AMZ103329,2022-05-19 17:00:00,CUST8644,Customer_3329,USA,Central,Sports,Product_404,4,137.38,549.52,0.2,162.37,Standard,UPI
AMZ103330,2022-05-19 18:00:00,CUST5855,Customer_3330,UK,South,Home & Kitchen,Product_384,3,137.38,412.14,0.2,121.78,Standard,Cash on Delivery
AMZ103331,2022-05-19 19:00:00,CUST7547,Customer_3331,UK,West,Clothing,Product_153,3,137.38,412.14,0.2,121.78,Same Day,UPI
AMZ103332,2022-05-19 20:00:00,CUST8196,Customer_3332,Australia,Central,Home & Kitchen,Product_170,2,137.38,274.76,0.2,81.18,Same Day,Cash on Delivery
AMZ103333,2022-05-19 21:00:00,CUST6911,Customer_3333,India,North,Home & Kitchen,Product_429,2,137.38,274.76,0.2,81.18,Standard,Credit Card
AMZ103334,2022-05-19 22:00:00,CUST7481,Customer_3334,Canada,South,Clothing,Product_241,4,137.38,549.52,0.2,162.37,Express,Cash on Delivery
AMZ103335,2022-05-19 23:00:00,CUST3761,Customer_3335,UK,West,Home & Kitchen,Product_287,2,137.38,274.76,0.2,81.18,Express,Debit Card
AMZ103336,2022-05-20 00:00:00,CUST5456,Customer_3336,Canada,North,Electronics,Product_245,2,137.38,274.76,0.2,81.18,Standard,Credit Card
AMZ103337,2022-05-20 01:00:00,CUST7361,Customer_3337,UK,South,Books,Product_321,1,137.38,137.38,0.2,40.59,Same Day,Net Banking
AMZ103338,2022-05-20 02:00:00,CUST6693,Customer_3338,Australia,East,Beauty,Product_436,3,137.38,412.14,0.2,121.78,Standard,Cash on Delivery
AMZ103339,2022-05-20 03:00:00,CUST6788,Customer_3339,Australia,North,Clothing,Product_80,3,137.38,412.14,0.2,121.78,Express,Cash on Delivery
AMZ103340,2022-05-20 04:00:00,CUST1201,Customer_3340,UK,Central,Electronics,Product_496,2,137.38,274.76,0.2,81.18,Standard,Net Banking
AMZ103341,2022-05-20 05:00:00,CUST7160,Customer_3341,Australia,West,Sports,Product_92,3,137.38,412.14,0.2,121.78,Standard,Net Banking
AMZ103342,2022-05-20 06:00:00,CUST1517,Customer_3342,Australia,South,Beauty,Product_149,3,137.38,412.14,0.2,121.78,Same Day,Credit Card
AMZ103343,2022-05-20 07:00:00,CUST8737,Customer_3343,UK,North,Beauty,Product_30,4,137.38,549.52,0.2,162.37,Express,UPI
AMZ103344,2022-05-20 08:00:00,CUST2988,Customer_3344,India,East,Beauty,Product_123,3,137.38,412.14,0.2,121.78,Express,Net Banking
AMZ103345,2022-05-20 09:00:00,CUST4802,Customer_3345,UK,West,Home & Kitchen,Product_387,2,137.38,274.76,0.2,81.18,Standard,Cash on Delivery
AMZ103346,2022-05-20 10:00:00,CUST6808,Customer_3346,India,West,Home & Kitchen,Product_482,4,137.38,549.52,0.2,162.37,Express,Net Banking
AMZ103347,2022-05-20 11:00:00,CUST8162,Customer_3347,Australia,North,Home & Kitchen,Product_326,3,137.38,412.14,0.2,121.78,Express,Credit Card
AMZ103348,2022-05-20 12:00:00,CUST7241,Customer_3348,India,East,Home & Kitchen,Product_427,3,137.38,412.14,0.2,121.78,Express,Credit Card
AMZ103349,2022-05-20 13:00:00,CUST9399,Customer_3349,Australia,South,Electronics,Product_29,4,137.38,549.52,0.2,162.37,Express,Cash on Delivery
AMZ103350,2022-05-20 14:00:00,CUST6633,Customer_3350,India,North,Home & Kitchen,Product_259,4,137.38,549.52,0.2,162.37,Same Day,Cash on Delivery
AMZ103351,2022-05-20 15:00:00,CUST6755,Customer_3351,India,South,Clothing,Product_186,3,137.38,412.14,0.2,121.78,Same Day,Cash on Delivery
AMZ103352,2022-05-20 16:00:00,CUST7309,Customer_3352,UK,West,Beauty,Product_417,1,137.38,137.38,0.2,40.59,Same Day,UPI
AMZ103353,2022-05-20 17:00:00,CUST5117,Customer_3353,India,South,Electronics,Product_75,1,137.38,137.38,0.2,40.59,Same Day,Cash on Delivery
AMZ103354,2022-05-20 18:00:00,CUST9345,Customer_3354,Australia,East,Sports,Product_45,3,137.38,412.14,0.2,121.78,Same Day,Credit Card
AMZ103355,2022-05-20 19:00:00,CUST2518,Customer_3355,UK,Central,Home & Kitchen,Product_69,3,137.38,412.14,0.2,121.78,Express,Credit Card
AMZ103356,2022-05-20 20:00:00,CUST7163,Customer_3356,India,East,Sports,Product_498,4,137.38,549.52,0.2,162.37,Standard,Net Banking
AMZ103357,2022-05-20 21:00:00,CUST3600,Customer_3357,UK,South,Beauty,Product_416,4,137.38,549.52,0.2,162.37,Standard,Cash on Delivery
AMZ103358,2022-05-20 22:00:00,CUST3195,Customer_3358,Canada,North,Electronics,Product_367,3,137.38,412.14,0.2,121.78,Same Day,UPI
AMZ103359,2022-05-20 23:00:00,CUST4554,Customer_3359,UK,West,Beauty,Product_210,3,137.38,412.14,0.2,121.78,Express,Debit Card
AMZ103360,2022-05-21 00:00:00,CUST3849,Customer_3360,Canada,Central,Sports,Product_239,3,137.38,412.14,0.2,121.78,Same Day,Net Banking
AMZ103361,2022-05-21 01:00:00,CUST2742,Customer_3361,Canada,North,Electronics,Product_340,3,137.38,412.14,0.2,121.78,Standard,UPI
AMZ103362,2022-05-21 02:00:00,CUST2306,Customer_3362,UK,North,Books,Product_308,1,137.38,137.38,0.2,40.59,Express,Cash on Delivery
AMZ103363,2022-05-21 03:00:00,CUST4849,Customer_3363,Australia,East,Electronics,Product_192,4,137.38,549.52,0.2,162.37,Express,UPI
AMZ103364,2022-05-21 04:00:00,CUST8519,Customer_3364,Australia,South,Home & Kitchen,Product_372,2,137.38,274.76,0.2,81.18,Express,Debit Card
AMZ103365,2022-05-21 05:00:00,CUST5195,Customer_3365,Australia,East,Sports,Product_103,3,137.38,412.14,0.2,121.78,Standard,UPI
AMZ103366,2022-05-21 06:00:00,CUST6178,Customer_3366,USA,South,Beauty,Product_241,3,137.38,412.14,0.2,121.78,Standard,Debit Card
AMZ103367,2022-05-21 07:00:00,CUST3555,Customer_3367,Canada,East,Beauty,Product_253,3,137.38,412.14,0.2,121.78,Same Day,Debit Card
AMZ103368,2022-05-21 08:00:00,CUST3305,Customer_3368,UK,North,Beauty,Product_424,2,137.38,274.76,0.2,81.18,Same Day,Debit Card
AMZ103369,2022-05-21 09:00:00,CUST8619,Customer_3369,Australia,West,Clothing,Product_220,4,137.38,549.52,0.2,162.37,Standard,UPI
AMZ103370,2022-05-21 10:00:00,CUST3642,Customer_3370,Australia,South,Clothing,Product_397,4,137.38,549.52,0.2,162.37,Same Day,Cash on Delivery
AMZ103371,2022-05-21 11:00:00,CUST7409,Customer_3371,UK,Central,Home & Kitchen,Product_474,3,137.38,412.14,0.2,121.78,Standard,Credit Card
AMZ103372,2022-05-21 12:00:00,CUST5757,Customer_3372,Canada,Central,Books,Product_336,3,137.38,412.14,0.2,121.78,Express,Credit Card
AMZ103373,2022-05-21 13:00:00,CUST3994,Customer_3373,UK,North,Clothing,Product_217,4,137.38,549.52,0.2,162.37,Same Day,UPI
AMZ103374,2022-05-21 14:00:00,CUST9751,Customer_3374,USA,East,Electronics,Product_202,2,137.38,274.76,0.2,81.18,Standard,Cash on Delivery
AMZ103375,2022-05-21 15:00:00,CUST2271,Customer_3375,USA,East,Sports,Product_29,3,137.38,412.14,0.2,121.78,Standard,Credit Card
AMZ103376,2022-05-21 16:00:00,CUST2813,Customer_3376,UK,North,Home & Kitchen,Product_494,2,137.38,274.76,0.2,81.18,Standard,Debit Card
AMZ103377,2022-05-21 17:00:00,CUST9801,Customer_3377,Canada,Central,Books,Product_447,2,137.38,274.76,0.2,81.18,Same Day,UPI
AMZ103378,2022-05-21 18:00:00,CUST3461,Customer_3378,Australia,Central,Electronics,Product_486,4,137.38,549.52,0.2,162.37,Same Day,UPI
AMZ103379,2022-05-21 19:00:00,CUST5120,Customer_3379,USA,East,Beauty,Product_212,3,137.38,412.14,0.2,121.78,Express,Net Banking
AMZ103380,2022-05-21 20:00:00,CUST7124,Customer_3380,USA,South,Clothing,Product_154,1,137.38,137.38,0.2,40.59,Same Day,Net Banking
AMZ103381,2022-05-21 21:00:00,CUST9475,Customer_3381,Canada,West,Electronics,Product_480,4,137.38,549.52,0.2,162.37,Same Day,Net Banking
AMZ103382,2022-05-21 22:00:00,CUST5396,Customer_3382,USA,South,Books,Product_231,4,137.38,549.52,0.2,162.37,Same Day,Cash on Delivery
AMZ103383,2022-05-21 23:00:00,CUST1816,Customer_3383,USA,Central,Home & Kitchen,Product_102,1,137.38,137.38,0.2,40.59,Express,UPI
AMZ103384,2022-05-22 00:00:00,CUST8304,Customer_3384,Canada,South,Electronics,Product_315,3,137.38,412.14,0.2,121.78,Express,Net Banking
AMZ103385,2022-05-22 01:00:00,CUST8331,Customer_3385,UK,West,Home & Kitchen,Product_177,2,137.38,274.76,0.2,81.18,Express,UPI
AMZ103386,2022-05-22 02:00:00,CUST1082,Customer_3386,Australia,South,Beauty,Product_181,2,137.38,274.76,0.2,81.18,Same Day,Debit Card
AMZ103387,2022-05-22 03:00:00,CUST2920,Customer_3387,Australia,South,Books,Product_472,2,137.38,274.76,0.2,81.18,Standard,Net Banking
AMZ103388,2022-05-22 04:00:00,CUST8817,Customer_3388,USA,South,Books,Product_415,3,137.38,412.14,0.2,121.78,Same Day,UPI
AMZ103389,2022-05-22 05:00:00,CUST3093,Customer_3389,Australia,South,Clothing,Product_232,4,137.38,549.52,0.2,162.37,Express,Cash on Delivery
AMZ103390,2022-05-22 06:00:00,CUST8071,Customer_3390,UK,North,Sports,Product_12,4,137.38,549.52,0.2,162.37,Same Day,Cash on Delivery
AMZ103391,2022-05-22 07:00:00,CUST8967,Customer_3391,USA,Central,Books,Product_186,4,137.38,549.52,0.2,162.37,Same Day,Cash on Delivery
AMZ103392,2022-05-22 08:00:00,CUST9367,Customer_3392,Australia,West,Electronics,Product_249,4,137.38,549.52,0.2,162.37,Standard,Net Banking
AMZ103393,2022-05-22 09:00:00,CUST6285,Customer_3393,India,Central,Electronics,Product_420,4,137.38,549.52,0.2,162.37,Standard,Cash on Delivery
AMZ103394,2022-05-22 10:00:00,CUST5937,Customer_3394,India,North,Electronics,Product_266,1,137.38,137.38,0.2,40.59,Same Day,Credit Card
AMZ103395,2022-05-22 11:00:00,CUST1369,Customer_3395,India,North,Beauty,Product_390,2,137.38,274.76,0.2,81.18,Express,Debit Card
AMZ103396,2022-05-22 12:00:00,CUST2818,Customer_3396,India,North,Books,Product_135,2,137.38,274.76,0.2,81.18,Same Day,UPI
AMZ103397,2022-05-22 13:00:00,CUST3101,Customer_3397,India,North,Books,Product_245,3,137.38,412.14,0.2,121.78,Same Day,Credit Card
AMZ103398,2022-05-22 14:00:00,CUST4490,Customer_3398,USA,South,Electronics,Product_31,1,137.38,137.38,0.2,40.59,Same Day,Net Banking
AMZ103399,2022-05-22 15:00:00,CUST2779,Customer_3399,Canada,Central,Clothing,Product_347,4,137.38,549.52,0.2,162.37,Express,UPI
AMZ103400,2022-05-22 16:00:00,CUST8674,Customer_3400,Canada,East,Clothing,Product_456,4,137.38,549.52,0.2,162.37,Express,UPI
AMZ103401,2022-05-22 17:00:00,CUST2364,Customer_3401,USA,West,Books,Product_259,4,137.38,549.52,0.2,162.37,Express,Cash on Delivery
AMZ103402,2022-05-22 18:00:00,CUST8294,Customer_3402,USA,North,Books,Product_104,1,137.38,137.38,0.2,40.59,Express,UPI
AMZ103403,2022-05-22 19:00:00,CUST4676,Customer_3403,UK,Central,Home & Kitchen,Product_431,3,137.38,412.14,0.2,121.78,Express,UPI
AMZ103404,2022-05-22 20:00:00,CUST3426,Customer_3404,Canada,North,Books,Product_382,1,137.38,137.38,0.2,40.59,Same Day,Debit Card
AMZ103405,2022-05-22 21:00:00,CUST9264,Customer_3405,India,North,Electronics,Product_469,3,137.38,412.14,0.2,121.78,Express,Net Banking
AMZ103406,2022-05-22 22:00:00,CUST9089,Customer_3406,USA,North,Sports,Product_1,2,137.38,274.76,0.2,81.18,Same Day,Credit Card
AMZ103407,2022-05-22 23:00:00,CUST3962,Customer_3407,India,North,Beauty,Product_429,3,137.38,412.14,0.2,121.78,Same Day,Cash on Delivery
AMZ103408,2022-05-23 00:00:00,CUST1859,Customer_3408,Canada,North,Books,Product_438,2,137.38,274.76,0.2,81.18,Same Day,Debit Card
AMZ103409,2022-05-23 01:00:00,CUST5138,Customer_3409,Australia,West,Books,Product_434,3,137.38,412.14,0.2,121.78,Standard,Credit Card
AMZ103410,2022-05-23 02:00:00,CUST3424,Customer_3410,Australia,Central,Electronics,Product_207,2,137.38,274.76,0.2,81.18,Express,Credit Card
AMZ103411,2022-05-23 03:00:00,CUST5017,Customer_3411,USA,North,Home & Kitchen,Product_135,2,137.38,274.76,0.2,81.18,Express,Debit Card
AMZ103412,2022-05-23 04:00:00,CUST9560,Customer_3412,UK,North,Sports,Product_447,4,137.38,549.52,0.2,162.37,Same Day,Cash on Delivery
AMZ103413,2022-05-23 05:00:00,CUST9342,Customer_3413,India,North,Books,Product_271,3,137.38,412.14,0.2,121.78,Standard,Net Banking
AMZ103414,2022-05-23 06:00:00,CUST2134,Customer_3414,USA,North,Clothing,Product_89,4,137.38,549.52,0.2,162.37,Express,Debit Card
AMZ103415,2022-05-23 07:00:00,CUST6166,Customer_3415,UK,South,Clothing,Product_195,2,137.38,274.76,0.2,81.18,Same Day,Debit Card
AMZ103416,2022-05-23 08:00:00,CUST6119,Customer_3416,India,South,Clothing,Product_414,4,137.38,549.52,0.2,162.37,Standard,Debit Card
AMZ103417,2022-05-23 09:00:00,CUST6694,Customer_3417,Canada,East,Beauty,Product_122,1,137.38,137.38,0.2,40.59,Same Day,Cash on Delivery
AMZ103418,2022-05-23 10:00:00,CUST7136,Customer_3418,Australia,North,Beauty,Product_462,4,137.38,549.52,0.2,162.37,Standard,Debit Card
AMZ103419,2022-05-23 11:00:00,CUST6485,Customer_3419,UK,East,Sports,Product_116,3,137.38,412.14,0.2,121.78,Same Day,Debit Card
AMZ103420,2022-05-23 12:00:00,CUST5164,Customer_3420,India,West,Books,Product_196,4,137.38,549.52,0.2,162.37,Express,UPI
AMZ103421,2022-05-23 13:00:00,CUST3346,Customer_3421,USA,East,Books,Product_36,1,137.38,137.38,0.2,40.59,Same Day,UPI
AMZ103422,2022-05-23 14:00:00,CUST6039,Customer_3422,India,Central,Books,Product_67,4,137.38,549.52,0.2,162.37,Same Day,UPI
AMZ103423,2022-05-23 15:00:00,CUST5897,Customer_3423,USA,South,Beauty,Product_133,2,137.38,274.76,0.2,81.18,Standard,UPI
AMZ103424,2022-05-23 16:00:00,CUST9252,Customer_3424,Australia,South,Sports,Product_281,2,137.38,274.76,0.2,81.18,Standard,Debit Card
AMZ103425,2022-05-23 17:00:00,CUST6041,Customer_3425,Australia,North,Books,Product_479,2,137.38,274.76,0.2,81.18,Express,UPI
AMZ103426,2022-05-23 18:00:00,CUST4901,Customer_3426,India,North,Electronics,Product_11,3,137.38,412.14,0.2,121.78,Same Day,Credit Card
AMZ103427,2022-05-23 19:00:00,CUST2337,Customer_3427,India,West,Home & Kitchen,Product_456,4,137.38,549.52,0.2,162.37,Standard,Net Banking
AMZ103428,2022-05-23 20:00:00,CUST2184,Customer_3428,USA,West,Clothing,Product_218,2,137.38,274.76,0.2,81.18,Express,UPI
AMZ103429,2022-05-23 21:00:00,CUST5426,Customer_3429,USA,Central,Clothing,Product_322,4,137.38,549.52,0.2,162.37,Express,Cash on Delivery
AMZ103430,2022-05-23 22:00:00,CUST2551,Customer_3430,UK,North,Electronics,Product_156,1,137.38,137.38,0.2,40.59,Standard,Net Banking
AMZ103431,2022-05-23 23:00:00,CUST2629,Customer_3431,UK,North,Books,Product_240,1,137.38,137.38,0.2,40.59,Standard,Credit Card
AMZ103432,2022-05-24 00:00:00,CUST2526,Customer_3432,UK,West,Sports,Product_60,3,137.38,412.14,0.2,121.78,Same Day,Net Banking
AMZ103433,2022-05-24 01:00:00,CUST2361,Customer_3433,India,West,Sports,Product_138,4,137.38,549.52,0.2,162.37,Express,Net Banking
AMZ103434,2022-05-24 02:00:00,CUST5370,Customer_3434,UK,West,Beauty,Product_50,1,137.38,137.38,0.2,40.59,Standard,Credit Card
AMZ103435,2022-05-24 03:00:00,CUST6283,Customer_3435,India,South,Books,Product_167,3,137.38,412.14,0.2,121.78,Express,UPI
AMZ103436,2022-05-24 04:00:00,CUST8610,Customer_3436,Australia,East,Sports,Product_165,3,137.38,412.14,0.2,121.78,Same Day,Credit Card
AMZ103437,2022-05-24 05:00:00,CUST2993,Customer_3437,Canada,East,Books,Product_319,2,137.38,274.76,0.2,81.18,Standard,Cash on Delivery
AMZ103438,2022-05-24 06:00:00,CUST1869,Customer_3438,Australia,North,Clothing,Product_189,1,137.38,137.38,0.2,40.59,Express,Credit Card
AMZ103439,2022-05-24 07:00:00,CUST2014,Customer_3439,India,South,Clothing,Product_487,4,137.38,549.52,0.2,162.37,Standard,Debit Card
AMZ103440,2022-05-24 08:00:00,CUST1602,Customer_3440,India,West,Beauty,Product_469,1,137.38,137.38,0.2,40.59,Same Day,Debit Card
AMZ103441,2022-05-24 09:00:00,CUST1690,Customer_3441,Canada,North,Clothing,Product_92,1,137.38,137.38,0.2,40.59,Same Day,Net Banking
AMZ103442,2022-05-24 10:00:00,CUST9685,Customer_3442,USA,South,Books,Product_294,4,137.38,549.52,0.2,162.37,Same Day,UPI
AMZ103443,2022-05-24 11:00:00,CUST1489,Customer_3443,USA,Central,Electronics,Product_376,4,137.38,549.52,0.2,162.37,Same Day,UPI
AMZ103444,2022-05-24 12:00:00,CUST7864,Customer_3444,USA,South,Beauty,Product_289,2,137.38,274.76,0.2,81.18,Standard,Debit Card
AMZ103445,2022-05-24 13:00:00,CUST8240,Customer_3445,UK,North,Electronics,Product_75,3,137.38,412.14,0.2,121.78,Standard,Cash on Delivery
AMZ103446,2022-05-24 14:00:00,CUST8786,Customer_3446,USA,East,Books,Product_45,4,137.38,549.52,0.2,162.37,Express,Credit Card
AMZ103447,2022-05-24 15:00:00,CUST9024,Customer_3447,UK,West,Beauty,Product_428,4,137.38,549.52,0.2,162.37,Express,Credit Card
AMZ103448,2022-05-24 16:00:00,CUST1294,Customer_3448,UK,Central,Electronics,Product_385,1,137.38,137.38,0.2,40.59,Standard,Credit Card
AMZ103449,2022-05-24 17:00:00,CUST6488,Customer_3449,USA,South,Beauty,Product_53,4,137.38,549.52,0.2,162.37,Standard,Cash on Delivery
AMZ103450,2022-05-24 18:00:00,CUST5027,Customer_3450,USA,North,Books,Product_175,4,137.38,549.52,0.2,162.37,Express,Cash on Delivery
AMZ103451,2022-05-24 19:00:00,CUST3912,Customer_3451,Canada,North,Sports,Product_161,1,137.38,137.38,0.2,40.59,Standard,Credit Card
AMZ103452,2022-05-24 20:00:00,CUST5744,Customer_3452,Canada,West,Beauty,Product_67,1,137.38,137.38,0.2,40.59,Same Day,Credit Card
AMZ103453,2022-05-24 21:00:00,CUST2873,Customer_3453,UK,North,Sports,Product_474,1,137.38,137.38,0.2,40.59,Same Day,Cash on Delivery
AMZ103454,2022-05-24 22:00:00,CUST4258,Customer_3454,Canada,North,Books,Product_399,2,137.38,274.76,0.2,81.18,Same Day,Credit Card
AMZ103455,2022-05-24 23:00:00,CUST3817,Customer_3455,UK,West,Beauty,Product_361,3,137.38,412.14,0.2,121.78,Express,Cash on Delivery
AMZ103456,2022-05-25 00:00:00,CUST9636,Customer_3456,India,Central,Beauty,Product_270,4,137.38,549.52,0.2,162.37,Standard,Net Banking
AMZ103457,2022-05-25 01:00:00,CUST4641,Customer_3457,UK,East,Sports,Product_407,1,137.38,137.38,0.2,40.59,Express,Debit Card
AMZ103458,2022-05-25 02:00:00,CUST5458,Customer_3458,UK,East,Clothing,Product_124,1,137.38,137.38,0.2,40.59,Express,Debit Card
AMZ103459,2022-05-25 03:00:00,CUST6307,Customer_3459,Canada,South,Sports,Product_182,3,137.38,412.14,0.2,121.78,Standard,Cash on Delivery
AMZ103460,2022-05-25 04:00:00,CUST9933,Customer_3460,India,Central,Sports,Product_376,2,137.38,274.76,0.2,81.18,Express,Credit Card
AMZ103461,2022-05-25 05:00:00,CUST3041,Customer_3461,Australia,South,Sports,Product_392,4,137.38,549.52,0.2,162.37,Same Day,Debit Card
AMZ103462,2022-05-25 06:00:00,CUST1679,Customer_3462,Australia,East,Books,Product_182,2,137.38,274.76,0.2,81.18,Standard,UPI
AMZ103463,2022-05-25 07:00:00,CUST6738,Customer_3463,Australia,West,Home & Kitchen,Product_36,2,137.38,274.76,0.2,81.18,Same Day,Credit Card
AMZ103464,2022-05-25 08:00:00,CUST6668,Customer_3464,India,North,Sports,Product_212,2,137.38,274.76,0.2,81.18,Same Day,Cash on Delivery
AMZ103465,2022-05-25 09:00:00,CUST8697,Customer_3465,USA,East,Beauty,Product_384,1,137.38,137.38,0.2,40.59,Standard,UPI
AMZ103466,2022-05-25 10:00:00,CUST9033,Customer_3466,India,Central,Electronics,Product_436,3,137.38,412.14,0.2,121.78,Same Day,Cash on Delivery
AMZ103467,2022-05-25 11:00:00,CUST1062,Customer_3467,Canada,East,Clothing,Product_134,3,137.38,412.14,0.2,121.78,Same Day,Credit Card
AMZ103468,2022-05-25 12:00:00,CUST8829,Customer_3468,UK,Central,Sports,Product_353,3,137.38,412.14,0.2,121.78,Same Day,Net Banking
AMZ103469,2022-05-25 13:00:00,CUST8352,Customer_3469,UK,Central,Sports,Product_412,2,137.38,274.76,0.2,81.18,Standard,Net Banking
AMZ103470,2022-05-25 14:00:00,CUST7915,Customer_3470,Canada,Central,Clothing,Product_178,4,137.38,549.52,0.2,162.37,Standard,Net Banking
AMZ103471,2022-05-25 15:00:00,CUST9326,Customer_3471,Canada,South,Sports,Product_166,2,137.38,274.76,0.2,81.18,Standard,Credit Card
AMZ103472,2022-05-25 16:00:00,CUST4644,Customer_3472,UK,West,Beauty,Product_414,3,137.38,412.14,0.2,121.78,Express,Credit Card
AMZ103473,2022-05-25 17:00:00,CUST5970,Customer_3473,USA,East,Home & Kitchen,Product_494,1,137.38,137.38,0.2,40.59,Same Day,UPI
AMZ103474,2022-05-25 18:00:00,CUST9003,Customer_3474,USA,West,Sports,Product_491,2,137.38,274.76,0.2,81.18,Express,Credit Card
AMZ103475,2022-05-25 19:00:00,CUST4278,Customer_3475,USA,North,Clothing,Product_337,1,137.38,137.38,0.2,40.59,Express,Credit Card
AMZ103476,2022-05-25 20:00:00,CUST8296,Customer_3476,Canada,East,Sports,Product_329,3,137.38,412.14,0.2,121.78,Same Day,UPI
AMZ103477,2022-05-25 21:00:00,CUST4074,Customer_3477,UK,West,Books,Product_476,2,137.38,274.76,0.2,81.18,Standard,UPI
AMZ103478,2022-05-25 22:00:00,CUST9312,Customer_3478,UK,West,Beauty,Product_438,1,137.38,137.38,0.2,40.59,Express,Cash on Delivery
AMZ103479,2022-05-25 23:00:00,CUST8552,Customer_3479,UK,North,Beauty,Product_327,2,137.38,274.76,0.2,81.18,Standard,Debit Card
AMZ103480,2022-05-26 00:00:00,CUST2637,Customer_3480,India,Central,Home & Kitchen,Product_46,3,137.38,412.14,0.2,121.78,Standard,Debit Card
AMZ103481,2022-05-26 01:00:00,CUST6103,Customer_3481,India,East,Books,Product_156,4,137.38,549.52,0.2,162.37,Same Day,Cash on Delivery
AMZ103482,2022-05-26 02:00:00,CUST1644,Customer_3482,Australia,East,Books,Product_401,3,137.38,412.14,0.2,121.78,Express,Net Banking
AMZ103483,2022-05-26 03:00:00,CUST3032,Customer_3483,India,North,Home & Kitchen,Product_488,4,137.38,549.52,0.2,162.37,Express,Credit Card
AMZ103484,2022-05-26 04:00:00,CUST3761,Customer_3484,USA,Central,Electronics,Product_432,4,137.38,549.52,0.2,162.37,Standard,UPI
AMZ103485,2022-05-26 05:00:00,CUST3068,Customer_3485,USA,East,Sports,Product_428,3,137.38,412.14,0.2,121.78,Same Day,UPI
AMZ103486,2022-05-26 06:00:00,CUST1241,Customer_3486,USA,East,Books,Product_236,1,137.38,137.38,0.2,40.59,Express,Net Banking
AMZ103487,2022-05-26 07:00:00,CUST3668,Customer_3487,USA,East,Electronics,Product_316,2,137.38,274.76,0.2,81.18,Standard,UPI
AMZ103488,2022-05-26 08:00:00,CUST1802,Customer_3488,Australia,Central,Electronics,Product_60,2,137.38,274.76,0.2,81.18,Standard,Net Banking
AMZ103489,2022-05-26 09:00:00,CUST6059,Customer_3489,USA,North,Beauty,Product_5,2,137.38,274.76,0.2,81.18,Standard,Cash on Delivery
AMZ103490,2022-05-26 10:00:00,CUST1195,Customer_3490,Canada,East,Sports,Product_453,4,137.38,549.52,0.2,162.37,Same Day,Net Banking
AMZ103491,2022-05-26 11:00:00,CUST3187,Customer_3491,Canada,West,Beauty,Product_462,4,137.38,549.52,0.2,162.37,Same Day,Debit Card
AMZ103492,2022-05-26 12:00:00,CUST3330,Customer_3492,Canada,Central,Clothing,Product_454,3,137.38,412.14,0.2,121.78,Standard,Net Banking
AMZ103493,2022-05-26 13:00:00,CUST5841,Customer_3493,India,South,Beauty,Product_391,1,137.38,137.38,0.2,40.59,Standard,Cash on Delivery
AMZ103494,2022-05-26 14:00:00,CUST4606,Customer_3494,UK,North,Books,Product_181,3,137.38,412.14,0.2,121.78,Same Day,Net Banking
AMZ103495,2022-05-26 15:00:00,CUST9468,Customer_3495,Australia,West,Books,Product_145,3,137.38,412.14,0.2,121.78,Standard,Cash on Delivery
AMZ103496,2022-05-26 16:00:00,CUST1060,Customer_3496,Canada,East,Sports,Product_315,1,137.38,137.38,0.2,40.59,Standard,Debit Card
AMZ103497,2022-05-26 17:00:00,CUST4927,Customer_3497,Canada,South,Electronics,Product_265,4,137.38,549.52,0.2,162.37,Same Day,Credit Card
AMZ103498,2022-05-26 18:00:00,CUST7296,Customer_3498,USA,North,Books,Product_223,3,137.38,412.14,0.2,121.78,Standard,Cash on Delivery
AMZ103499,2022-05-26 19:00:00,CUST3591,Customer_3499,Canada,Central,Beauty,Product_406,3,137.38,412.14,0.2,121.78,Standard,Credit Card
AMZ103500,2022-05-26 20:00:00,CUST9758,Customer_3500,USA,South,Beauty,Product_301,4,137.38,549.52,0.2,162.37,Standard,Cash on Delivery
AMZ103501,2022-05-26 21:00:00,CUST7121,Customer_3501,USA,South,Sports,Product_457,2,137.38,274.76,0.2,81.18,Same Day,Net Banking
AMZ103502,2022-05-26 22:00:00,CUST2200,Customer_3502,UK,West,Beauty,Product_443,1,137.38,137.38,0.2,40.59,Same Day,Credit Card
AMZ103503,2022-05-26 23:00:00,CUST3854,Customer_3503,India,North,Home & Kitchen,Product_336,1,137.38,137.38,0.2,40.59,Same Day,Cash on Delivery
AMZ103504,2022-05-27 00:00:00,CUST8024,Customer_3504,USA,West,Sports,Product_484,2,137.38,274.76,0.2,81.18,Express,Cash on Delivery
AMZ103505,2022-05-27 01:00:00,CUST7972,Customer_3505,USA,West,Sports,Product_482,1,137.38,137.38,0.2,40.59,Express,Credit Card
AMZ103506,2022-05-27 02:00:00,CUST1136,Customer_3506,UK,East,Books,Product_237,2,137.38,274.76,0.2,81.18,Express,Cash on Delivery
AMZ103507,2022-05-27 03:00:00,CUST2029,Customer_3507,USA,Central,Sports,Product_13,3,137.38,412.14,0.2,121.78,Express,Credit Card
AMZ103508,2022-05-27 04:00:00,CUST3594,Customer_3508,Australia,South,Clothing,Product_339,1,137.38,137.38,0.2,40.59,Same Day,Debit Card
AMZ103509,2022-05-27 05:00:00,CUST8206,Customer_3509,India,North,Books,Product_268,1,137.38,137.38,0.2,40.59,Standard,UPI
AMZ103510,2022-05-27 06:00:00,CUST1661,Customer_3510,Australia,Central,Books,Product_420,3,137.38,412.14,0.2,121.78,Same Day,Debit Card
AMZ103511,2022-05-27 07:00:00,CUST3472,Customer_3511,Canada,Central,Home & Kitchen,Product_266,4,137.38,549.52,0.2,162.37,Express,Credit Card
AMZ103512,2022-05-27 08:00:00,CUST1086,Customer_3512,India,North,Books,Product_16,4,137.38,549.52,0.2,162.37,Same Day,Net Banking
AMZ103513,2022-05-27 09:00:00,CUST7219,Customer_3513,Canada,Central,Electronics,Product_92,3,137.38,412.14,0.2,121.78,Standard,Net Banking
AMZ103514,2022-05-27 10:00:00,CUST9143,Customer_3514,USA,East,Beauty,Product_248,1,137.38,137.38,0.2,40.59,Express,UPI
AMZ103515,2022-05-27 11:00:00,CUST7968,Customer_3515,UK,Central,Beauty,Product_19,1,137.38,137.38,0.2,40.59,Standard,Credit Card
AMZ103516,2022-05-27 12:00:00,CUST3773,Customer_3516,Australia,East,Sports,Product_360,1,137.38,137.38,0.2,40.59,Standard,Cash on Delivery
AMZ103517,2022-05-27 13:00:00,CUST2700,Customer_3517,Canada,South,Home & Kitchen,Product_390,2,137.38,274.76,0.2,81.18,Standard,Debit Card
AMZ103518,2022-05-27 14:00:00,CUST3700,Customer_3518,USA,South,Beauty,Product_388,4,137.38,549.52,0.2,162.37,Express,Debit Card
AMZ103519,2022-05-27 15:00:00,CUST7815,Customer_3519,Australia,West,Electronics,Product_414,1,137.38,137.38,0.2,40.59,Same Day,UPI
AMZ103520,2022-05-27 16:00:00,CUST2647,Customer_3520,Australia,East,Home & Kitchen,Product_103,4,137.38,549.52,0.2,162.37,Express,UPI
AMZ103521,2022-05-27 17:00:00,CUST7038,Customer_3521,Canada,South,Clothing,Product_95,4,137.38,549.52,0.2,162.37,Express,UPI
AMZ103522,2022-05-27 18:00:00,CUST6164,Customer_3522,USA,Central,Beauty,Product_430,1,137.38,137.38,0.2,40.59,Same Day,UPI
AMZ103523,2022-05-27 19:00:00,CUST6520,Customer_3523,UK,North,Books,Product_283,3,137.38,412.14,0.2,121.78,Same Day,UPI
AMZ103524,2022-05-27 20:00:00,CUST4687,Customer_3524,Canada,North,Electronics,Product_429,3,137.38,412.14,0.2,121.78,Same Day,UPI
AMZ103525,2022-05-27 21:00:00,CUST1596,Customer_3525,Australia,East,Electronics,Product_213,4,137.38,549.52,0.2,162.37,Same Day,Cash on Delivery
AMZ103526,2022-05-27 22:00:00,CUST5545,Customer_3526,Australia,West,Beauty,Product_37,2,137.38,274.76,0.2,81.18,Standard,Cash on Delivery
AMZ103527,2022-05-27 23:00:00,CUST9676,Customer_3527,India,Central,Sports,Product_393,4,137.38,549.52,0.2,162.37,Express,Debit Card
AMZ103528,2022-05-28 00:00:00,CUST9837,Customer_3528,USA,East,Clothing,Product_61,4,137.38,549.52,0.2,162.37,Express,Debit Card
AMZ103529,2022-05-28 01:00:00,CUST5757,Customer_3529,India,North,Books,Product_291,3,137.38,412.14,0.2,121.78,Express,UPI
AMZ103530,2022-05-28 02:00:00,CUST5384,Customer_3530,UK,East,Clothing,Product_362,1,137.38,137.38,0.2,40.59,Same Day,Debit Card
AMZ103531,2022-05-28 03:00:00,CUST9912,Customer_3531,Canada,Central,Clothing,Product_303,1,137.38,137.38,0.2,40.59,Express,UPI
AMZ103532,2022-05-28 04:00:00,CUST5733,Customer_3532,Australia,South,Beauty,Product_244,2,137.38,274.76,0.2,81.18,Standard,Cash on Delivery
AMZ103533,2022-05-28 05:00:00,CUST8081,Customer_3533,USA,Central,Books,Product_405,3,137.38,412.14,0.2,121.78,Express,Net Banking
AMZ103534,2022-05-28 06:00:00,CUST9690,Customer_3534,Australia,South,Beauty,Product_401,3,137.38,412.14,0.2,121.78,Express,Cash on Delivery
AMZ103535,2022-05-28 07:00:00,CUST8117,Customer_3535,India,South,Beauty,Product_311,4,137.38,549.52,0.2,162.37,Standard,Credit Card
AMZ103536,2022-05-28 08:00:00,CUST5729,Customer_3536,India,South,Sports,Product_344,3,137.38,412.14,0.2,121.78,Standard,Cash on Delivery
AMZ103537,2022-05-28 09:00:00,CUST2673,Customer_3537,Canada,East,Electronics,Product_351,4,137.38,549.52,0.2,162.37,Express,Credit Card
AMZ103538,2022-05-28 10:00:00,CUST9306,Customer_3538,USA,North,Sports,Product_6,2,137.38,274.76,0.2,81.18,Same Day,Debit Card
AMZ103539,2022-05-28 11:00:00,CUST8178,Customer_3539,USA,East,Sports,Product_377,3,137.38,412.14,0.2,121.78,Same Day,Cash on Delivery
AMZ103540,2022-05-28 12:00:00,CUST3294,Customer_3540,Canada,North,Beauty,Product_419,3,137.38,412.14,0.2,121.78,Express,Net Banking
AMZ103541,2022-05-28 13:00:00,CUST4630,Customer_3541,India,Central,Sports,Product_306,4,137.38,549.52,0.2,162.37,Express,Cash on Delivery
AMZ103542,2022-05-28 14:00:00,CUST1146,Customer_3542,India,West,Sports,Product_165,3,137.38,412.14,0.2,121.78,Express,Cash on Delivery
AMZ103543,2022-05-28 15:00:00,CUST4453,Customer_3543,India,Central,Home & Kitchen,Product_13,1,137.38,137.38,0.2,40.59,Express,Cash on Delivery
AMZ103544,2022-05-28 16:00:00,CUST5507,Customer_3544,Australia,East,Books,Product_25,2,137.38,274.76,0.2,81.18,Same Day,UPI
AMZ103545,2022-05-28 17:00:00,CUST6783,Customer_3545,UK,East,Electronics,Product_224,1,137.38,137.38,0.2,40.59,Express,Cash on Delivery
AMZ103546,2022-05-28 18:00:00,CUST8751,Customer_3546,India,North,Books,Product_123,4,137.38,549.52,0.2,162.37,Standard,Cash on Delivery
AMZ103547,2022-05-28 19:00:00,CUST6628,Customer_3547,UK,East,Electronics,Product_129,4,137.38,549.52,0.2,162.37,Same Day,Net Banking
AMZ103548,2022-05-28 20:00:00,CUST9328,Customer_3548,UK,South,Home & Kitchen,Product_305,4,137.38,549.52,0.2,162.37,Same Day,Credit Card
AMZ103549,2022-05-28 21:00:00,CUST4360,Customer_3549,USA,East,Beauty,Product_122,2,137.38,274.76,0.2,81.18,Standard,Credit Card
AMZ103550,2022-05-28 22:00:00,CUST4005,Customer_3550,Canada,North,Electronics,Product_35,3,137.38,412.14,0.2,121.78,Express,Net Banking
AMZ103551,2022-05-28 23:00:00,CUST4552,Customer_3551,Australia,North,Electronics,Product_83,1,137.38,137.38,0.2,40.59,Express,Debit Card
AMZ103552,2022-05-29 00:00:00,CUST1018,Customer_3552,UK,South,Electronics,Product_309,3,137.38,412.14,0.2,121.78,Express,Cash on Delivery
AMZ103553,2022-05-29 01:00:00,CUST3242,Customer_3553,Australia,North,Home & Kitchen,Product_436,4,137.38,549.52,0.2,162.37,Express,Debit Card
AMZ103554,2022-05-29 02:00:00,CUST7318,Customer_3554,USA,West,Books,Product_182,3,137.38,412.14,0.2,121.78,Express,Net Banking
AMZ103555,2022-05-29 03:00:00,CUST6097,Customer_3555,India,Central,Home & Kitchen,Product_76,2,137.38,274.76,0.2,81.18,Standard,Debit Card
AMZ103556,2022-05-29 04:00:00,CUST9640,Customer_3556,UK,East,Electronics,Product_104,4,137.38,549.52,0.2,162.37,Express,Credit Card
AMZ103557,2022-05-29 05:00:00,CUST2948,Customer_3557,Canada,West,Sports,Product_232,3,137.38,412.14,0.2,121.78,Standard,UPI
AMZ103558,2022-05-29 06:00:00,CUST6618,Customer_3558,USA,East,Electronics,Product_303,1,137.38,137.38,0.2,40.59,Standard,Debit Card
AMZ103559,2022-05-29 07:00:00,CUST5236,Customer_3559,Australia,West,Sports,Product_43,4,137.38,549.52,0.2,162.37,Standard,UPI
AMZ103560,2022-05-29 08:00:00,CUST7901,Customer_3560,India,East,Beauty,Product_404,4,137.38,549.52,0.2,162.37,Express,Debit Card
AMZ103561,2022-05-29 09:00:00,CUST2920,Customer_3561,Australia,South,Home & Kitchen,Product_417,2,137.38,274.76,0.2,81.18,Express,Net Banking
AMZ103562,2022-05-29 10:00:00,CUST5188,Customer_3562,Canada,North,Sports,Product_93,2,137.38,274.76,0.2,81.18,Same Day,UPI
AMZ103563,2022-05-29 11:00:00,CUST1238,Customer_3563,UK,North,Home & Kitchen,Product_144,1,137.38,137.38,0.2,40.59,Same Day,Debit Card
AMZ103564,2022-05-29 12:00:00,CUST1204,Customer_3564,Canada,South,Clothing,Product_254,3,137.38,412.14,0.2,121.78,Standard,Net Banking
AMZ103565,2022-05-29 13:00:00,CUST6552,Customer_3565,Australia,West,Books,Product_78,3,137.38,412.14,0.2,121.78,Same Day,Credit Card
AMZ103566,2022-05-29 14:00:00,CUST5927,Customer_3566,Australia,Central,Clothing,Product_263,4,137.38,549.52,0.2,162.37,Standard,Cash on Delivery
AMZ103567,2022-05-29 15:00:00,CUST5390,Customer_3567,Canada,West,Sports,Product_70,4,137.38,549.52,0.2,162.37,Same Day,Net Banking
AMZ103568,2022-05-29 16:00:00,CUST3687,Customer_3568,Canada,North,Clothing,Product_149,3,137.38,412.14,0.2,121.78,Express,Net Banking
AMZ103569,2022-05-29 17:00:00,CUST5951,Customer_3569,Canada,Central,Books,Product_292,3,137.38,412.14,0.2,121.78,Express,Credit Card
AMZ103570,2022-05-29 18:00:00,CUST7160,Customer_3570,India,East,Sports,Product_214,3,137.38,412.14,0.2,121.78,Standard,UPI
AMZ103571,2022-05-29 19:00:00,CUST6388,Customer_3571,Australia,Central,Beauty,Product_360,4,137.38,549.52,0.2,162.37,Standard,Debit Card
AMZ103572,2022-05-29 20:00:00,CUST6126,Customer_3572,USA,West,Beauty,Product_310,2,137.38,274.76,0.2,81.18,Express,UPI
AMZ103573,2022-05-29 21:00:00,CUST1816,Customer_3573,India,South,Books,Product_147,2,137.38,274.76,0.2,81.18,Express,Net Banking
AMZ103574,2022-05-29 22:00:00,CUST1192,Customer_3574,India,East,Books,Product_25,1,137.38,137.38,0.2,40.59,Express,Debit Card
AMZ103575,2022-05-29 23:00:00,CUST2776,Customer_3575,India,West,Sports,Product_323,3,137.38,412.14,0.2,121.78,Same Day,Cash on Delivery
AMZ103576,2022-05-30 00:00:00,CUST4645,Customer_3576,USA,East,Home & Kitchen,Product_484,3,137.38,412.14,0.2,121.78,Same Day,Cash on Delivery
AMZ103577,2022-05-30 01:00:00,CUST7314,Customer_3577,Canada,Central,Sports,Product_109,3,137.38,412.14,0.2,121.78,Same Day,Debit Card
AMZ103578,2022-05-30 02:00:00,CUST9442,Customer_3578,Australia,North,Home & Kitchen,Product_181,1,137.38,137.38,0.2,40.59,Same Day,Net Banking
AMZ103579,2022-05-30 03:00:00,CUST2788,Customer_3579,UK,West,Home & Kitchen,Product_251,3,137.38,412.14,0.2,121.78,Standard,Credit Card
AMZ103580,2022-05-30 04:00:00,CUST8374,Customer_3580,UK,South,Home & Kitchen,Product_482,2,137.38,274.76,0.2,81.18,Standard,UPI
AMZ103581,2022-05-30 05:00:00,CUST4700,Customer_3581,Australia,Central,Sports,Product_203,3,137.38,412.14,0.2,121.78,Same Day,UPI
AMZ103582,2022-05-30 06:00:00,CUST4893,Customer_3582,USA,West,Electronics,Product_304,1,137.38,137.38,0.2,40.59,Standard,Credit Card
AMZ103583,2022-05-30 07:00:00,CUST7811,Customer_3583,UK,South,Electronics,Product_170,4,137.38,549.52,0.2,162.37,Same Day,Credit Card
AMZ103584,2022-05-30 08:00:00,CUST3679,Customer_3584,India,West,Beauty,Product_175,4,137.38,549.52,0.2,162.37,Same Day,Cash on Delivery
AMZ103585,2022-05-30 09:00:00,CUST4904,Customer_3585,UK,Central,Electronics,Product_347,2,137.38,274.76,0.2,81.18,Express,Credit Card
AMZ103586,2022-05-30 10:00:00,CUST8260,Customer_3586,Australia,West,Electronics,Product_170,2,137.38,274.76,0.2,81.18,Same Day,Debit Card
AMZ103587,2022-05-30 11:00:00,CUST1504,Customer_3587,India,East,Home & Kitchen,Product_2,2,137.38,274.76,0.2,81.18,Standard,Cash on Delivery
AMZ103588,2022-05-30 12:00:00,CUST7773,Customer_3588,UK,Central,Home & Kitchen,Product_134,4,137.38,549.52,0.2,162.37,Same Day,Net Banking
AMZ103589,2022-05-30 13:00:00,CUST4816,Customer_3589,Australia,West,Books,Product_127,3,137.38,412.14,0.2,121.78,Express,Cash on Delivery
AMZ103590,2022-05-30 14:00:00,CUST1717,Customer_3590,USA,North,Home & Kitchen,Product_46,1,137.38,137.38,0.2,40.59,Standard,Cash on Delivery
AMZ103591,2022-05-30 15:00:00,CUST5434,Customer_3591,Australia,West,Sports,Product_194,1,137.38,137.38,0.2,40.59,Express,UPI
AMZ103592,2022-05-30 16:00:00,CUST1658,Customer_3592,USA,East,Books,Product_362,3,137.38,412.14,0.2,121.78,Same Day,Credit Card
AMZ103593,2022-05-30 17:00:00,CUST6057,Customer_3593,India,South,Books,Product_209,4,137.38,549.52,0.2,162.37,Same Day,Debit Card
AMZ103594,2022-05-30 18:00:00,CUST5008,Customer_3594,Australia,South,Electronics,Product_296,4,137.38,549.52,0.2,162.37,Same Day,Credit Card
AMZ103595,2022-05-30 19:00:00,CUST5994,Customer_3595,Canada,South,Home & Kitchen,Product_58,1,137.38,137.38,0.2,40.59,Same Day,UPI
AMZ103596,2022-05-30 20:00:00,CUST5234,Customer_3596,Canada,North,Electronics,Product_496,2,137.38,274.76,0.2,81.18,Standard,Credit Card
AMZ103597,2022-05-30 21:00:00,CUST4764,Customer_3597,Canada,East,Home & Kitchen,Product_78,2,137.38,274.76,0.2,81.18,Same Day,Debit Card
AMZ103598,2022-05-30 22:00:00,CUST5637,Customer_3598,Canada,Central,Electronics,Product_202,1,137.38,137.38,0.2,40.59,Express,Credit Card
AMZ103599,2022-05-30 23:00:00,CUST3104,Customer_3599,Canada,South,Electronics,Product_493,1,137.38,137.38,0.2,40.59,Standard,UPI
AMZ103600,2022-05-31 00:00:00,CUST7801,Customer_3600,USA,East,Electronics,Product_289,3,137.38,412.14,0.2,121.78,Standard,Debit Card
AMZ103601,2022-05-31 01:00:00,CUST9575,Customer_3601,Australia,West,Sports,Product_490,3,137.38,412.14,0.2,121.78,Standard,Credit Card
AMZ103602,2022-05-31 02:00:00,CUST3607,Customer_3602,India,North,Beauty,Product_62,3,137.38,412.14,0.2,121.78,Express,UPI
AMZ103603,2022-05-31 03:00:00,CUST9385,Customer_3603,Canada,East,Electronics,Product_268,3,137.38,412.14,0.2,121.78,Express,UPI
AMZ103604,2022-05-31 04:00:00,CUST4719,Customer_3604,Canada,East,Clothing,Product_126,3,137.38,412.14,0.2,121.78,Express,Cash on Delivery
AMZ103605,2022-05-31 05:00:00,CUST3581,Customer_3605,India,Central,Clothing,Product_480,3,137.38,412.14,0.2,121.78,Express,Debit Card
AMZ103606,2022-05-31 06:00:00,CUST3565,Customer_3606,India,East,Clothing,Product_49,2,137.38,274.76,0.2,81.18,Same Day,Debit Card
AMZ103607,2022-05-31 07:00:00,CUST3763,Customer_3607,Canada,Central,Sports,Product_88,1,137.38,137.38,0.2,40.59,Same Day,Credit Card
AMZ103608,2022-05-31 08:00:00,CUST7328,Customer_3608,USA,North,Books,Product_334,4,137.38,549.52,0.2,162.37,Express,Cash on Delivery
AMZ103609,2022-05-31 09:00:00,CUST6991,Customer_3609,India,North,Electronics,Product_261,3,137.38,412.14,0.2,121.78,Express,Debit Card
AMZ103610,2022-05-31 10:00:00,CUST4406,Customer_3610,Australia,West,Clothing,Product_179,2,137.38,274.76,0.2,81.18,Same Day,UPI
AMZ103611,2022-05-31 11:00:00,CUST9923,Customer_3611,Australia,Central,Sports,Product_69,1,137.38,137.38,0.2,40.59,Same Day,Debit Card
AMZ103612,2022-05-31 12:00:00,CUST5780,Customer_3612,USA,Central,Books,Product_367,1,137.38,137.38,0.2,40.59,Express,Cash on Delivery
AMZ103613,2022-05-31 13:00:00,CUST5177,Customer_3613,UK,South,Clothing,Product_416,1,137.38,137.38,0.2,40.59,Standard,Net Banking
AMZ103614,2022-05-31 14:00:00,CUST7476,Customer_3614,USA,South,Home & Kitchen,Product_493,3,137.38,412.14,0.2,121.78,Standard,UPI
AMZ103615,2022-05-31 15:00:00,CUST3604,Customer_3615,Canada,West,Beauty,Product_433,3,137.38,412.14,0.2,121.78,Express,Debit Card
AMZ103616,2022-05-31 16:00:00,CUST9181,Customer_3616,UK,North,Electronics,Product_481,4,137.38,549.52,0.2,162.37,Standard,UPI
AMZ103617,2022-05-31 17:00:00,CUST3382,Customer_3617,Canada,South,Beauty,Product_60,3,137.38,412.14,0.2,121.78,Same Day,Credit Card
AMZ103618,2022-05-31 18:00:00,CUST1531,Customer_3618,Australia,East,Beauty,Product_302,1,137.38,137.38,0.2,40.59,Standard,UPI
AMZ103619,2022-05-31 19:00:00,CUST7079,Customer_3619,India,North,Home & Kitchen,Product_452,1,137.38,137.38,0.2,40.59,Express,Debit Card
AMZ103620,2022-05-31 20:00:00,CUST1634,Customer_3620,Canada,East,Home & Kitchen,Product_249,2,137.38,274.76,0.2,81.18,Standard,Credit Card
AMZ103621,2022-05-31 21:00:00,CUST1002,Customer_3621,Australia,Central,Home & Kitchen,Product_478,2,137.38,274.76,0.2,81.18,Standard,Credit Card
AMZ103622,2022-05-31 22:00:00,CUST9397,Customer_3622,USA,North,Books,Product_169,4,137.38,549.52,0.2,162.37,Standard,Credit Card
AMZ103623,2022-05-31 23:00:00,CUST6951,Customer_3623,Canada,West,Clothing,Product_465,2,137.38,274.76,0.2,81.18,Same Day,Net Banking
AMZ103624,2022-06-01 00:00:00,CUST6626,Customer_3624,Australia,Central,Electronics,Product_451,4,137.38,549.52,0.2,162.37,Same Day,Net Banking
AMZ103625,2022-06-01 01:00:00,CUST8739,Customer_3625,India,Central,Home & Kitchen,Product_269,2,137.38,274.76,0.2,81.18,Same Day,Credit Card
AMZ103626,2022-06-01 02:00:00,CUST7003,Customer_3626,Canada,East,Sports,Product_364,1,137.38,137.38,0.2,40.59,Express,Debit Card
AMZ103627,2022-06-01 03:00:00,CUST3890,Customer_3627,Australia,Central,Electronics,Product_112,3,137.38,412.14,0.2,121.78,Standard,Credit Card
AMZ103628,2022-06-01 04:00:00,CUST7239,Customer_3628,Canada,South,Electronics,Product_100,3,137.38,412.14,0.2,121.78,Same Day,Credit Card
AMZ103629,2022-06-01 05:00:00,CUST9026,Customer_3629,India,North,Electronics,Product_402,4,137.38,549.52,0.2,162.37,Same Day,UPI
AMZ103630,2022-06-01 06:00:00,CUST4306,Customer_3630,Canada,South,Home & Kitchen,Product_215,3,137.38,412.14,0.2,121.78,Standard,UPI
AMZ103631,2022-06-01 07:00:00,CUST1897,Customer_3631,Canada,East,Home & Kitchen,Product_483,3,137.38,412.14,0.2,121.78,Express,UPI
AMZ103632,2022-06-01 08:00:00,CUST1670,Customer_3632,Australia,East,Clothing,Product_113,2,137.38,274.76,0.2,81.18,Standard,Cash on Delivery
AMZ103633,2022-06-01 09:00:00,CUST8291,Customer_3633,UK,North,Home & Kitchen,Product_97,1,137.38,137.38,0.2,40.59,Express,UPI
AMZ103634,2022-06-01 10:00:00,CUST2505,Customer_3634,Canada,Central,Home & Kitchen,Product_307,3,137.38,412.14,0.2,121.78,Standard,UPI
AMZ103635,2022-06-01 11:00:00,CUST7460,Customer_3635,UK,West,Electronics,Product_118,1,137.38,137.38,0.2,40.59,Same Day,Debit Card
AMZ103636,2022-06-01 12:00:00,CUST6167,Customer_3636,USA,East,Clothing,Product_36,2,137.38,274.76,0.2,81.18,Same Day,Net Banking
AMZ103637,2022-06-01 13:00:00,CUST6255,Customer_3637,Canada,North,Beauty,Product_337,2,137.38,274.76,0.2,81.18,Same Day,Net Banking
AMZ103638,2022-06-01 14:00:00,CUST1249,Customer_3638,UK,West,Home & Kitchen,Product_359,3,137.38,412.14,0.2,121.78,Express,Net Banking
AMZ103639,2022-06-01 15:00:00,CUST7457,Customer_3639,USA,Central,Sports,Product_290,3,137.38,412.14,0.2,121.78,Standard,Cash on Delivery
AMZ103640,2022-06-01 16:00:00,CUST2892,Customer_3640,Australia,East,Home & Kitchen,Product_396,2,137.38,274.76,0.2,81.18,Express,Credit Card
AMZ103641,2022-06-01 17:00:00,CUST4439,Customer_3641,Canada,North,Beauty,Product_389,2,137.38,274.76,0.2,81.18,Same Day,UPI
AMZ103642,2022-06-01 18:00:00,CUST3854,Customer_3642,Australia,North,Electronics,Product_304,4,137.38,549.52,0.2,162.37,Express,Debit Card
AMZ103643,2022-06-01 19:00:00,CUST4792,Customer_3643,USA,North,Clothing,Product_360,4,137.38,549.52,0.2,162.37,Express,Cash on Delivery
AMZ103644,2022-06-01 20:00:00,CUST6330,Customer_3644,Australia,East,Electronics,Product_347,1,137.38,137.38,0.2,40.59,Express,Net Banking
AMZ103645,2022-06-01 21:00:00,CUST8871,Customer_3645,Australia,West,Books,Product_124,2,137.38,274.76,0.2,81.18,Standard,Cash on Delivery
AMZ103646,2022-06-01 22:00:00,CUST9235,Customer_3646,India,North,Home & Kitchen,Product_40,1,137.38,137.38,0.2,40.59,Express,Debit Card
AMZ103647,2022-06-01 23:00:00,CUST4612,Customer_3647,USA,Central,Sports,Product_141,2,137.38,274.76,0.2,81.18,Express,Cash on Delivery
AMZ103648,2022-06-02 00:00:00,CUST3618,Customer_3648,Australia,North,Books,Product_26,1,137.38,137.38,0.2,40.59,Express,Net Banking
AMZ103649,2022-06-02 01:00:00,CUST5678,Customer_3649,UK,West,Home & Kitchen,Product_142,4,137.38,549.52,0.2,162.37,Same Day,Credit Card
AMZ103650,2022-06-02 02:00:00,CUST4163,Customer_3650,USA,East,Books,Product_352,2,137.38,274.76,0.2,81.18,Same Day,Net Banking
AMZ103651,2022-06-02 03:00:00,CUST3942,Customer_3651,India,North,Beauty,Product_395,2,137.38,274.76,0.2,81.18,Standard,Net Banking
AMZ103652,2022-06-02 04:00:00,CUST9411,Customer_3652,Canada,North,Home & Kitchen,Product_422,1,137.38,137.38,0.2,40.59,Same Day,Net Banking
AMZ103653,2022-06-02 05:00:00,CUST2925,Customer_3653,Australia,Central,Sports,Product_336,1,137.38,137.38,0.2,40.59,Standard,Cash on Delivery
AMZ103654,2022-06-02 06:00:00,CUST3972,Customer_3654,UK,Central,Home & Kitchen,Product_57,3,137.38,412.14,0.2,121.78,Same Day,Debit Card
AMZ103655,2022-06-02 07:00:00,CUST1990,Customer_3655,India,North,Books,Product_150,3,137.38,412.14,0.2,121.78,Standard,Net Banking
AMZ103656,2022-06-02 08:00:00,CUST2812,Customer_3656,USA,North,Clothing,Product_367,4,137.38,549.52,0.2,162.37,Standard,Cash on Delivery
AMZ103657,2022-06-02 09:00:00,CUST9995,Customer_3657,Australia,Central,Books,Product_400,2,137.38,274.76,0.2,81.18,Standard,Debit Card
AMZ103658,2022-06-02 10:00:00,CUST1489,Customer_3658,India,West,Home & Kitchen,Product_205,2,137.38,274.76,0.2,81.18,Same Day,Credit Card
AMZ103659,2022-06-02 11:00:00,CUST6876,Customer_3659,India,South,Home & Kitchen,Product_76,1,137.38,137.38,0.2,40.59,Express,Net Banking
AMZ103660,2022-06-02 12:00:00,CUST4645,Customer_3660,UK,South,Clothing,Product_466,4,137.38,549.52,0.2,162.37,Same Day,UPI
AMZ103661,2022-06-02 13:00:00,CUST8081,Customer_3661,Canada,North,Electronics,Product_285,2,137.38,274.76,0.2,81.18,Express,Cash on Delivery
AMZ103662,2022-06-02 14:00:00,CUST3891,Customer_3662,Canada,Central,Clothing,Product_210,4,137.38,549.52,0.2,162.37,Same Day,Credit Card
AMZ103663,2022-06-02 15:00:00,CUST4516,Customer_3663,Canada,East,Electronics,Product_494,3,137.38,412.14,0.2,121.78,Express,Credit Card
AMZ103664,2022-06-02 16:00:00,CUST4340,Customer_3664,USA,East,Sports,Product_386,1,137.38,137.38,0.2,40.59,Same Day,Credit Card
AMZ103665,2022-06-02 17:00:00,CUST7410,Customer_3665,India,South,Home & Kitchen,Product_438,2,137.38,274.76,0.2,81.18,Standard,Cash on Delivery
AMZ103666,2022-06-02 18:00:00,CUST1053,Customer_3666,USA,West,Beauty,Product_258,1,137.38,137.38,0.2,40.59,Standard,Debit Card
AMZ103667,2022-06-02 19:00:00,CUST3575,Customer_3667,India,South,Beauty,Product_259,3,137.38,412.14,0.2,121.78,Standard,UPI
AMZ103668,2022-06-02 20:00:00,CUST1615,Customer_3668,UK,North,Books,Product_477,4,137.38,549.52,0.2,162.37,Express,Debit Card
AMZ103669,2022-06-02 21:00:00,CUST6944,Customer_3669,UK,West,Clothing,Product_184,4,137.38,549.52,0.2,162.37,Express,Net Banking
AMZ103670,2022-06-02 22:00:00,CUST8404,Customer_3670,USA,East,Clothing,Product_328,3,137.38,412.14,0.2,121.78,Standard,UPI
AMZ103671,2022-06-02 23:00:00,CUST1954,Customer_3671,USA,Central,Beauty,Product_11,3,137.38,412.14,0.2,121.78,Express,Debit Card
AMZ103672,2022-06-03 00:00:00,CUST2629,Customer_3672,UK,Central,Electronics,Product_460,2,137.38,274.76,0.2,81.18,Standard,Net Banking
AMZ103673,2022-06-03 01:00:00,CUST7859,Customer_3673,Australia,North,Clothing,Product_160,2,137.38,274.76,0.2,81.18,Same Day,UPI
AMZ103674,2022-06-03 02:00:00,CUST9841,Customer_3674,Canada,South,Electronics,Product_260,2,137.38,274.76,0.2,81.18,Express,Cash on Delivery
AMZ103675,2022-06-03 03:00:00,CUST4278,Customer_3675,Canada,North,Electronics,Product_393,2,137.38,274.76,0.2,81.18,Express,Net Banking
AMZ103676,2022-06-03 04:00:00,CUST6455,Customer_3676,UK,Central,Electronics,Product_88,2,137.38,274.76,0.2,81.18,Same Day,Debit Card
AMZ103677,2022-06-03 05:00:00,CUST4801,Customer_3677,Canada,East,Electronics,Product_369,4,137.38,549.52,0.2,162.37,Express,UPI
AMZ103678,2022-06-03 06:00:00,CUST3561,Customer_3678,Australia,Central,Books,Product_184,2,137.38,274.76,0.2,81.18,Express,Net Banking
AMZ103679,2022-06-03 07:00:00,CUST7539,Customer_3679,Australia,West,Books,Product_16,3,137.38,412.14,0.2,121.78,Express,Net Banking
AMZ103680,2022-06-03 08:00:00,CUST1370,Customer_3680,India,Central,Beauty,Product_465,3,137.38,412.14,0.2,121.78,Same Day,Cash on Delivery
AMZ103681,2022-06-03 09:00:00,CUST1857,Customer_3681,USA,Central,Books,Product_495,2,137.38,274.76,0.2,81.18,Standard,Net Banking
AMZ103682,2022-06-03 10:00:00,CUST5886,Customer_3682,Canada,West,Sports,Product_244,3,137.38,412.14,0.2,121.78,Standard,UPI
AMZ103683,2022-06-03 11:00:00,CUST8485,Customer_3683,Australia,South,Clothing,Product_86,1,137.38,137.38,0.2,40.59,Same Day,Credit Card
AMZ103684,2022-06-03 12:00:00,CUST1383,Customer_3684,USA,Central,Sports,Product_199,4,137.38,549.52,0.2,162.37,Same Day,UPI
AMZ103685,2022-06-03 13:00:00,CUST5334,Customer_3685,USA,North,Books,Product_10,4,137.38,549.52,0.2,162.37,Same Day,UPI
AMZ103686,2022-06-03 14:00:00,CUST5290,Customer_3686,India,Central,Clothing,Product_477,2,137.38,274.76,0.2,81.18,Standard,Cash on Delivery
AMZ103687,2022-06-03 15:00:00,CUST3725,Customer_3687,USA,North,Clothing,Product_164,1,137.38,137.38,0.2,40.59,Same Day,Cash on Delivery
AMZ103688,2022-06-03 16:00:00,CUST7204,Customer_3688,USA,West,Electronics,Product_24,2,137.38,274.76,0.2,81.18,Standard,Net Banking
AMZ103689,2022-06-03 17:00:00,CUST7111,Customer_3689,UK,Central,Beauty,Product_64,2,137.38,274.76,0.2,81.18,Same Day,Cash on Delivery
AMZ103690,2022-06-03 18:00:00,CUST5251,Customer_3690,India,West,Electronics,Product_312,3,137.38,412.14,0.2,121.78,Express,Net Banking
AMZ103691,2022-06-03 19:00:00,CUST1922,Customer_3691,India,West,Electronics,Product_238,4,137.38,549.52,0.2,162.37,Standard,Credit Card
AMZ103692,2022-06-03 20:00:00,CUST3915,Customer_3692,Canada,South,Sports,Product_462,1,137.38,137.38,0.2,40.59,Standard,Debit Card
AMZ103693,2022-06-03 21:00:00,CUST8957,Customer_3693,USA,Central,Books,Product_462,3,137.38,412.14,0.2,121.78,Same Day,Cash on Delivery
AMZ103694,2022-06-03 22:00:00,CUST4046,Customer_3694,Canada,North,Sports,Product_345,4,137.38,549.52,0.2,162.37,Express,Cash on Delivery
AMZ103695,2022-06-03 23:00:00,CUST2230,Customer_3695,Australia,North,Books,Product_238,4,137.38,549.52,0.2,162.37,Standard,Credit Card
AMZ103696,2022-06-04 00:00:00,CUST8647,Customer_3696,USA,Central,Sports,Product_22,2,137.38,274.76,0.2,81.18,Same Day,Cash on Delivery
AMZ103697,2022-06-04 01:00:00,CUST5933,Customer_3697,Australia,South,Clothing,Product_180,1,137.38,137.38,0.2,40.59,Express,Credit Card
AMZ103698,2022-06-04 02:00:00,CUST4940,Customer_3698,UK,South,Books,Product_306,2,137.38,274.76,0.2,81.18,Standard,Net Banking
AMZ103699,2022-06-04 03:00:00,CUST7483,Customer_3699,USA,South,Books,Product_47,3,137.38,412.14,0.2,121.78,Same Day,Cash on Delivery
AMZ103700,2022-06-04 04:00:00,CUST1203,Customer_3700,Canada,North,Sports,Product_279,2,137.38,274.76,0.2,81.18,Express,Cash on Delivery
AMZ103701,2022-06-04 05:00:00,CUST1160,Customer_3701,Canada,West,Home & Kitchen,Product_224,2,137.38,274.76,0.2,81.18,Standard,Net Banking
AMZ103702,2022-06-04 06:00:00,CUST9960,Customer_3702,USA,South,Clothing,Product_218,4,137.38,549.52,0.2,162.37,Standard,Cash on Delivery
AMZ103703,2022-06-04 07:00:00,CUST4748,Customer_3703,Canada,North,Clothing,Product_499,4,137.38,549.52,0.2,162.37,Express,UPI
AMZ103704,2022-06-04 08:00:00,CUST7718,Customer_3704,USA,North,Home & Kitchen,Product_475,3,137.38,412.14,0.2,121.78,Same Day,Credit Card
AMZ103705,2022-06-04 09:00:00,CUST3581,Customer_3705,India,West,Sports,Product_237,4,137.38,549.52,0.2,162.37,Same Day,Debit Card
AMZ103706,2022-06-04 10:00:00,CUST2093,Customer_3706,Canada,Central,Sports,Product_204,4,137.38,549.52,0.2,162.37,Express,UPI
AMZ103707,2022-06-04 11:00:00,CUST5500,Customer_3707,USA,Central,Clothing,Product_339,4,137.38,549.52,0.2,162.37,Standard,Debit Card
AMZ103708,2022-06-04 12:00:00,CUST9799,Customer_3708,USA,South,Sports,Product_19,2,137.38,274.76,0.2,81.18,Express,UPI
AMZ103709,2022-06-04 13:00:00,CUST6710,Customer_3709,Canada,South,Beauty,Product_180,1,137.38,137.38,0.2,40.59,Express,UPI
AMZ103710,2022-06-04 14:00:00,CUST3875,Customer_3710,India,West,Beauty,Product_162,3,137.38,412.14,0.2,121.78,Express,UPI
AMZ103711,2022-06-04 15:00:00,CUST4191,Customer_3711,Canada,South,Home & Kitchen,Product_480,2,137.38,274.76,0.2,81.18,Standard,Credit Card
AMZ103712,2022-06-04 16:00:00,CUST2837,Customer_3712,USA,West,Books,Product_285,3,137.38,412.14,0.2,121.78,Express,Debit Card
AMZ103713,2022-06-04 17:00:00,CUST1689,Customer_3713,India,North,Beauty,Product_61,2,137.38,274.76,0.2,81.18,Express,Net Banking
AMZ103714,2022-06-04 18:00:00,CUST4759,Customer_3714,Australia,South,Sports,Product_85,3,137.38,412.14,0.2,121.78,Standard,Net Banking
AMZ103715,2022-06-04 19:00:00,CUST3103,Customer_3715,UK,North,Home & Kitchen,Product_35,4,137.38,549.52,0.2,162.37,Standard,Cash on Delivery
AMZ103716,2022-06-04 20:00:00,CUST1365,Customer_3716,Canada,East,Beauty,Product_490,3,137.38,412.14,0.2,121.78,Express,Credit Card
AMZ103717,2022-06-04 21:00:00,CUST9092,Customer_3717,USA,West,Electronics,Product_5,1,137.38,137.38,0.2,40.59,Same Day,Credit Card
AMZ103718,2022-06-04 22:00:00,CUST5172,Customer_3718,India,East,Home & Kitchen,Product_76,3,137.38,412.14,0.2,121.78,Express,Credit Card
AMZ103719,2022-06-04 23:00:00,CUST7033,Customer_3719,India,South,Clothing,Product_253,1,137.38,137.38,0.2,40.59,Standard,UPI
AMZ103720,2022-06-05 00:00:00,CUST3378,Customer_3720,Australia,North,Beauty,Product_7,3,137.38,412.14,0.2,121.78,Standard,Credit Card
AMZ103721,2022-06-05 01:00:00,CUST2205,Customer_3721,Canada,South,Clothing,Product_169,4,137.38,549.52,0.2,162.37,Standard,Net Banking
AMZ103722,2022-06-05 02:00:00,CUST5988,Customer_3722,India,East,Home & Kitchen,Product_130,3,137.38,412.14,0.2,121.78,Same Day,Credit Card
AMZ103723,2022-06-05 03:00:00,CUST6669,Customer_3723,Australia,South,Beauty,Product_473,2,137.38,274.76,0.2,81.18,Standard,UPI
AMZ103724,2022-06-05 04:00:00,CUST3735,Customer_3724,USA,Central,Clothing,Product_138,4,137.38,549.52,0.2,162.37,Same Day,Debit Card
AMZ103725,2022-06-05 05:00:00,CUST9490,Customer_3725,Australia,East,Books,Product_358,4,137.38,549.52,0.2,162.37,Standard,Credit Card
AMZ103726,2022-06-05 06:00:00,CUST1956,Customer_3726,Canada,South,Books,Product_300,2,137.38,274.76,0.2,81.18,Standard,Debit Card
AMZ103727,2022-06-05 07:00:00,CUST7623,Customer_3727,Australia,North,Electronics,Product_326,4,137.38,549.52,0.2,162.37,Express,Cash on Delivery
AMZ103728,2022-06-05 08:00:00,CUST2474,Customer_3728,India,South,Sports,Product_91,4,137.38,549.52,0.2,162.37,Same Day,UPI
AMZ103729,2022-06-05 09:00:00,CUST5460,Customer_3729,India,North,Home & Kitchen,Product_163,2,137.38,274.76,0.2,81.18,Express,Credit Card
AMZ103730,2022-06-05 10:00:00,CUST8002,Customer_3730,UK,Central,Sports,Product_318,4,137.38,549.52,0.2,162.37,Same Day,Cash on Delivery
AMZ103731,2022-06-05 11:00:00,CUST7396,Customer_3731,Australia,South,Sports,Product_458,4,137.38,549.52,0.2,162.37,Standard,Cash on Delivery
AMZ103732,2022-06-05 12:00:00,CUST3828,Customer_3732,USA,Central,Clothing,Product_253,4,137.38,549.52,0.2,162.37,Standard,Debit Card
AMZ103733,2022-06-05 13:00:00,CUST3850,Customer_3733,Canada,East,Electronics,Product_201,4,137.38,549.52,0.2,162.37,Same Day,Net Banking
AMZ103734,2022-06-05 14:00:00,CUST3964,Customer_3734,UK,North,Home & Kitchen,Product_20,3,137.38,412.14,0.2,121.78,Express,Net Banking
AMZ103735,2022-06-05 15:00:00,CUST5594,Customer_3735,Australia,East,Books,Product_229,4,137.38,549.52,0.2,162.37,Same Day,Net Banking
AMZ103736,2022-06-05 16:00:00,CUST7644,Customer_3736,USA,North,Sports,Product_163,4,137.38,549.52,0.2,162.37,Same Day,Net Banking
AMZ103737,2022-06-05 17:00:00,CUST3850,Customer_3737,UK,Central,Clothing,Product_165,4,137.38,549.52,0.2,162.37,Same Day,UPI
AMZ103738,2022-06-05 18:00:00,CUST1165,Customer_3738,India,West,Sports,Product_232,3,137.38,412.14,0.2,121.78,Standard,Credit Card
AMZ103739,2022-06-05 19:00:00,CUST1919,Customer_3739,Canada,South,Beauty,Product_328,1,137.38,137.38,0.2,40.59,Same Day,Credit Card
AMZ103740,2022-06-05 20:00:00,CUST9305,Customer_3740,Australia,Central,Books,Product_238,4,137.38,549.52,0.2,162.37,Standard,UPI
AMZ103741,2022-06-05 21:00:00,CUST4504,Customer_3741,USA,North,Sports,Product_120,1,137.38,137.38,0.2,40.59,Express,Debit Card
AMZ103742,2022-06-05 22:00:00,CUST1991,Customer_3742,India,North,Beauty,Product_438,1,137.38,137.38,0.2,40.59,Standard,Credit Card
AMZ103743,2022-06-05 23:00:00,CUST7047,Customer_3743,UK,North,Beauty,Product_351,2,137.38,274.76,0.2,81.18,Express,Cash on Delivery
AMZ103744,2022-06-06 00:00:00,CUST4839,Customer_3744,Canada,North,Clothing,Product_383,2,137.38,274.76,0.2,81.18,Express,Credit Card
AMZ103745,2022-06-06 01:00:00,CUST2258,Customer_3745,UK,South,Clothing,Product_369,1,137.38,137.38,0.2,40.59,Express,UPI
AMZ103746,2022-06-06 02:00:00,CUST8609,Customer_3746,UK,East,Beauty,Product_107,3,137.38,412.14,0.2,121.78,Standard,Debit Card
AMZ103747,2022-06-06 03:00:00,CUST9706,Customer_3747,USA,West,Electronics,Product_250,4,137.38,549.52,0.2,162.37,Same Day,Credit Card
AMZ103748,2022-06-06 04:00:00,CUST5804,Customer_3748,India,South,Sports,Product_336,4,137.38,549.52,0.2,162.37,Standard,UPI
AMZ103749,2022-06-06 05:00:00,CUST1067,Customer_3749,Australia,North,Beauty,Product_284,4,137.38,549.52,0.2,162.37,Express,Cash on Delivery
AMZ103750,2022-06-06 06:00:00,CUST6660,Customer_3750,USA,South,Beauty,Product_198,2,137.38,274.76,0.2,81.18,Same Day,Net Banking
AMZ103751,2022-06-06 07:00:00,CUST5478,Customer_3751,Canada,Central,Clothing,Product_416,2,137.38,274.76,0.2,81.18,Standard,Cash on Delivery
AMZ103752,2022-06-06 08:00:00,CUST9210,Customer_3752,UK,North,Sports,Product_220,4,137.38,549.52,0.2,162.37,Express,Cash on Delivery
AMZ103753,2022-06-06 09:00:00,CUST4521,Customer_3753,Canada,West,Home & Kitchen,Product_395,1,137.38,137.38,0.2,40.59,Express,Debit Card
AMZ103754,2022-06-06 10:00:00,CUST1572,Customer_3754,USA,North,Books,Product_426,2,137.38,274.76,0.2,81.18,Same Day,Credit Card
AMZ103755,2022-06-06 11:00:00,CUST8082,Customer_3755,USA,West,Clothing,Product_151,4,137.38,549.52,0.2,162.37,Standard,Net Banking
AMZ103756,2022-06-06 12:00:00,CUST8832,Customer_3756,Australia,West,Sports,Product_286,1,137.38,137.38,0.2,40.59,Same Day,UPI
AMZ103757,2022-06-06 13:00:00,CUST6395,Customer_3757,UK,East,Sports,Product_265,4,137.38,549.52,0.2,162.37,Same Day,Net Banking
AMZ103758,2022-06-06 14:00:00,CUST3258,Customer_3758,USA,East,Electronics,Product_220,2,137.38,274.76,0.2,81.18,Same Day,Credit Card
AMZ103759,2022-06-06 15:00:00,CUST7039,Customer_3759,Canada,South,Books,Product_216,3,137.38,412.14,0.2,121.78,Same Day,Debit Card
AMZ103760,2022-06-06 16:00:00,CUST1650,Customer_3760,Australia,South,Clothing,Product_315,3,137.38,412.14,0.2,121.78,Standard,Credit Card
AMZ103761,2022-06-06 17:00:00,CUST6741,Customer_3761,Canada,West,Clothing,Product_156,2,137.38,274.76,0.2,81.18,Same Day,UPI
AMZ103762,2022-06-06 18:00:00,CUST7838,Customer_3762,UK,North,Home & Kitchen,Product_216,1,137.38,137.38,0.2,40.59,Express,Net Banking
AMZ103763,2022-06-06 19:00:00,CUST3587,Customer_3763,Australia,Central,Electronics,Product_335,4,137.38,549.52,0.2,162.37,Express,Cash on Delivery
AMZ103764,2022-06-06 20:00:00,CUST8876,Customer_3764,Australia,Central,Electronics,Product_359,2,137.38,274.76,0.2,81.18,Express,Credit Card
AMZ103765,2022-06-06 21:00:00,CUST4262,Customer_3765,Australia,North,Sports,Product_114,1,137.38,137.38,0.2,40.59,Same Day,Debit Card
AMZ103766,2022-06-06 22:00:00,CUST2338,Customer_3766,India,North,Sports,Product_161,4,137.38,549.52,0.2,162.37,Express,Debit Card
AMZ103767,2022-06-06 23:00:00,CUST5996,Customer_3767,Australia,East,Clothing,Product_303,4,137.38,549.52,0.2,162.37,Standard,Net Banking
AMZ103768,2022-06-07 00:00:00,CUST6780,Customer_3768,Canada,Central,Home & Kitchen,Product_98,2,137.38,274.76,0.2,81.18,Same Day,Cash on Delivery
AMZ103769,2022-06-07 01:00:00,CUST3827,Customer_3769,Canada,West,Clothing,Product_406,4,137.38,549.52,0.2,162.37,Same Day,UPI
AMZ103770,2022-06-07 02:00:00,CUST6232,Customer_3770,UK,South,Beauty,Product_157,3,137.38,412.14,0.2,121.78,Same Day,Cash on Delivery
AMZ103771,2022-06-07 03:00:00,CUST3217,Customer_3771,USA,East,Sports,Product_162,3,137.38,412.14,0.2,121.78,Standard,Net Banking
AMZ103772,2022-06-07 04:00:00,CUST4539,Customer_3772,USA,Central,Beauty,Product_42,4,137.38,549.52,0.2,162.37,Same Day,Cash on Delivery
AMZ103773,2022-06-07 05:00:00,CUST8845,Customer_3773,India,North,Home & Kitchen,Product_180,2,137.38,274.76,0.2,81.18,Same Day,Net Banking
AMZ103774,2022-06-07 06:00:00,CUST5383,Customer_3774,Australia,Central,Clothing,Product_303,4,137.38,549.52,0.2,162.37,Express,Cash on Delivery
AMZ103775,2022-06-07 07:00:00,CUST3961,Customer_3775,India,West,Sports,Product_330,2,137.38,274.76,0.2,81.18,Express,Credit Card
AMZ103776,2022-06-07 08:00:00,CUST4226,Customer_3776,UK,East,Home & Kitchen,Product_51,2,137.38,274.76,0.2,81.18,Same Day,Debit Card
AMZ103777,2022-06-07 09:00:00,CUST7837,Customer_3777,UK,North,Clothing,Product_252,3,137.38,412.14,0.2,121.78,Standard,Net Banking
AMZ103778,2022-06-07 10:00:00,CUST8031,Customer_3778,USA,West,Clothing,Product_429,3,137.38,412.14,0.2,121.78,Express,Net Banking
AMZ103779,2022-06-07 11:00:00,CUST4716,Customer_3779,UK,South,Beauty,Product_350,1,137.38,137.38,0.2,40.59,Same Day,Debit Card
AMZ103780,2022-06-07 12:00:00,CUST4414,Customer_3780,Australia,East,Books,Product_120,2,137.38,274.76,0.2,81.18,Express,UPI
AMZ103781,2022-06-07 13:00:00,CUST2448,Customer_3781,Canada,West,Electronics,Product_75,4,137.38,549.52,0.2,162.37,Express,Net Banking
AMZ103782,2022-06-07 14:00:00,CUST1570,Customer_3782,UK,West,Sports,Product_162,2,137.38,274.76,0.2,81.18,Standard,Credit Card
AMZ103783,2022-06-07 15:00:00,CUST3904,Customer_3783,India,North,Electronics,Product_149,3,137.38,412.14,0.2,121.78,Same Day,Cash on Delivery
AMZ103784,2022-06-07 16:00:00,CUST3505,Customer_3784,Australia,South,Home & Kitchen,Product_123,2,137.38,274.76,0.2,81.18,Express,Credit Card
AMZ103785,2022-06-07 17:00:00,CUST1917,Customer_3785,UK,West,Electronics,Product_141,1,137.38,137.38,0.2,40.59,Same Day,Net Banking
AMZ103786,2022-06-07 18:00:00,CUST7982,Customer_3786,UK,East,Beauty,Product_182,4,137.38,549.52,0.2,162.37,Standard,UPI
AMZ103787,2022-06-07 19:00:00,CUST8427,Customer_3787,Australia,West,Books,Product_409,2,137.38,274.76,0.2,81.18,Standard,Net Banking
AMZ103788,2022-06-07 20:00:00,CUST7336,Customer_3788,UK,Central,Sports,Product_378,4,137.38,549.52,0.2,162.37,Express,UPI
AMZ103789,2022-06-07 21:00:00,CUST2678,Customer_3789,Canada,East,Clothing,Product_277,4,137.38,549.52,0.2,162.37,Standard,Debit Card
AMZ103790,2022-06-07 22:00:00,CUST1615,Customer_3790,USA,East,Clothing,Product_257,3,137.38,412.14,0.2,121.78,Express,Cash on Delivery
AMZ103791,2022-06-07 23:00:00,CUST8086,Customer_3791,Australia,West,Beauty,Product_442,2,137.38,274.76,0.2,81.18,Same Day,Credit Card
AMZ103792,2022-06-08 00:00:00,CUST5749,Customer_3792,India,North,Sports,Product_325,4,137.38,549.52,0.2,162.37,Express,UPI
AMZ103793,2022-06-08 01:00:00,CUST4505,Customer_3793,UK,East,Electronics,Product_245,3,137.38,412.14,0.2,121.78,Express,Credit Card
AMZ103794,2022-06-08 02:00:00,CUST5529,Customer_3794,USA,Central,Clothing,Product_86,1,137.38,137.38,0.2,40.59,Standard,Debit Card
AMZ103795,2022-06-08 03:00:00,CUST2135,Customer_3795,India,North,Electronics,Product_71,1,137.38,137.38,0.2,40.59,Same Day,Net Banking
AMZ103796,2022-06-08 04:00:00,CUST9566,Customer_3796,India,North,Beauty,Product_269,2,137.38,274.76,0.2,81.18,Same Day,UPI
AMZ103797,2022-06-08 05:00:00,CUST8226,Customer_3797,Canada,North,Clothing,Product_493,4,137.38,549.52,0.2,162.37,Express,Cash on Delivery
AMZ103798,2022-06-08 06:00:00,CUST6162,Customer_3798,USA,East,Home & Kitchen,Product_180,2,137.38,274.76,0.2,81.18,Same Day,UPI
AMZ103799,2022-06-08 07:00:00,CUST1206,Customer_3799,Australia,North,Books,Product_279,4,137.38,549.52,0.2,162.37,Same Day,Net Banking
AMZ103800,2022-06-08 08:00:00,CUST5875,Customer_3800,USA,West,Electronics,Product_149,3,137.38,412.14,0.2,121.78,Express,Net Banking
AMZ103801,2022-06-08 09:00:00,CUST2319,Customer_3801,USA,North,Sports,Product_6,1,137.38,137.38,0.2,40.59,Express,Cash on Delivery
AMZ103802,2022-06-08 10:00:00,CUST2141,Customer_3802,India,Central,Electronics,Product_148,1,137.38,137.38,0.2,40.59,Same Day,Cash on Delivery
AMZ103803,2022-06-08 11:00:00,CUST5627,Customer_3803,Canada,South,Electronics,Product_332,1,137.38,137.38,0.2,40.59,Express,Debit Card
AMZ103804,2022-06-08 12:00:00,CUST8389,Customer_3804,Canada,Central,Electronics,Product_168,1,137.38,137.38,0.2,40.59,Standard,Credit Card
AMZ103805,2022-06-08 13:00:00,CUST3690,Customer_3805,USA,East,Beauty,Product_9,2,137.38,274.76,0.2,81.18,Same Day,UPI
AMZ103806,2022-06-08 14:00:00,CUST8323,Customer_3806,USA,North,Beauty,Product_178,4,137.38,549.52,0.2,162.37,Express,Debit Card
AMZ103807,2022-06-08 15:00:00,CUST4255,Customer_3807,UK,North,Sports,Product_284,2,137.38,274.76,0.2,81.18,Same Day,Credit Card
AMZ103808,2022-06-08 16:00:00,CUST9281,Customer_3808,India,West,Beauty,Product_395,3,137.38,412.14,0.2,121.78,Same Day,Debit Card
AMZ103809,2022-06-08 17:00:00,CUST6213,Customer_3809,Australia,North,Sports,Product_116,1,137.38,137.38,0.2,40.59,Standard,Cash on Delivery
AMZ103810,2022-06-08 18:00:00,CUST5108,Customer_3810,Australia,Central,Sports,Product_96,4,137.38,549.52,0.2,162.37,Standard,Cash on Delivery
AMZ103811,2022-06-08 19:00:00,CUST4020,Customer_3811,Canada,East,Beauty,Product_331,2,137.38,274.76,0.2,81.18,Same Day,Net Banking
AMZ103812,2022-06-08 20:00:00,CUST2857,Customer_3812,India,South,Clothing,Product_344,4,137.38,549.52,0.2,162.37,Standard,UPI
AMZ103813,2022-06-08 21:00:00,CUST9996,Customer_3813,Canada,North,Beauty,Product_56,2,137.38,274.76,0.2,81.18,Express,UPI
AMZ103814,2022-06-08 22:00:00,CUST3789,Customer_3814,Australia,South,Clothing,Product_207,4,137.38,549.52,0.2,162.37,Same Day,UPI
AMZ103815,2022-06-08 23:00:00,CUST4875,Customer_3815,USA,North,Home & Kitchen,Product_105,4,137.38,549.52,0.2,162.37,Standard,Debit Card
AMZ103816,2022-06-09 00:00:00,CUST8605,Customer_3816,India,East,Beauty,Product_35,1,137.38,137.38,0.2,40.59,Same Day,Debit Card
AMZ103817,2022-06-09 01:00:00,CUST9135,Customer_3817,India,Central,Home & Kitchen,Product_209,2,137.38,274.76,0.2,81.18,Same Day,UPI
AMZ103818,2022-06-09 02:00:00,CUST7055,Customer_3818,UK,East,Beauty,Product_281,3,137.38,412.14,0.2,121.78,Express,Net Banking
AMZ103819,2022-06-09 03:00:00,CUST4882,Customer_3819,USA,South,Home & Kitchen,Product_369,4,137.38,549.52,0.2,162.37,Express,Credit Card
AMZ103820,2022-06-09 04:00:00,CUST8175,Customer_3820,USA,North,Books,Product_355,3,137.38,412.14,0.2,121.78,Express,Debit Card
AMZ103821,2022-06-09 05:00:00,CUST8129,Customer_3821,Canada,South,Home & Kitchen,Product_147,1,137.38,137.38,0.2,40.59,Standard,UPI
AMZ103822,2022-06-09 06:00:00,CUST6021,Customer_3822,India,Central,Clothing,Product_489,3,137.38,412.14,0.2,121.78,Standard,Cash on Delivery
AMZ103823,2022-06-09 07:00:00,CUST5735,Customer_3823,Canada,East,Electronics,Product_287,4,137.38,549.52,0.2,162.37,Standard,Debit Card
AMZ103824,2022-06-09 08:00:00,CUST3387,Customer_3824,USA,South,Sports,Product_81,4,137.38,549.52,0.2,162.37,Express,Credit Card
AMZ103825,2022-06-09 09:00:00,CUST7582,Customer_3825,UK,South,Home & Kitchen,Product_50,4,137.38,549.52,0.2,162.37,Same Day,Debit Card
AMZ103826,2022-06-09 10:00:00,CUST6866,Customer_3826,India,Central,Electronics,Product_87,2,137.38,274.76,0.2,81.18,Express,Credit Card
AMZ103827,2022-06-09 11:00:00,CUST3566,Customer_3827,USA,North,Books,Product_191,3,137.38,412.14,0.2,121.78,Standard,Credit Card
AMZ103828,2022-06-09 12:00:00,CUST1975,Customer_3828,UK,South,Books,Product_303,2,137.38,274.76,0.2,81.18,Standard,Debit Card
AMZ103829,2022-06-09 13:00:00,CUST8212,Customer_3829,Australia,Central,Clothing,Product_1,4,137.38,549.52,0.2,162.37,Standard,Credit Card
AMZ103830,2022-06-09 14:00:00,CUST2262,Customer_3830,USA,North,Clothing,Product_381,4,137.38,549.52,0.2,162.37,Express,Debit Card
AMZ103831,2022-06-09 15:00:00,CUST6047,Customer_3831,Australia,North,Home & Kitchen,Product_442,1,137.38,137.38,0.2,40.59,Standard,Debit Card
AMZ103832,2022-06-09 16:00:00,CUST8382,Customer_3832,Canada,East,Beauty,Product_138,1,137.38,137.38,0.2,40.59,Express,Net Banking
AMZ103833,2022-06-09 17:00:00,CUST7231,Customer_3833,Australia,Central,Books,Product_136,4,137.38,549.52,0.2,162.37,Same Day,Cash on Delivery
AMZ103834,2022-06-09 18:00:00,CUST4327,Customer_3834,USA,North,Electronics,Product_362,2,137.38,274.76,0.2,81.18,Express,Credit Card
AMZ103835,2022-06-09 19:00:00,CUST6630,Customer_3835,Australia,East,Beauty,Product_381,2,137.38,274.76,0.2,81.18,Standard,Debit Card
AMZ103836,2022-06-09 20:00:00,CUST3259,Customer_3836,India,West,Books,Product_154,4,137.38,549.52,0.2,162.37,Same Day,Credit Card
AMZ103837,2022-06-09 21:00:00,CUST2257,Customer_3837,USA,Central,Home & Kitchen,Product_162,3,137.38,412.14,0.2,121.78,Standard,Debit Card
AMZ103838,2022-06-09 22:00:00,CUST1464,Customer_3838,UK,West,Books,Product_19,2,137.38,274.76,0.2,81.18,Same Day,Debit Card
AMZ103839,2022-06-09 23:00:00,CUST4294,Customer_3839,Australia,North,Clothing,Product_462,4,137.38,549.52,0.2,162.37,Standard,Debit Card
AMZ103840,2022-06-10 00:00:00,CUST7774,Customer_3840,India,Central,Electronics,Product_328,1,137.38,137.38,0.2,40.59,Express,Cash on Delivery
AMZ103841,2022-06-10 01:00:00,CUST8431,Customer_3841,Canada,East,Electronics,Product_243,4,137.38,549.52,0.2,162.37,Standard,Credit Card
AMZ103842,2022-06-10 02:00:00,CUST2230,Customer_3842,Canada,North,Clothing,Product_129,2,137.38,274.76,0.2,81.18,Express,Cash on Delivery
AMZ103843,2022-06-10 03:00:00,CUST4805,Customer_3843,Australia,Central,Beauty,Product_176,4,137.38,549.52,0.2,162.37,Express,Cash on Delivery
AMZ103844,2022-06-10 04:00:00,CUST7419,Customer_3844,Canada,Central,Clothing,Product_409,3,137.38,412.14,0.2,121.78,Same Day,Cash on Delivery
AMZ103845,2022-06-10 05:00:00,CUST6750,Customer_3845,UK,West,Electronics,Product_280,3,137.38,412.14,0.2,121.78,Express,Cash on Delivery
AMZ103846,2022-06-10 06:00:00,CUST4856,Customer_3846,USA,North,Home & Kitchen,Product_431,2,137.38,274.76,0.2,81.18,Express,Net Banking
AMZ103847,2022-06-10 07:00:00,CUST4135,Customer_3847,India,East,Beauty,Product_84,4,137.38,549.52,0.2,162.37,Express,Credit Card
AMZ103848,2022-06-10 08:00:00,CUST7953,Customer_3848,Australia,East,Sports,Product_376,3,137.38,412.14,0.2,121.78,Same Day,Credit Card
AMZ103849,2022-06-10 09:00:00,CUST7034,Customer_3849,Canada,North,Books,Product_222,3,137.38,412.14,0.2,121.78,Standard,Debit Card
AMZ103850,2022-06-10 10:00:00,CUST5589,Customer_3850,USA,North,Sports,Product_325,1,137.38,137.38,0.2,40.59,Standard,Credit Card
AMZ103851,2022-06-10 11:00:00,CUST2546,Customer_3851,UK,South,Home & Kitchen,Product_451,2,137.38,274.76,0.2,81.18,Express,Cash on Delivery
AMZ103852,2022-06-10 12:00:00,CUST7065,Customer_3852,Canada,West,Sports,Product_416,1,137.38,137.38,0.2,40.59,Express,UPI
AMZ103853,2022-06-10 13:00:00,CUST2094,Customer_3853,Canada,North,Beauty,Product_145,1,137.38,137.38,0.2,40.59,Standard,Credit Card
AMZ103854,2022-06-10 14:00:00,CUST3411,Customer_3854,India,North,Electronics,Product_445,3,137.38,412.14,0.2,121.78,Express,UPI
AMZ103855,2022-06-10 15:00:00,CUST3617,Customer_3855,UK,South,Electronics,Product_106,4,137.38,549.52,0.2,162.37,Standard,Net Banking
AMZ103856,2022-06-10 16:00:00,CUST9954,Customer_3856,UK,South,Home & Kitchen,Product_325,1,137.38,137.38,0.2,40.59,Same Day,Debit Card
AMZ103857,2022-06-10 17:00:00,CUST5145,Customer_3857,Australia,Central,Sports,Product_11,2,137.38,274.76,0.2,81.18,Express,Debit Card
AMZ103858,2022-06-10 18:00:00,CUST3775,Customer_3858,India,East,Beauty,Product_166,2,137.38,274.76,0.2,81.18,Express,Debit Card
AMZ103859,2022-06-10 19:00:00,CUST7628,Customer_3859,Australia,West,Books,Product_196,4,137.38,549.52,0.2,162.37,Standard,Net Banking
AMZ103860,2022-06-10 20:00:00,CUST4155,Customer_3860,India,Central,Sports,Product_231,2,137.38,274.76,0.2,81.18,Standard,Cash on Delivery
AMZ103861,2022-06-10 21:00:00,CUST4970,Customer_3861,UK,North,Sports,Product_147,1,137.38,137.38,0.2,40.59,Same Day,UPI
AMZ103862,2022-06-10 22:00:00,CUST8972,Customer_3862,India,South,Books,Product_359,4,137.38,549.52,0.2,162.37,Express,Credit Card
AMZ103863,2022-06-10 23:00:00,CUST9775,Customer_3863,India,East,Clothing,Product_238,2,137.38,274.76,0.2,81.18,Standard,Cash on Delivery
AMZ103864,2022-06-11 00:00:00,CUST6415,Customer_3864,India,Central,Home & Kitchen,Product_497,2,137.38,274.76,0.2,81.18,Same Day,Debit Card
AMZ103865,2022-06-11 01:00:00,CUST5331,Customer_3865,USA,East,Beauty,Product_471,1,137.38,137.38,0.2,40.59,Standard,Debit Card
AMZ103866,2022-06-11 02:00:00,CUST2942,Customer_3866,USA,South,Home & Kitchen,Product_401,1,137.38,137.38,0.2,40.59,Standard,Cash on Delivery
AMZ103867,2022-06-11 03:00:00,CUST7026,Customer_3867,UK,Central,Books,Product_13,1,137.38,137.38,0.2,40.59,Same Day,UPI
AMZ103868,2022-06-11 04:00:00,CUST9301,Customer_3868,India,Central,Beauty,Product_219,1,137.38,137.38,0.2,40.59,Same Day,Cash on Delivery
AMZ103869,2022-06-11 05:00:00,CUST1191,Customer_3869,UK,East,Electronics,Product_257,4,137.38,549.52,0.2,162.37,Same Day,Net Banking
AMZ103870,2022-06-11 06:00:00,CUST1861,Customer_3870,USA,South,Electronics,Product_2,4,137.38,549.52,0.2,162.37,Same Day,Debit Card
AMZ103871,2022-06-11 07:00:00,CUST7711,Customer_3871,India,North,Beauty,Product_210,4,137.38,549.52,0.2,162.37,Same Day,UPI
AMZ103872,2022-06-11 08:00:00,CUST1649,Customer_3872,Australia,Central,Home & Kitchen,Product_484,3,137.38,412.14,0.2,121.78,Same Day,Credit Card
AMZ103873,2022-06-11 09:00:00,CUST5134,Customer_3873,USA,North,Home & Kitchen,Product_365,1,137.38,137.38,0.2,40.59,Express,Debit Card
AMZ103874,2022-06-11 10:00:00,CUST8587,Customer_3874,USA,South,Electronics,Product_225,1,137.38,137.38,0.2,40.59,Same Day,Cash on Delivery
AMZ103875,2022-06-11 11:00:00,CUST9828,Customer_3875,USA,Central,Electronics,Product_484,4,137.38,549.52,0.2,162.37,Express,UPI
AMZ103876,2022-06-11 12:00:00,CUST2036,Customer_3876,India,Central,Books,Product_194,2,137.38,274.76,0.2,81.18,Standard,Debit Card
AMZ103877,2022-06-11 13:00:00,CUST5131,Customer_3877,Canada,North,Beauty,Product_196,2,137.38,274.76,0.2,81.18,Standard,Credit Card
AMZ103878,2022-06-11 14:00:00,CUST3148,Customer_3878,Australia,West,Home & Kitchen,Product_400,1,137.38,137.38,0.2,40.59,Same Day,Credit Card
AMZ103879,2022-06-11 15:00:00,CUST6457,Customer_3879,Australia,North,Books,Product_260,1,137.38,137.38,0.2,40.59,Standard,Cash on Delivery
AMZ103880,2022-06-11 16:00:00,CUST7079,Customer_3880,UK,North,Home & Kitchen,Product_57,4,137.38,549.52,0.2,162.37,Same Day,Net Banking
AMZ103881,2022-06-11 17:00:00,CUST3430,Customer_3881,India,West,Electronics,Product_457,1,137.38,137.38,0.2,40.59,Same Day,Cash on Delivery
AMZ103882,2022-06-11 18:00:00,CUST2879,Customer_3882,USA,South,Beauty,Product_113,2,137.38,274.76,0.2,81.18,Express,UPI
AMZ103883,2022-06-11 19:00:00,CUST8542,Customer_3883,Canada,South,Clothing,Product_213,2,137.38,274.76,0.2,81.18,Standard,Cash on Delivery
AMZ103884,2022-06-11 20:00:00,CUST3011,Customer_3884,India,Central,Beauty,Product_279,1,137.38,137.38,0.2,40.59,Same Day,UPI
AMZ103885,2022-06-11 21:00:00,CUST4373,Customer_3885,India,East,Sports,Product_244,4,137.38,549.52,0.2,162.37,Standard,Net Banking
AMZ103886,2022-06-11 22:00:00,CUST8357,Customer_3886,Canada,East,Clothing,Product_380,4,137.38,549.52,0.2,162.37,Express,Cash on Delivery
AMZ103887,2022-06-11 23:00:00,CUST2289,Customer_3887,USA,Central,Books,Product_117,2,137.38,274.76,0.2,81.18,Standard,Credit Card
AMZ103888,2022-06-12 00:00:00,CUST2447,Customer_3888,India,East,Clothing,Product_386,4,137.38,549.52,0.2,162.37,Express,UPI
AMZ103889,2022-06-12 01:00:00,CUST4199,Customer_3889,Australia,North,Clothing,Product_451,2,137.38,274.76,0.2,81.18,Express,UPI
AMZ103890,2022-06-12 02:00:00,CUST7381,Customer_3890,Australia,North,Books,Product_87,1,137.38,137.38,0.2,40.59,Express,Credit Card
AMZ103891,2022-06-12 03:00:00,CUST8522,Customer_3891,Canada,West,Beauty,Product_410,2,137.38,274.76,0.2,81.18,Same Day,Cash on Delivery
AMZ103892,2022-06-12 04:00:00,CUST7059,Customer_3892,USA,West,Books,Product_381,1,137.38,137.38,0.2,40.59,Same Day,Net Banking
AMZ103893,2022-06-12 05:00:00,CUST4183,Customer_3893,Canada,Central,Sports,Product_367,4,137.38,549.52,0.2,162.37,Standard,Debit Card
AMZ103894,2022-06-12 06:00:00,CUST6462,Customer_3894,India,Central,Electronics,Product_263,3,137.38,412.14,0.2,121.78,Same Day,Cash on Delivery
AMZ103895,2022-06-12 07:00:00,CUST4216,Customer_3895,Australia,Central,Electronics,Product_484,3,137.38,412.14,0.2,121.78,Same Day,Cash on Delivery
AMZ103896,2022-06-12 08:00:00,CUST4136,Customer_3896,UK,North,Clothing,Product_300,3,137.38,412.14,0.2,121.78,Standard,UPI
AMZ103897,2022-06-12 09:00:00,CUST4318,Customer_3897,Canada,East,Books,Product_417,2,137.38,274.76,0.2,81.18,Express,UPI
AMZ103898,2022-06-12 10:00:00,CUST3782,Customer_3898,UK,Central,Books,Product_113,3,137.38,412.14,0.2,121.78,Express,Net Banking
AMZ103899,2022-06-12 11:00:00,CUST8657,Customer_3899,UK,Central,Books,Product_448,2,137.38,274.76,0.2,81.18,Standard,Net Banking
AMZ103900,2022-06-12 12:00:00,CUST5920,Customer_3900,Australia,North,Sports,Product_164,4,137.38,549.52,0.2,162.37,Same Day,Net Banking
AMZ103901,2022-06-12 13:00:00,CUST7324,Customer_3901,Canada,North,Sports,Product_4,1,137.38,137.38,0.2,40.59,Standard,Credit Card
AMZ103902,2022-06-12 14:00:00,CUST7327,Customer_3902,UK,North,Beauty,Product_118,3,137.38,412.14,0.2,121.78,Standard,Debit Card
AMZ103903,2022-06-12 15:00:00,CUST9417,Customer_3903,India,East,Home & Kitchen,Product_23,2,137.38,274.76,0.2,81.18,Same Day,Debit Card
AMZ103904,2022-06-12 16:00:00,CUST1776,Customer_3904,USA,Central,Home & Kitchen,Product_409,4,137.38,549.52,0.2,162.37,Standard,Net Banking
AMZ103905,2022-06-12 17:00:00,CUST6208,Customer_3905,USA,South,Home & Kitchen,Product_233,4,137.38,549.52,0.2,162.37,Same Day,UPI
AMZ103906,2022-06-12 18:00:00,CUST1687,Customer_3906,Australia,South,Beauty,Product_90,3,137.38,412.14,0.2,121.78,Same Day,Debit Card
AMZ103907,2022-06-12 19:00:00,CUST1529,Customer_3907,Canada,Central,Books,Product_476,4,137.38,549.52,0.2,162.37,Standard,Cash on Delivery
AMZ103908,2022-06-12 20:00:00,CUST6067,Customer_3908,Canada,Central,Home & Kitchen,Product_255,4,137.38,549.52,0.2,162.37,Express,Credit Card
AMZ103909,2022-06-12 21:00:00,CUST9080,Customer_3909,USA,Central,Books,Product_92,4,137.38,549.52,0.2,162.37,Same Day,UPI
AMZ103910,2022-06-12 22:00:00,CUST6518,Customer_3910,India,Central,Clothing,Product_469,2,137.38,274.76,0.2,81.18,Express,Credit Card
AMZ103911,2022-06-12 23:00:00,CUST3153,Customer_3911,USA,East,Home & Kitchen,Product_458,4,137.38,549.52,0.2,162.37,Same Day,Cash on Delivery
AMZ103912,2022-06-13 00:00:00,CUST7094,Customer_3912,USA,South,Clothing,Product_155,4,137.38,549.52,0.2,162.37,Express,Debit Card
AMZ103913,2022-06-13 01:00:00,CUST7974,Customer_3913,Canada,West,Beauty,Product_307,4,137.38,549.52,0.2,162.37,Standard,Credit Card
AMZ103914,2022-06-13 02:00:00,CUST5774,Customer_3914,UK,South,Electronics,Product_115,4,137.38,549.52,0.2,162.37,Same Day,Credit Card
AMZ103915,2022-06-13 03:00:00,CUST8692,Customer_3915,India,South,Sports,Product_207,4,137.38,549.52,0.2,162.37,Standard,Credit Card
AMZ103916,2022-06-13 04:00:00,CUST4103,Customer_3916,Canada,North,Beauty,Product_81,2,137.38,274.76,0.2,81.18,Standard,Cash on Delivery
AMZ103917,2022-06-13 05:00:00,CUST3440,Customer_3917,USA,Central,Beauty,Product_103,4,137.38,549.52,0.2,162.37,Standard,UPI
AMZ103918,2022-06-13 06:00:00,CUST5135,Customer_3918,UK,Central,Beauty,Product_483,4,137.38,549.52,0.2,162.37,Same Day,UPI
AMZ103919,2022-06-13 07:00:00,CUST8124,Customer_3919,India,Central,Home & Kitchen,Product_453,1,137.38,137.38,0.2,40.59,Standard,Cash on Delivery
AMZ103920,2022-06-13 08:00:00,CUST6201,Customer_3920,Australia,North,Clothing,Product_80,4,137.38,549.52,0.2,162.37,Standard,Credit Card
AMZ103921,2022-06-13 09:00:00,CUST1844,Customer_3921,India,East,Sports,Product_407,4,137.38,549.52,0.2,162.37,Same Day,Credit Card
AMZ103922,2022-06-13 10:00:00,CUST1446,Customer_3922,India,East,Home & Kitchen,Product_103,2,137.38,274.76,0.2,81.18,Standard,Net Banking
AMZ103923,2022-06-13 11:00:00,CUST4915,Customer_3923,USA,West,Electronics,Product_240,4,137.38,549.52,0.2,162.37,Same Day,Debit Card
AMZ103924,2022-06-13 12:00:00,CUST4109,Customer_3924,USA,East,Sports,Product_265,2,137.38,274.76,0.2,81.18,Standard,Debit Card
AMZ103925,2022-06-13 13:00:00,CUST2234,Customer_3925,Australia,East,Beauty,Product_33,3,137.38,412.14,0.2,121.78,Express,UPI
AMZ103926,2022-06-13 14:00:00,CUST7587,Customer_3926,Australia,Central,Books,Product_35,4,137.38,549.52,0.2,162.37,Standard,Cash on Delivery
AMZ103927,2022-06-13 15:00:00,CUST1226,Customer_3927,Australia,South,Electronics,Product_249,1,137.38,137.38,0.2,40.59,Express,Credit Card
AMZ103928,2022-06-13 16:00:00,CUST5143,Customer_3928,Canada,East,Clothing,Product_488,2,137.38,274.76,0.2,81.18,Same Day,Debit Card
AMZ103929,2022-06-13 17:00:00,CUST8185,Customer_3929,Canada,East,Electronics,Product_50,3,137.38,412.14,0.2,121.78,Express,Cash on Delivery
AMZ103930,2022-06-13 18:00:00,CUST6558,Customer_3930,USA,North,Home & Kitchen,Product_280,1,137.38,137.38,0.2,40.59,Same Day,Cash on Delivery
AMZ103931,2022-06-13 19:00:00,CUST1186,Customer_3931,USA,West,Books,Product_472,2,137.38,274.76,0.2,81.18,Standard,Credit Card
AMZ103932,2022-06-13 20:00:00,CUST3535,Customer_3932,Australia,North,Home & Kitchen,Product_242,3,137.38,412.14,0.2,121.78,Express,Cash on Delivery
AMZ103933,2022-06-13 21:00:00,CUST2932,Customer_3933,Canada,Central,Sports,Product_152,1,137.38,137.38,0.2,40.59,Standard,Debit Card
AMZ103934,2022-06-13 22:00:00,CUST3032,Customer_3934,UK,South,Beauty,Product_147,4,137.38,549.52,0.2,162.37,Express,Net Banking
AMZ103935,2022-06-13 23:00:00,CUST2252,Customer_3935,Canada,West,Beauty,Product_39,1,137.38,137.38,0.2,40.59,Same Day,Debit Card
AMZ103936,2022-06-14 00:00:00,CUST6509,Customer_3936,USA,North,Electronics,Product_189,1,137.38,137.38,0.2,40.59,Same Day,Net Banking
AMZ103937,2022-06-14 01:00:00,CUST6074,Customer_3937,Canada,East,Beauty,Product_25,1,137.38,137.38,0.2,40.59,Same Day,Cash on Delivery
AMZ103938,2022-06-14 02:00:00,CUST2881,Customer_3938,USA,East,Beauty,Product_244,2,137.38,274.76,0.2,81.18,Same Day,Debit Card
AMZ103939,2022-06-14 03:00:00,CUST1269,Customer_3939,Australia,West,Sports,Product_223,4,137.38,549.52,0.2,162.37,Standard,Credit Card
AMZ103940,2022-06-14 04:00:00,CUST2630,Customer_3940,Australia,East,Clothing,Product_230,4,137.38,549.52,0.2,162.37,Standard,Cash on Delivery
AMZ103941,2022-06-14 05:00:00,CUST5405,Customer_3941,Australia,North,Clothing,Product_153,2,137.38,274.76,0.2,81.18,Standard,Credit Card
AMZ103942,2022-06-14 06:00:00,CUST7139,Customer_3942,UK,North,Home & Kitchen,Product_411,1,137.38,137.38,0.2,40.59,Standard,Net Banking
AMZ103943,2022-06-14 07:00:00,CUST2574,Customer_3943,UK,East,Home & Kitchen,Product_288,4,137.38,549.52,0.2,162.37,Standard,UPI
AMZ103944,2022-06-14 08:00:00,CUST2695,Customer_3944,USA,East,Clothing,Product_395,1,137.38,137.38,0.2,40.59,Same Day,UPI
AMZ103945,2022-06-14 09:00:00,CUST4258,Customer_3945,India,Central,Electronics,Product_453,4,137.38,549.52,0.2,162.37,Standard,Net Banking
AMZ103946,2022-06-14 10:00:00,CUST4262,Customer_3946,UK,South,Clothing,Product_108,2,137.38,274.76,0.2,81.18,Standard,UPI
AMZ103947,2022-06-14 11:00:00,CUST2445,Customer_3947,USA,West,Home & Kitchen,Product_33,3,137.38,412.14,0.2,121.78,Standard,Cash on Delivery
AMZ103948,2022-06-14 12:00:00,CUST7263,Customer_3948,Canada,North,Books,Product_403,1,137.38,137.38,0.2,40.59,Same Day,Cash on Delivery
AMZ103949,2022-06-14 13:00:00,CUST9411,Customer_3949,Australia,West,Beauty,Product_363,4,137.38,549.52,0.2,162.37,Same Day,Debit Card
AMZ103950,2022-06-14 14:00:00,CUST1052,Customer_3950,Australia,Central,Sports,Product_111,4,137.38,549.52,0.2,162.37,Same Day,Cash on Delivery
AMZ103951,2022-06-14 15:00:00,CUST6570,Customer_3951,Australia,North,Books,Product_121,4,137.38,549.52,0.2,162.37,Same Day,UPI
AMZ103952,2022-06-14 16:00:00,CUST8579,Customer_3952,USA,Central,Books,Product_16,2,137.38,274.76,0.2,81.18,Standard,Credit Card
AMZ103953,2022-06-14 17:00:00,CUST2666,Customer_3953,Australia,Central,Beauty,Product_227,2,137.38,274.76,0.2,81.18,Standard,Debit Card
AMZ103954,2022-06-14 18:00:00,CUST7901,Customer_3954,UK,East,Clothing,Product_11,3,137.38,412.14,0.2,121.78,Express,Credit Card
AMZ103955,2022-06-14 19:00:00,CUST3785,Customer_3955,Canada,West,Electronics,Product_203,2,137.38,274.76,0.2,81.18,Standard,UPI
AMZ103956,2022-06-14 20:00:00,CUST1719,Customer_3956,Australia,West,Books,Product_202,1,137.38,137.38,0.2,40.59,Same Day,Credit Card
AMZ103957,2022-06-14 21:00:00,CUST9597,Customer_3957,USA,East,Electronics,Product_98,2,137.38,274.76,0.2,81.18,Same Day,UPI
AMZ103958,2022-06-14 22:00:00,CUST7855,Customer_3958,Canada,West,Sports,Product_116,4,137.38,549.52,0.2,162.37,Standard,Cash on Delivery
AMZ103959,2022-06-14 23:00:00,CUST3294,Customer_3959,Australia,East,Sports,Product_453,1,137.38,137.38,0.2,40.59,Express,Debit Card
AMZ103960,2022-06-15 00:00:00,CUST9263,Customer_3960,India,North,Sports,Product_471,2,137.38,274.76,0.2,81.18,Same Day,Net Banking
AMZ103961,2022-06-15 01:00:00,CUST5482,Customer_3961,Australia,Central,Home & Kitchen,Product_439,1,137.38,137.38,0.2,40.59,Express,UPI
AMZ103962,2022-06-15 02:00:00,CUST1698,Customer_3962,UK,Central,Books,Product_281,1,137.38,137.38,0.2,40.59,Same Day,Cash on Delivery
AMZ103963,2022-06-15 03:00:00,CUST8243,Customer_3963,Canada,West,Sports,Product_349,2,137.38,274.76,0.2,81.18,Same Day,Credit Card
AMZ103964,2022-06-15 04:00:00,CUST6918,Customer_3964,UK,South,Home & Kitchen,Product_232,1,137.38,137.38,0.2,40.59,Standard,Cash on Delivery
AMZ103965,2022-06-15 05:00:00,CUST1348,Customer_3965,India,Central,Sports,Product_461,4,137.38,549.52,0.2,162.37,Same Day,Credit Card
AMZ103966,2022-06-15 06:00:00,CUST6374,Customer_3966,India,East,Clothing,Product_111,4,137.38,549.52,0.2,162.37,Express,Credit Card
AMZ103967,2022-06-15 07:00:00,CUST8869,Customer_3967,UK,South,Books,Product_352,2,137.38,274.76,0.2,81.18,Express,Credit Card
AMZ103968,2022-06-15 08:00:00,CUST1307,Customer_3968,Canada,South,Home & Kitchen,Product_418,2,137.38,274.76,0.2,81.18,Standard,Credit Card
AMZ103969,2022-06-15 09:00:00,CUST4416,Customer_3969,India,Central,Sports,Product_12,4,137.38,549.52,0.2,162.37,Same Day,Debit Card
AMZ103970,2022-06-15 10:00:00,CUST5820,Customer_3970,India,Central,Home & Kitchen,Product_472,2,137.38,274.76,0.2,81.18,Express,Credit Card
AMZ103971,2022-06-15 11:00:00,CUST4558,Customer_3971,Australia,Central,Sports,Product_488,4,137.38,549.52,0.2,162.37,Standard,Debit Card
AMZ103972,2022-06-15 12:00:00,CUST5478,Customer_3972,USA,East,Clothing,Product_21,1,137.38,137.38,0.2,40.59,Express,Net Banking
AMZ103973,2022-06-15 13:00:00,CUST7531,Customer_3973,India,South,Electronics,Product_127,2,137.38,274.76,0.2,81.18,Standard,Debit Card
AMZ103974,2022-06-15 14:00:00,CUST5620,Customer_3974,Canada,West,Sports,Product_285,3,137.38,412.14,0.2,121.78,Express,Credit Card
AMZ103975,2022-06-15 15:00:00,CUST3985,Customer_3975,Canada,East,Electronics,Product_435,4,137.38,549.52,0.2,162.37,Same Day,Net Banking
AMZ103976,2022-06-15 16:00:00,CUST9112,Customer_3976,Australia,North,Books,Product_121,4,137.38,549.52,0.2,162.37,Express,Cash on Delivery
AMZ103977,2022-06-15 17:00:00,CUST9467,Customer_3977,Canada,Central,Clothing,Product_124,1,137.38,137.38,0.2,40.59,Express,Debit Card
AMZ103978,2022-06-15 18:00:00,CUST3547,Customer_3978,Australia,South,Books,Product_407,3,137.38,412.14,0.2,121.78,Standard,Cash on Delivery
AMZ103979,2022-06-15 19:00:00,CUST1336,Customer_3979,India,East,Electronics,Product_33,3,137.38,412.14,0.2,121.78,Standard,Net Banking
AMZ103980,2022-06-15 20:00:00,CUST3979,Customer_3980,India,North,Clothing,Product_392,3,137.38,412.14,0.2,121.78,Standard,Debit Card
AMZ103981,2022-06-15 21:00:00,CUST4968,Customer_3981,India,East,Beauty,Product_170,4,137.38,549.52,0.2,162.37,Express,Credit Card
AMZ103982,2022-06-15 22:00:00,CUST1910,Customer_3982,India,East,Clothing,Product_77,4,137.38,549.52,0.2,162.37,Standard,Debit Card
AMZ103983,2022-06-15 23:00:00,CUST2996,Customer_3983,USA,West,Clothing,Product_453,3,137.38,412.14,0.2,121.78,Same Day,Credit Card
AMZ103984,2022-06-16 00:00:00,CUST4129,Customer_3984,USA,West,Beauty,Product_297,2,137.38,274.76,0.2,81.18,Standard,UPI
AMZ103985,2022-06-16 01:00:00,CUST6447,Customer_3985,India,East,Home & Kitchen,Product_330,3,137.38,412.14,0.2,121.78,Standard,Debit Card
AMZ103986,2022-06-16 02:00:00,CUST7129,Customer_3986,Canada,North,Home & Kitchen,Product_63,1,137.38,137.38,0.2,40.59,Same Day,Debit Card
AMZ103987,2022-06-16 03:00:00,CUST6850,Customer_3987,Australia,South,Home & Kitchen,Product_270,3,137.38,412.14,0.2,121.78,Standard,Cash on Delivery
AMZ103988,2022-06-16 04:00:00,CUST5204,Customer_3988,UK,South,Electronics,Product_216,3,137.38,412.14,0.2,121.78,Standard,Cash on Delivery
AMZ103989,2022-06-16 05:00:00,CUST8446,Customer_3989,Australia,Central,Clothing,Product_190,3,137.38,412.14,0.2,121.78,Express,Net Banking
AMZ103990,2022-06-16 06:00:00,CUST9519,Customer_3990,UK,Central,Sports,Product_75,2,137.38,274.76,0.2,81.18,Express,Credit Card
AMZ103991,2022-06-16 07:00:00,CUST1314,Customer_3991,UK,South,Beauty,Product_174,3,137.38,412.14,0.2,121.78,Standard,Cash on Delivery
AMZ103992,2022-06-16 08:00:00,CUST2134,Customer_3992,India,East,Sports,Product_67,3,137.38,412.14,0.2,121.78,Same Day,Net Banking
AMZ103993,2022-06-16 09:00:00,CUST5876,Customer_3993,UK,East,Electronics,Product_93,4,137.38,549.52,0.2,162.37,Standard,Credit Card
AMZ103994,2022-06-16 10:00:00,CUST9102,Customer_3994,India,West,Beauty,Product_53,3,137.38,412.14,0.2,121.78,Standard,Credit Card
AMZ103995,2022-06-16 11:00:00,CUST9347,Customer_3995,USA,West,Sports,Product_496,1,137.38,137.38,0.2,40.59,Standard,Credit Card
AMZ103996,2022-06-16 12:00:00,CUST6592,Customer_3996,Canada,Central,Electronics,Product_436,4,137.38,549.52,0.2,162.37,Express,UPI
AMZ103997,2022-06-16 13:00:00,CUST2724,Customer_3997,UK,South,Electronics,Product_94,2,137.38,274.76,0.2,81.18,Same Day,Credit Card
AMZ103998,2022-06-16 14:00:00,CUST4343,Customer_3998,Canada,East,Electronics,Product_113,4,137.38,549.52,0.2,162.37,Same Day,Net Banking
AMZ103999,2022-06-16 15:00:00,CUST1886,Customer_3999,India,South,Beauty,Product_229,2,137.38,274.76,0.2,81.18,Same Day,Credit Card
AMZ104000,2022-06-16 16:00:00,CUST1721,Customer_4000,UK,North,Sports,Product_250,2,137.38,274.76,0.2,81.18,Express,Credit Card
AMZ104001,2022-06-16 17:00:00,CUST8678,Customer_4001,Australia,South,Sports,Product_391,1,137.38,137.38,0.2,40.59,Express,Net Banking
AMZ104002,2022-06-16 18:00:00,CUST4357,Customer_4002,USA,North,Books,Product_209,3,137.38,412.14,0.2,121.78,Standard,Debit Card
AMZ104003,2022-06-16 19:00:00,CUST1870,Customer_4003,USA,West,Electronics,Product_468,1,137.38,137.38,0.2,40.59,Express,Credit Card
AMZ104004,2022-06-16 20:00:00,CUST7751,Customer_4004,UK,West,Home & Kitchen,Product_182,4,137.38,549.52,0.2,162.37,Standard,Net Banking
AMZ104005,2022-06-16 21:00:00,CUST1497,Customer_4005,USA,Central,Clothing,Product_267,2,137.38,274.76,0.2,81.18,Express,Cash on Delivery
AMZ104006,2022-06-16 22:00:00,CUST2756,Customer_4006,Australia,South,Books,Product_492,4,137.38,549.52,0.2,162.37,Standard,Net Banking
AMZ104007,2022-06-16 23:00:00,CUST2117,Customer_4007,Canada,South,Books,Product_281,2,137.38,274.76,0.2,81.18,Express,UPI
AMZ104008,2022-06-17 00:00:00,CUST3828,Customer_4008,Australia,North,Beauty,Product_443,4,137.38,549.52,0.2,162.37,Same Day,Cash on Delivery
AMZ104009,2022-06-17 01:00:00,CUST2647,Customer_4009,USA,West,Books,Product_472,2,137.38,274.76,0.2,81.18,Standard,Debit Card
AMZ104010,2022-06-17 02:00:00,CUST7992,Customer_4010,Canada,North,Sports,Product_450,1,137.38,137.38,0.2,40.59,Express,Debit Card
AMZ104011,2022-06-17 03:00:00,CUST7771,Customer_4011,Australia,West,Beauty,Product_155,2,137.38,274.76,0.2,81.18,Express,Net Banking
AMZ104012,2022-06-17 04:00:00,CUST1142,Customer_4012,India,North,Beauty,Product_83,3,137.38,412.14,0.2,121.78,Standard,Net Banking
AMZ104013,2022-06-17 05:00:00,CUST3761,Customer_4013,India,West,Home & Kitchen,Product_186,1,137.38,137.38,0.2,40.59,Express,Credit Card
AMZ104014,2022-06-17 06:00:00,CUST4435,Customer_4014,Canada,North,Electronics,Product_349,3,137.38,412.14,0.2,121.78,Same Day,Credit Card
AMZ104015,2022-06-17 07:00:00,CUST7622,Customer_4015,Canada,West,Books,Product_485,4,137.38,549.52,0.2,162.37,Standard,UPI
AMZ104016,2022-06-17 08:00:00,CUST8069,Customer_4016,Canada,North,Electronics,Product_139,4,137.38,549.52,0.2,162.37,Standard,Credit Card
AMZ104017,2022-06-17 09:00:00,CUST5512,Customer_4017,India,South,Electronics,Product_55,2,137.38,274.76,0.2,81.18,Standard,Net Banking
AMZ104018,2022-06-17 10:00:00,CUST2848,Customer_4018,Australia,Central,Electronics,Product_19,2,137.38,274.76,0.2,81.18,Standard,Net Banking
AMZ104019,2022-06-17 11:00:00,CUST3696,Customer_4019,Canada,North,Beauty,Product_348,4,137.38,549.52,0.2,162.37,Standard,Credit Card
AMZ104020,2022-06-17 12:00:00,CUST2717,Customer_4020,India,Central,Electronics,Product_423,1,137.38,137.38,0.2,40.59,Same Day,UPI
AMZ104021,2022-06-17 13:00:00,CUST4072,Customer_4021,Canada,South,Books,Product_469,3,137.38,412.14,0.2,121.78,Standard,Net Banking
AMZ104022,2022-06-17 14:00:00,CUST3786,Customer_4022,Canada,South,Beauty,Product_346,4,137.38,549.52,0.2,162.37,Same Day,UPI
AMZ104023,2022-06-17 15:00:00,CUST4791,Customer_4023,Canada,West,Books,Product_470,1,137.38,137.38,0.2,40.59,Same Day,Net Banking
AMZ104024,2022-06-17 16:00:00,CUST4871,Customer_4024,India,Central,Beauty,Product_454,3,137.38,412.14,0.2,121.78,Same Day,UPI
AMZ104025,2022-06-17 17:00:00,CUST2806,Customer_4025,Australia,East,Clothing,Product_267,2,137.38,274.76,0.2,81.18,Standard,UPI
AMZ104026,2022-06-17 18:00:00,CUST2504,Customer_4026,India,West,Clothing,Product_142,1,137.38,137.38,0.2,40.59,Same Day,UPI
AMZ104027,2022-06-17 19:00:00,CUST4308,Customer_4027,India,Central,Clothing,Product_316,1,137.38,137.38,0.2,40.59,Standard,Credit Card
AMZ104028,2022-06-17 20:00:00,CUST8117,Customer_4028,Canada,North,Clothing,Product_164,4,137.38,549.52,0.2,162.37,Same Day,Debit Card
AMZ104029,2022-06-17 21:00:00,CUST6048,Customer_4029,UK,North,Beauty,Product_252,3,137.38,412.14,0.2,121.78,Standard,UPI
AMZ104030,2022-06-17 22:00:00,CUST9263,Customer_4030,UK,South,Electronics,Product_232,4,137.38,549.52,0.2,162.37,Express,UPI
AMZ104031,2022-06-17 23:00:00,CUST2690,Customer_4031,UK,East,Home & Kitchen,Product_297,2,137.38,274.76,0.2,81.18,Express,Net Banking
AMZ104032,2022-06-18 00:00:00,CUST4303,Customer_4032,India,North,Sports,Product_386,2,137.38,274.76,0.2,81.18,Same Day,Debit Card
AMZ104033,2022-06-18 01:00:00,CUST4113,Customer_4033,Canada,Central,Home & Kitchen,Product_441,3,137.38,412.14,0.2,121.78,Express,Net Banking
AMZ104034,2022-06-18 02:00:00,CUST8850,Customer_4034,UK,Central,Clothing,Product_363,3,137.38,412.14,0.2,121.78,Same Day,Net Banking
AMZ104035,2022-06-18 03:00:00,CUST7416,Customer_4035,USA,North,Electronics,Product_60,3,137.38,412.14,0.2,121.78,Same Day,UPI
AMZ104036,2022-06-18 04:00:00,CUST2504,Customer_4036,USA,Central,Books,Product_404,4,137.38,549.52,0.2,162.37,Same Day,Cash on Delivery
AMZ104037,2022-06-18 05:00:00,CUST9924,Customer_4037,USA,Central,Electronics,Product_22,3,137.38,412.14,0.2,121.78,Express,Debit Card
AMZ104038,2022-06-18 06:00:00,CUST4924,Customer_4038,Australia,South,Books,Product_384,3,137.38,412.14,0.2,121.78,Same Day,Net Banking
AMZ104039,2022-06-18 07:00:00,CUST9615,Customer_4039,Canada,East,Home & Kitchen,Product_126,4,137.38,549.52,0.2,162.37,Express,Cash on Delivery
AMZ104040,2022-06-18 08:00:00,CUST5485,Customer_4040,India,South,Electronics,Product_103,2,137.38,274.76,0.2,81.18,Express,Cash on Delivery
AMZ104041,2022-06-18 09:00:00,CUST9100,Customer_4041,India,East,Electronics,Product_388,2,137.38,274.76,0.2,81.18,Standard,Net Banking
AMZ104042,2022-06-18 10:00:00,CUST9684,Customer_4042,Canada,Central,Sports,Product_440,1,137.38,137.38,0.2,40.59,Express,UPI
AMZ104043,2022-06-18 11:00:00,CUST1191,Customer_4043,Australia,East,Home & Kitchen,Product_221,2,137.38,274.76,0.2,81.18,Standard,Credit Card
AMZ104044,2022-06-18 12:00:00,CUST9690,Customer_4044,Canada,Central,Electronics,Product_110,3,137.38,412.14,0.2,121.78,Same Day,Net Banking
AMZ104045,2022-06-18 13:00:00,CUST5917,Customer_4045,Australia,Central,Books,Product_58,2,137.38,274.76,0.2,81.18,Same Day,UPI
AMZ104046,2022-06-18 14:00:00,CUST6831,Customer_4046,UK,South,Electronics,Product_472,4,137.38,549.52,0.2,162.37,Standard,Debit Card
AMZ104047,2022-06-18 15:00:00,CUST5322,Customer_4047,UK,South,Books,Product_65,2,137.38,274.76,0.2,81.18,Same Day,UPI
AMZ104048,2022-06-18 16:00:00,CUST7999,Customer_4048,Australia,West,Clothing,Product_472,2,137.38,274.76,0.2,81.18,Standard,Cash on Delivery
AMZ104049,2022-06-18 17:00:00,CUST8282,Customer_4049,Canada,North,Electronics,Product_58,1,137.38,137.38,0.2,40.59,Standard,Debit Card
AMZ104050,2022-06-18 18:00:00,CUST2874,Customer_4050,UK,West,Books,Product_158,1,137.38,137.38,0.2,40.59,Same Day,Debit Card
AMZ104051,2022-06-18 19:00:00,CUST5763,Customer_4051,Canada,West,Home & Kitchen,Product_76,3,137.38,412.14,0.2,121.78,Standard,Credit Card
AMZ104052,2022-06-18 20:00:00,CUST9464,Customer_4052,UK,East,Clothing,Product_19,4,137.38,549.52,0.2,162.37,Standard,Credit Card
AMZ104053,2022-06-18 21:00:00,CUST2051,Customer_4053,Canada,Central,Electronics,Product_384,3,137.38,412.14,0.2,121.78,Standard,Net Banking
AMZ104054,2022-06-18 22:00:00,CUST8538,Customer_4054,Canada,Central,Sports,Product_485,4,137.38,549.52,0.2,162.37,Same Day,UPI
AMZ104055,2022-06-18 23:00:00,CUST8411,Customer_4055,USA,Central,Books,Product_190,4,137.38,549.52,0.2,162.37,Same Day,Net Banking
AMZ104056,2022-06-19 00:00:00,CUST7320,Customer_4056,Australia,North,Sports,Product_250,1,137.38,137.38,0.2,40.59,Same Day,Credit Card
AMZ104057,2022-06-19 01:00:00,CUST3105,Customer_4057,India,East,Electronics,Product_360,2,137.38,274.76,0.2,81.18,Same Day,Cash on Delivery
AMZ104058,2022-06-19 02:00:00,CUST1307,Customer_4058,Australia,East,Books,Product_363,2,137.38,274.76,0.2,81.18,Same Day,Credit Card
AMZ104059,2022-06-19 03:00:00,CUST8737,Customer_4059,Canada,Central,Electronics,Product_374,1,137.38,137.38,0.2,40.59,Express,UPI
AMZ104060,2022-06-19 04:00:00,CUST4359,Customer_4060,Canada,West,Clothing,Product_452,3,137.38,412.14,0.2,121.78,Express,Cash on Delivery
AMZ104061,2022-06-19 05:00:00,CUST4176,Customer_4061,Australia,North,Clothing,Product_79,2,137.38,274.76,0.2,81.18,Standard,Net Banking
AMZ104062,2022-06-19 06:00:00,CUST2251,Customer_4062,Canada,West,Electronics,Product_84,3,137.38,412.14,0.2,121.78,Express,Net Banking
AMZ104063,2022-06-19 07:00:00,CUST6366,Customer_4063,UK,South,Electronics,Product_172,2,137.38,274.76,0.2,81.18,Same Day,Credit Card
AMZ104064,2022-06-19 08:00:00,CUST2517,Customer_4064,Canada,East,Beauty,Product_212,3,137.38,412.14,0.2,121.78,Same Day,Credit Card
AMZ104065,2022-06-19 09:00:00,CUST7226,Customer_4065,Australia,East,Electronics,Product_374,4,137.38,549.52,0.2,162.37,Same Day,Net Banking
AMZ104066,2022-06-19 10:00:00,CUST6305,Customer_4066,Australia,West,Electronics,Product_445,4,137.38,549.52,0.2,162.37,Standard,Net Banking
AMZ104067,2022-06-19 11:00:00,CUST6869,Customer_4067,Australia,North,Sports,Product_149,2,137.38,274.76,0.2,81.18,Standard,Debit Card
AMZ104068,2022-06-19 12:00:00,CUST9039,Customer_4068,USA,East,Sports,Product_10,3,137.38,412.14,0.2,121.78,Standard,UPI
AMZ104069,2022-06-19 13:00:00,CUST5891,Customer_4069,USA,West,Clothing,Product_30,3,137.38,412.14,0.2,121.78,Standard,Debit Card
AMZ104070,2022-06-19 14:00:00,CUST5992,Customer_4070,USA,North,Sports,Product_280,4,137.38,549.52,0.2,162.37,Standard,Debit Card
AMZ104071,2022-06-19 15:00:00,CUST2961,Customer_4071,USA,West,Electronics,Product_432,3,137.38,412.14,0.2,121.78,Standard,Net Banking
AMZ104072,2022-06-19 16:00:00,CUST3863,Customer_4072,USA,North,Home & Kitchen,Product_55,1,137.38,137.38,0.2,40.59,Express,UPI
AMZ104073,2022-06-19 17:00:00,CUST7603,Customer_4073,USA,Central,Electronics,Product_360,3,137.38,412.14,0.2,121.78,Same Day,Net Banking
AMZ104074,2022-06-19 18:00:00,CUST5567,Customer_4074,USA,North,Beauty,Product_127,4,137.38,549.52,0.2,162.37,Express,Debit Card
AMZ104075,2022-06-19 19:00:00,CUST7513,Customer_4075,Australia,South,Books,Product_180,1,137.38,137.38,0.2,40.59,Standard,Debit Card
AMZ104076,2022-06-19 20:00:00,CUST5005,Customer_4076,India,Central,Clothing,Product_232,1,137.38,137.38,0.2,40.59,Same Day,Net Banking
AMZ104077,2022-06-19 21:00:00,CUST1183,Customer_4077,USA,West,Sports,Product_381,3,137.38,412.14,0.2,121.78,Same Day,Credit Card
AMZ104078,2022-06-19 22:00:00,CUST8755,Customer_4078,Australia,Central,Home & Kitchen,Product_422,4,137.38,549.52,0.2,162.37,Same Day,Credit Card
AMZ104079,2022-06-19 23:00:00,CUST4358,Customer_4079,India,Central,Books,Product_451,4,137.38,549.52,0.2,162.37,Express,Net Banking
AMZ104080,2022-06-20 00:00:00,CUST7615,Customer_4080,USA,West,Home & Kitchen,Product_93,4,137.38,549.52,0.2,162.37,Same Day,Cash on Delivery
AMZ104081,2022-06-20 01:00:00,CUST7797,Customer_4081,India,West,Clothing,Product_8,1,137.38,137.38,0.2,40.59,Standard,Cash on Delivery
AMZ104082,2022-06-20 02:00:00,CUST9728,Customer_4082,India,South,Sports,Product_413,4,137.38,549.52,0.2,162.37,Standard,Credit Card
AMZ104083,2022-06-20 03:00:00,CUST8678,Customer_4083,UK,West,Beauty,Product_247,1,137.38,137.38,0.2,40.59,Express,UPI
AMZ104084,2022-06-20 04:00:00,CUST6698,Customer_4084,Canada,East,Clothing,Product_394,1,137.38,137.38,0.2,40.59,Express,Debit Card
AMZ104085,2022-06-20 05:00:00,CUST2273,Customer_4085,UK,East,Home & Kitchen,Product_453,2,137.38,274.76,0.2,81.18,Standard,UPI
AMZ104086,2022-06-20 06:00:00,CUST7653,Customer_4086,India,South,Home & Kitchen,Product_331,3,137.38,412.14,0.2,121.78,Express,Credit Card
AMZ104087,2022-06-20 07:00:00,CUST2096,Customer_4087,Australia,North,Clothing,Product_196,4,137.38,549.52,0.2,162.37,Same Day,Net Banking
AMZ104088,2022-06-20 08:00:00,CUST9002,Customer_4088,USA,North,Electronics,Product_433,1,137.38,137.38,0.2,40.59,Express,Cash on Delivery
AMZ104089,2022-06-20 09:00:00,CUST5247,Customer_4089,Canada,East,Clothing,Product_442,3,137.38,412.14,0.2,121.78,Same Day,Credit Card
AMZ104090,2022-06-20 10:00:00,CUST6314,Customer_4090,USA,West,Sports,Product_163,1,137.38,137.38,0.2,40.59,Same Day,UPI
AMZ104091,2022-06-20 11:00:00,CUST4354,Customer_4091,Australia,South,Sports,Product_434,3,137.38,412.14,0.2,121.78,Same Day,UPI
AMZ104092,2022-06-20 12:00:00,CUST1270,Customer_4092,Canada,North,Beauty,Product_40,1,137.38,137.38,0.2,40.59,Same Day,Credit Card
AMZ104093,2022-06-20 13:00:00,CUST2186,Customer_4093,UK,North,Clothing,Product_254,4,137.38,549.52,0.2,162.37,Same Day,Debit Card
AMZ104094,2022-06-20 14:00:00,CUST7305,Customer_4094,India,Central,Books,Product_396,2,137.38,274.76,0.2,81.18,Standard,UPI
AMZ104095,2022-06-20 15:00:00,CUST3398,Customer_4095,Australia,East,Sports,Product_85,2,137.38,274.76,0.2,81.18,Standard,Debit Card
AMZ104096,2022-06-20 16:00:00,CUST7995,Customer_4096,India,West,Sports,Product_272,2,137.38,274.76,0.2,81.18,Standard,Debit Card
AMZ104097,2022-06-20 17:00:00,CUST8299,Customer_4097,India,South,Sports,Product_78,1,137.38,137.38,0.2,40.59,Same Day,Net Banking
AMZ104098,2022-06-20 18:00:00,CUST5182,Customer_4098,USA,North,Electronics,Product_213,3,137.38,412.14,0.2,121.78,Express,Credit Card
AMZ104099,2022-06-20 19:00:00,CUST3230,Customer_4099,Australia,Central,Books,Product_304,4,137.38,549.52,0.2,162.37,Express,Credit Card
AMZ104100,2022-06-20 20:00:00,CUST7511,Customer_4100,India,East,Clothing,Product_255,4,137.38,549.52,0.2,162.37,Same Day,Debit Card
AMZ104101,2022-06-20 21:00:00,CUST1128,Customer_4101,UK,East,Electronics,Product_91,1,137.38,137.38,0.2,40.59,Express,Net Banking
AMZ104102,2022-06-20 22:00:00,CUST4672,Customer_4102,Canada,South,Sports,Product_484,2,137.38,274.76,0.2,81.18,Same Day,UPI
AMZ104103,2022-06-20 23:00:00,CUST5765,Customer_4103,Australia,North,Books,Product_385,1,137.38,137.38,0.2,40.59,Express,UPI
AMZ104104,2022-06-21 00:00:00,CUST4970,Customer_4104,USA,South,Books,Product_193,3,137.38,412.14,0.2,121.78,Same Day,Credit Card
AMZ104105,2022-06-21 01:00:00,CUST8545,Customer_4105,Australia,South,Electronics,Product_253,2,137.38,274.76,0.2,81.18,Express,Debit Card
AMZ104106,2022-06-21 02:00:00,CUST6552,Customer_4106,USA,Central,Sports,Product_278,1,137.38,137.38,0.2,40.59,Express,Net Banking
AMZ104107,2022-06-21 03:00:00,CUST1627,Customer_4107,Canada,East,Electronics,Product_143,3,137.38,412.14,0.2,121.78,Standard,Net Banking
AMZ104108,2022-06-21 04:00:00,CUST7589,Customer_4108,UK,West,Home & Kitchen,Product_244,2,137.38,274.76,0.2,81.18,Express,UPI
AMZ104109,2022-06-21 05:00:00,CUST3044,Customer_4109,India,East,Sports,Product_212,4,137.38,549.52,0.2,162.37,Express,UPI
AMZ104110,2022-06-21 06:00:00,CUST3341,Customer_4110,Australia,East,Electronics,Product_195,3,137.38,412.14,0.2,121.78,Same Day,Cash on Delivery
AMZ104111,2022-06-21 07:00:00,CUST6884,Customer_4111,USA,Central,Clothing,Product_270,4,137.38,549.52,0.2,162.37,Express,Cash on Delivery
AMZ104112,2022-06-21 08:00:00,CUST9185,Customer_4112,Canada,West,Sports,Product_329,3,137.38,412.14,0.2,121.78,Express,Debit Card
AMZ104113,2022-06-21 09:00:00,CUST1249,Customer_4113,India,North,Beauty,Product_19,2,137.38,274.76,0.2,81.18,Express,Cash on Delivery
AMZ104114,2022-06-21 10:00:00,CUST3925,Customer_4114,Canada,West,Sports,Product_40,1,137.38,137.38,0.2,40.59,Express,Net Banking
AMZ104115,2022-06-21 11:00:00,CUST6043,Customer_4115,UK,North,Home & Kitchen,Product_98,1,137.38,137.38,0.2,40.59,Express,Cash on Delivery
AMZ104116,2022-06-21 12:00:00,CUST1974,Customer_4116,India,West,Electronics,Product_4,1,137.38,137.38,0.2,40.59,Standard,Credit Card
AMZ104117,2022-06-21 13:00:00,CUST8192,Customer_4117,India,South,Beauty,Product_33,1,137.38,137.38,0.2,40.59,Express,Credit Card
AMZ104118,2022-06-21 14:00:00,CUST3672,Customer_4118,India,West,Home & Kitchen,Product_299,3,137.38,412.14,0.2,121.78,Same Day,UPI
AMZ104119,2022-06-21 15:00:00,CUST8279,Customer_4119,USA,Central,Clothing,Product_165,1,137.38,137.38,0.2,40.59,Same Day,UPI
AMZ104120,2022-06-21 16:00:00,CUST8531,Customer_4120,India,North,Sports,Product_450,1,137.38,137.38,0.2,40.59,Express,Debit Card
AMZ104121,2022-06-21 17:00:00,CUST9662,Customer_4121,Canada,East,Beauty,Product_27,3,137.38,412.14,0.2,121.78,Express,Credit Card
AMZ104122,2022-06-21 18:00:00,CUST2987,Customer_4122,USA,Central,Electronics,Product_173,3,137.38,412.14,0.2,121.78,Express,Debit Card
AMZ104123,2022-06-21 19:00:00,CUST1090,Customer_4123,India,North,Electronics,Product_337,2,137.38,274.76,0.2,81.18,Standard,Debit Card
AMZ104124,2022-06-21 20:00:00,CUST9721,Customer_4124,Canada,North,Clothing,Product_113,3,137.38,412.14,0.2,121.78,Same Day,Cash on Delivery
AMZ104125,2022-06-21 21:00:00,CUST5059,Customer_4125,Canada,East,Home & Kitchen,Product_434,4,137.38,549.52,0.2,162.37,Standard,UPI
AMZ104126,2022-06-21 22:00:00,CUST3773,Customer_4126,Australia,South,Beauty,Product_373,2,137.38,274.76,0.2,81.18,Standard,Debit Card
AMZ104127,2022-06-21 23:00:00,CUST9383,Customer_4127,Canada,Central,Clothing,Product_380,2,137.38,274.76,0.2,81.18,Express,Debit Card
AMZ104128,2022-06-22 00:00:00,CUST8409,Customer_4128,UK,East,Home & Kitchen,Product_95,1,137.38,137.38,0.2,40.59,Express,UPI
AMZ104129,2022-06-22 01:00:00,CUST5440,Customer_4129,India,East,Books,Product_319,1,137.38,137.38,0.2,40.59,Same Day,UPI
AMZ104130,2022-06-22 02:00:00,CUST8347,Customer_4130,India,South,Books,Product_233,4,137.38,549.52,0.2,162.37,Express,Credit Card
AMZ104131,2022-06-22 03:00:00,CUST2008,Customer_4131,India,Central,Home & Kitchen,Product_134,1,137.38,137.38,0.2,40.59,Same Day,UPI
AMZ104132,2022-06-22 04:00:00,CUST4783,Customer_4132,Canada,East,Electronics,Product_124,3,137.38,412.14,0.2,121.78,Standard,Cash on Delivery
AMZ104133,2022-06-22 05:00:00,CUST7646,Customer_4133,Canada,South,Electronics,Product_372,3,137.38,412.14,0.2,121.78,Same Day,Credit Card
AMZ104134,2022-06-22 06:00:00,CUST5298,Customer_4134,India,Central,Books,Product_351,1,137.38,137.38,0.2,40.59,Same Day,Debit Card
AMZ104135,2022-06-22 07:00:00,CUST5668,Customer_4135,USA,West,Electronics,Product_323,1,137.38,137.38,0.2,40.59,Same Day,Cash on Delivery
AMZ104136,2022-06-22 08:00:00,CUST5287,Customer_4136,USA,North,Electronics,Product_488,3,137.38,412.14,0.2,121.78,Standard,Cash on Delivery
AMZ104137,2022-06-22 09:00:00,CUST3052,Customer_4137,UK,South,Home & Kitchen,Product_451,2,137.38,274.76,0.2,81.18,Standard,Credit Card
AMZ104138,2022-06-22 10:00:00,CUST7009,Customer_4138,Australia,North,Sports,Product_353,4,137.38,549.52,0.2,162.37,Express,Debit Card
AMZ104139,2022-06-22 11:00:00,CUST2716,Customer_4139,UK,West,Home & Kitchen,Product_116,4,137.38,549.52,0.2,162.37,Express,Credit Card
AMZ104140,2022-06-22 12:00:00,CUST1310,Customer_4140,India,East,Electronics,Product_443,2,137.38,274.76,0.2,81.18,Same Day,Net Banking
AMZ104141,2022-06-22 13:00:00,CUST5538,Customer_4141,India,East,Home & Kitchen,Product_13,4,137.38,549.52,0.2,162.37,Same Day,Net Banking
AMZ104142,2022-06-22 14:00:00,CUST2260,Customer_4142,India,Central,Beauty,Product_405,1,137.38,137.38,0.2,40.59,Standard,Credit Card
AMZ104143,2022-06-22 15:00:00,CUST4932,Customer_4143,Australia,South,Books,Product_320,1,137.38,137.38,0.2,40.59,Standard,Debit Card
AMZ104144,2022-06-22 16:00:00,CUST1584,Customer_4144,Canada,South,Sports,Product_165,1,137.38,137.38,0.2,40.59,Standard,Debit Card
AMZ104145,2022-06-22 17:00:00,CUST8616,Customer_4145,Australia,Central,Beauty,Product_208,4,137.38,549.52,0.2,162.37,Same Day,UPI
AMZ104146,2022-06-22 18:00:00,CUST9551,Customer_4146,UK,North,Beauty,Product_85,2,137.38,274.76,0.2,81.18,Same Day,Cash on Delivery
AMZ104147,2022-06-22 19:00:00,CUST3866,Customer_4147,Canada,East,Electronics,Product_248,1,137.38,137.38,0.2,40.59,Standard,Credit Card
AMZ104148,2022-06-22 20:00:00,CUST6898,Customer_4148,Canada,East,Electronics,Product_432,2,137.38,274.76,0.2,81.18,Same Day,Cash on Delivery
AMZ104149,2022-06-22 21:00:00,CUST3011,Customer_4149,UK,South,Beauty,Product_56,3,137.38,412.14,0.2,121.78,Standard,Cash on Delivery
AMZ104150,2022-06-22 22:00:00,CUST7251,Customer_4150,Canada,South,Beauty,Product_172,3,137.38,412.14,0.2,121.78,Express,Net Banking
AMZ104151,2022-06-22 23:00:00,CUST5939,Customer_4151,USA,Central,Clothing,Product_141,3,137.38,412.14,0.2,121.78,Standard,Net Banking
AMZ104152,2022-06-23 00:00:00,CUST5006,Customer_4152,UK,West,Clothing,Product_132,4,137.38,549.52,0.2,162.37,Same Day,Credit Card
AMZ104153,2022-06-23 01:00:00,CUST2625,Customer_4153,UK,North,Books,Product_479,4,137.38,549.52,0.2,162.37,Same Day,Credit Card
AMZ104154,2022-06-23 02:00:00,CUST1890,Customer_4154,USA,West,Beauty,Product_201,1,137.38,137.38,0.2,40.59,Same Day,Debit Card
AMZ104155,2022-06-23 03:00:00,CUST7078,Customer_4155,Australia,West,Home & Kitchen,Product_368,3,137.38,412.14,0.2,121.78,Same Day,Credit Card
AMZ104156,2022-06-23 04:00:00,CUST8036,Customer_4156,Australia,South,Sports,Product_289,2,137.38,274.76,0.2,81.18,Standard,Debit Card
AMZ104157,2022-06-23 05:00:00,CUST9923,Customer_4157,Australia,South,Clothing,Product_421,4,137.38,549.52,0.2,162.37,Standard,Debit Card
AMZ104158,2022-06-23 06:00:00,CUST4961,Customer_4158,Canada,South,Electronics,Product_309,2,137.38,274.76,0.2,81.18,Express,Credit Card
AMZ104159,2022-06-23 07:00:00,CUST3504,Customer_4159,USA,West,Beauty,Product_357,2,137.38,274.76,0.2,81.18,Standard,Debit Card
AMZ104160,2022-06-23 08:00:00,CUST9806,Customer_4160,UK,North,Home & Kitchen,Product_408,1,137.38,137.38,0.2,40.59,Express,Cash on Delivery
AMZ104161,2022-06-23 09:00:00,CUST4806,Customer_4161,UK,South,Sports,Product_345,1,137.38,137.38,0.2,40.59,Standard,Debit Card
AMZ104162,2022-06-23 10:00:00,CUST7100,Customer_4162,UK,East,Home & Kitchen,Product_179,2,137.38,274.76,0.2,81.18,Standard,Cash on Delivery
AMZ104163,2022-06-23 11:00:00,CUST2719,Customer_4163,Canada,North,Home & Kitchen,Product_425,2,137.38,274.76,0.2,81.18,Same Day,Cash on Delivery
AMZ104164,2022-06-23 12:00:00,CUST7686,Customer_4164,Canada,East,Electronics,Product_29,2,137.38,274.76,0.2,81.18,Express,Cash on Delivery
AMZ104165,2022-06-23 13:00:00,CUST2587,Customer_4165,Australia,North,Clothing,Product_443,2,137.38,274.76,0.2,81.18,Same Day,UPI
AMZ104166,2022-06-23 14:00:00,CUST8000,Customer_4166,Canada,South,Home & Kitchen,Product_424,3,137.38,412.14,0.2,121.78,Same Day,UPI
AMZ104167,2022-06-23 15:00:00,CUST1896,Customer_4167,Australia,Central,Sports,Product_307,2,137.38,274.76,0.2,81.18,Standard,Debit Card
AMZ104168,2022-06-23 16:00:00,CUST6558,Customer_4168,Australia,South,Clothing,Product_306,4,137.38,549.52,0.2,162.37,Standard,Credit Card
AMZ104169,2022-06-23 17:00:00,CUST9469,Customer_4169,UK,West,Books,Product_367,1,137.38,137.38,0.2,40.59,Express,Debit Card
AMZ104170,2022-06-23 18:00:00,CUST5647,Customer_4170,Canada,West,Electronics,Product_36,4,137.38,549.52,0.2,162.37,Express,UPI
AMZ104171,2022-06-23 19:00:00,CUST3432,Customer_4171,Australia,North,Clothing,Product_463,1,137.38,137.38,0.2,40.59,Standard,Net Banking
AMZ104172,2022-06-23 20:00:00,CUST4904,Customer_4172,USA,West,Clothing,Product_109,1,137.38,137.38,0.2,40.59,Express,Net Banking
AMZ104173,2022-06-23 21:00:00,CUST7837,Customer_4173,USA,South,Home & Kitchen,Product_316,1,137.38,137.38,0.2,40.59,Standard,Debit Card
AMZ104174,2022-06-23 22:00:00,CUST2449,Customer_4174,Canada,East,Sports,Product_146,4,137.38,549.52,0.2,162.37,Standard,UPI
AMZ104175,2022-06-23 23:00:00,CUST5500,Customer_4175,UK,South,Home & Kitchen,Product_276,1,137.38,137.38,0.2,40.59,Standard,Cash on Delivery
AMZ104176,2022-06-24 00:00:00,CUST6454,Customer_4176,UK,North,Sports,Product_389,2,137.38,274.76,0.2,81.18,Express,UPI
AMZ104177,2022-06-24 01:00:00,CUST5117,Customer_4177,Australia,West,Electronics,Product_146,2,137.38,274.76,0.2,81.18,Same Day,Debit Card
AMZ104178,2022-06-24 02:00:00,CUST9869,Customer_4178,Canada,East,Clothing,Product_380,3,137.38,412.14,0.2,121.78,Express,UPI
AMZ104179,2022-06-24 03:00:00,CUST3028,Customer_4179,USA,Central,Beauty,Product_168,3,137.38,412.14,0.2,121.78,Same Day,Net Banking
AMZ104180,2022-06-24 04:00:00,CUST7845,Customer_4180,Australia,East,Sports,Product_257,3,137.38,412.14,0.2,121.78,Express,Cash on Delivery
AMZ104181,2022-06-24 05:00:00,CUST4758,Customer_4181,Australia,East,Sports,Product_275,2,137.38,274.76,0.2,81.18,Same Day,Debit Card
AMZ104182,2022-06-24 06:00:00,CUST6904,Customer_4182,India,South,Home & Kitchen,Product_87,4,137.38,549.52,0.2,162.37,Same Day,Debit Card
AMZ104183,2022-06-24 07:00:00,CUST5624,Customer_4183,Canada,Central,Home & Kitchen,Product_154,3,137.38,412.14,0.2,121.78,Express,Credit Card
AMZ104184,2022-06-24 08:00:00,CUST9848,Customer_4184,Australia,North,Books,Product_497,2,137.38,274.76,0.2,81.18,Express,Cash on Delivery
AMZ104185,2022-06-24 09:00:00,CUST1165,Customer_4185,USA,North,Sports,Product_285,1,137.38,137.38,0.2,40.59,Same Day,Debit Card
AMZ104186,2022-06-24 10:00:00,CUST5591,Customer_4186,India,East,Electronics,Product_315,4,137.38,549.52,0.2,162.37,Standard,UPI
AMZ104187,2022-06-24 11:00:00,CUST1589,Customer_4187,USA,East,Clothing,Product_319,4,137.38,549.52,0.2,162.37,Same Day,UPI
AMZ104188,2022-06-24 12:00:00,CUST5524,Customer_4188,UK,West,Clothing,Product_98,2,137.38,274.76,0.2,81.18,Same Day,UPI
AMZ104189,2022-06-24 13:00:00,CUST3821,Customer_4189,India,Central,Clothing,Product_211,2,137.38,274.76,0.2,81.18,Standard,UPI
AMZ104190,2022-06-24 14:00:00,CUST7509,Customer_4190,India,East,Sports,Product_446,1,137.38,137.38,0.2,40.59,Same Day,Debit Card
AMZ104191,2022-06-24 15:00:00,CUST8693,Customer_4191,Australia,West,Home & Kitchen,Product_48,1,137.38,137.38,0.2,40.59,Standard,Net Banking
AMZ104192,2022-06-24 16:00:00,CUST1071,Customer_4192,UK,Central,Electronics,Product_318,1,137.38,137.38,0.2,40.59,Standard,Cash on Delivery
AMZ104193,2022-06-24 17:00:00,CUST4580,Customer_4193,Australia,North,Clothing,Product_274,4,137.38,549.52,0.2,162.37,Express,UPI
AMZ104194,2022-06-24 18:00:00,CUST8962,Customer_4194,Canada,West,Sports,Product_194,4,137.38,549.52,0.2,162.37,Same Day,Debit Card
AMZ104195,2022-06-24 19:00:00,CUST1268,Customer_4195,USA,Central,Beauty,Product_252,3,137.38,412.14,0.2,121.78,Same Day,Debit Card
AMZ104196,2022-06-24 20:00:00,CUST3462,Customer_4196,USA,West,Books,Product_283,3,137.38,412.14,0.2,121.78,Standard,UPI
AMZ104197,2022-06-24 21:00:00,CUST2015,Customer_4197,Australia,East,Books,Product_262,3,137.38,412.14,0.2,121.78,Same Day,Credit Card
AMZ104198,2022-06-24 22:00:00,CUST8984,Customer_4198,USA,South,Clothing,Product_487,4,137.38,549.52,0.2,162.37,Standard,Debit Card
AMZ104199,2022-06-24 23:00:00,CUST1406,Customer_4199,USA,North,Home & Kitchen,Product_454,1,137.38,137.38,0.2,40.59,Same Day,Cash on Delivery
AMZ104200,2022-06-25 00:00:00,CUST8384,Customer_4200,Canada,East,Books,Product_443,3,137.38,412.14,0.2,121.78,Same Day,Cash on Delivery
AMZ104201,2022-06-25 01:00:00,CUST7049,Customer_4201,UK,East,Books,Product_262,1,137.38,137.38,0.2,40.59,Standard,Credit Card
AMZ104202,2022-06-25 02:00:00,CUST7169,Customer_4202,India,Central,Books,Product_31,1,137.38,137.38,0.2,40.59,Standard,Debit Card
AMZ104203,2022-06-25 03:00:00,CUST8982,Customer_4203,Australia,West,Books,Product_105,1,137.38,137.38,0.2,40.59,Same Day,Credit Card
AMZ104204,2022-06-25 04:00:00,CUST1985,Customer_4204,Australia,North,Clothing,Product_488,3,137.38,412.14,0.2,121.78,Same Day,Debit Card
AMZ104205,2022-06-25 05:00:00,CUST5485,Customer_4205,Canada,East,Sports,Product_350,3,137.38,412.14,0.2,121.78,Standard,Debit Card
AMZ104206,2022-06-25 06:00:00,CUST9901,Customer_4206,Canada,Central,Electronics,Product_312,1,137.38,137.38,0.2,40.59,Express,Credit Card
AMZ104207,2022-06-25 07:00:00,CUST3618,Customer_4207,India,North,Electronics,Product_438,3,137.38,412.14,0.2,121.78,Express,Net Banking
AMZ104208,2022-06-25 08:00:00,CUST7289,Customer_4208,UK,West,Home & Kitchen,Product_469,2,137.38,274.76,0.2,81.18,Same Day,UPI
AMZ104209,2022-06-25 09:00:00,CUST7928,Customer_4209,Australia,East,Sports,Product_169,3,137.38,412.14,0.2,121.78,Same Day,UPI
AMZ104210,2022-06-25 10:00:00,CUST6368,Customer_4210,Canada,East,Beauty,Product_236,1,137.38,137.38,0.2,40.59,Same Day,UPI
AMZ104211,2022-06-25 11:00:00,CUST5621,Customer_4211,Australia,East,Electronics,Product_274,1,137.38,137.38,0.2,40.59,Standard,Credit Card
AMZ104212,2022-06-25 12:00:00,CUST8566,Customer_4212,USA,North,Beauty,Product_343,4,137.38,549.52,0.2,162.37,Same Day,Debit Card
AMZ104213,2022-06-25 13:00:00,CUST5670,Customer_4213,Australia,North,Electronics,Product_230,4,137.38,549.52,0.2,162.37,Same Day,Debit Card
AMZ104214,2022-06-25 14:00:00,CUST8658,Customer_4214,UK,North,Electronics,Product_23,1,137.38,137.38,0.2,40.59,Same Day,Cash on Delivery
AMZ104215,2022-06-25 15:00:00,CUST2003,Customer_4215,UK,North,Home & Kitchen,Product_476,2,137.38,274.76,0.2,81.18,Express,Debit Card
AMZ104216,2022-06-25 16:00:00,CUST8504,Customer_4216,Australia,Central,Books,Product_164,4,137.38,549.52,0.2,162.37,Same Day,Net Banking
AMZ104217,2022-06-25 17:00:00,CUST3466,Customer_4217,USA,South,Home & Kitchen,Product_281,1,137.38,137.38,0.2,40.59,Same Day,UPI
AMZ104218,2022-06-25 18:00:00,CUST2939,Customer_4218,UK,Central,Electronics,Product_7,4,137.38,549.52,0.2,162.37,Standard,Net Banking
AMZ104219,2022-06-25 19:00:00,CUST2635,Customer_4219,Canada,East,Sports,Product_210,4,137.38,549.52,0.2,162.37,Express,UPI
AMZ104220,2022-06-25 20:00:00,CUST9095,Customer_4220,Australia,Central,Books,Product_253,1,137.38,137.38,0.2,40.59,Standard,Credit Card
AMZ104221,2022-06-25 21:00:00,CUST7265,Customer_4221,USA,West,Sports,Product_404,3,137.38,412.14,0.2,121.78,Same Day,Net Banking
AMZ104222,2022-06-25 22:00:00,CUST2895,Customer_4222,Canada,North,Sports,Product_133,2,137.38,274.76,0.2,81.18,Same Day,Debit Card
AMZ104223,2022-06-25 23:00:00,CUST7524,Customer_4223,Australia,West,Sports,Product_274,3,137.38,412.14,0.2,121.78,Same Day,UPI
AMZ104224,2022-06-26 00:00:00,CUST2073,Customer_4224,USA,West,Books,Product_106,1,137.38,137.38,0.2,40.59,Same Day,Cash on Delivery
AMZ104225,2022-06-26 01:00:00,CUST6184,Customer_4225,Canada,East,Sports,Product_232,1,137.38,137.38,0.2,40.59,Same Day,Net Banking
AMZ104226,2022-06-26 02:00:00,CUST3402,Customer_4226,UK,North,Books,Product_33,2,137.38,274.76,0.2,81.18,Standard,Credit Card
AMZ104227,2022-06-26 03:00:00,CUST5895,Customer_4227,Australia,West,Beauty,Product_79,1,137.38,137.38,0.2,40.59,Same Day,Cash on Delivery
AMZ104228,2022-06-26 04:00:00,CUST8331,Customer_4228,Australia,East,Electronics,Product_35,4,137.38,549.52,0.2,162.37,Same Day,Credit Card
AMZ104229,2022-06-26 05:00:00,CUST2956,Customer_4229,UK,North,Clothing,Product_495,2,137.38,274.76,0.2,81.18,Express,UPI
AMZ104230,2022-06-26 06:00:00,CUST8023,Customer_4230,India,South,Sports,Product_110,3,137.38,412.14,0.2,121.78,Express,Net Banking
AMZ104231,2022-06-26 07:00:00,CUST4907,Customer_4231,Canada,East,Home & Kitchen,Product_321,2,137.38,274.76,0.2,81.18,Same Day,Credit Card
AMZ104232,2022-06-26 08:00:00,CUST1807,Customer_4232,UK,Central,Beauty,Product_63,3,137.38,412.14,0.2,121.78,Same Day,Cash on Delivery
AMZ104233,2022-06-26 09:00:00,CUST9378,Customer_4233,Australia,North,Home & Kitchen,Product_469,1,137.38,137.38,0.2,40.59,Same Day,Cash on Delivery
AMZ104234,2022-06-26 10:00:00,CUST5827,Customer_4234,Canada,West,Clothing,Product_328,3,137.38,412.14,0.2,121.78,Same Day,Debit Card
AMZ104235,2022-06-26 11:00:00,CUST5524,Customer_4235,Canada,West,Books,Product_455,3,137.38,412.14,0.2,121.78,Same Day,Credit Card
AMZ104236,2022-06-26 12:00:00,CUST3284,Customer_4236,India,Central,Clothing,Product_297,3,137.38,412.14,0.2,121.78,Same Day,Net Banking
AMZ104237,2022-06-26 13:00:00,CUST6313,Customer_4237,Australia,Central,Home & Kitchen,Product_178,2,137.38,274.76,0.2,81.18,Standard,Net Banking
AMZ104238,2022-06-26 14:00:00,CUST1757,Customer_4238,USA,West,Clothing,Product_384,4,137.38,549.52,0.2,162.37,Standard,Debit Card
AMZ104239,2022-06-26 15:00:00,CUST5887,Customer_4239,India,North,Electronics,Product_364,3,137.38,412.14,0.2,121.78,Standard,Cash on Delivery
AMZ104240,2022-06-26 16:00:00,CUST4854,Customer_4240,India,East,Clothing,Product_232,2,137.38,274.76,0.2,81.18,Express,Credit Card
AMZ104241,2022-06-26 17:00:00,CUST4558,Customer_4241,USA,Central,Sports,Product_104,2,137.38,274.76,0.2,81.18,Same Day,Cash on Delivery
AMZ104242,2022-06-26 18:00:00,CUST1961,Customer_4242,USA,Central,Electronics,Product_414,4,137.38,549.52,0.2,162.37,Express,Credit Card
AMZ104243,2022-06-26 19:00:00,CUST4847,Customer_4243,India,Central,Sports,Product_294,2,137.38,274.76,0.2,81.18,Express,Credit Card
AMZ104244,2022-06-26 20:00:00,CUST7726,Customer_4244,Canada,South,Clothing,Product_35,1,137.38,137.38,0.2,40.59,Express,Credit Card
AMZ104245,2022-06-26 21:00:00,CUST4575,Customer_4245,UK,North,Electronics,Product_194,1,137.38,137.38,0.2,40.59,Standard,Cash on Delivery
AMZ104246,2022-06-26 22:00:00,CUST3418,Customer_4246,UK,North,Electronics,Product_174,1,137.38,137.38,0.2,40.59,Same Day,Cash on Delivery
AMZ104247,2022-06-26 23:00:00,CUST5198,Customer_4247,India,North,Clothing,Product_392,4,137.38,549.52,0.2,162.37,Same Day,Cash on Delivery
AMZ104248,2022-06-27 00:00:00,CUST2001,Customer_4248,Canada,North,Beauty,Product_102,2,137.38,274.76,0.2,81.18,Express,UPI
AMZ104249,2022-06-27 01:00:00,CUST6244,Customer_4249,USA,North,Books,Product_324,1,137.38,137.38,0.2,40.59,Standard,Cash on Delivery
AMZ104250,2022-06-27 02:00:00,CUST8119,Customer_4250,India,West,Books,Product_293,3,137.38,412.14,0.2,121.78,Express,Debit Card
AMZ104251,2022-06-27 03:00:00,CUST5066,Customer_4251,Australia,Central,Books,Product_85,2,137.38,274.76,0.2,81.18,Express,UPI
AMZ104252,2022-06-27 04:00:00,CUST3845,Customer_4252,Canada,West,Electronics,Product_397,1,137.38,137.38,0.2,40.59,Same Day,Credit Card
AMZ104253,2022-06-27 05:00:00,CUST9849,Customer_4253,Australia,South,Books,Product_201,2,137.38,274.76,0.2,81.18,Standard,Net Banking
AMZ104254,2022-06-27 06:00:00,CUST6316,Customer_4254,Australia,East,Electronics,Product_173,1,137.38,137.38,0.2,40.59,Same Day,UPI
AMZ104255,2022-06-27 07:00:00,CUST1422,Customer_4255,India,Central,Beauty,Product_29,3,137.38,412.14,0.2,121.78,Express,UPI
AMZ104256,2022-06-27 08:00:00,CUST7715,Customer_4256,Canada,South,Clothing,Product_297,2,137.38,274.76,0.2,81.18,Same Day,Credit Card
AMZ104257,2022-06-27 09:00:00,CUST5266,Customer_4257,Australia,West,Clothing,Product_56,1,137.38,137.38,0.2,40.59,Express,Cash on Delivery
AMZ104258,2022-06-27 10:00:00,CUST8549,Customer_4258,Canada,East,Electronics,Product_472,1,137.38,137.38,0.2,40.59,Standard,Cash on Delivery
AMZ104259,2022-06-27 11:00:00,CUST7316,Customer_4259,UK,South,Electronics,Product_16,3,137.38,412.14,0.2,121.78,Same Day,UPI
AMZ104260,2022-06-27 12:00:00,CUST3710,Customer_4260,Australia,East,Beauty,Product_140,3,137.38,412.14,0.2,121.78,Same Day,Cash on Delivery
AMZ104261,2022-06-27 13:00:00,CUST9644,Customer_4261,Australia,South,Books,Product_66,1,137.38,137.38,0.2,40.59,Same Day,UPI
AMZ104262,2022-06-27 14:00:00,CUST9069,Customer_4262,Canada,West,Beauty,Product_446,1,137.38,137.38,0.2,40.59,Same Day,Net Banking
AMZ104263,2022-06-27 15:00:00,CUST2657,Customer_4263,UK,East,Clothing,Product_147,4,137.38,549.52,0.2,162.37,Same Day,Net Banking
AMZ104264,2022-06-27 16:00:00,CUST3541,Customer_4264,Australia,South,Clothing,Product_158,4,137.38,549.52,0.2,162.37,Standard,Credit Card
AMZ104265,2022-06-27 17:00:00,CUST7763,Customer_4265,India,West,Sports,Product_400,2,137.38,274.76,0.2,81.18,Standard,Debit Card
AMZ104266,2022-06-27 18:00:00,CUST4075,Customer_4266,Canada,Central,Books,Product_472,2,137.38,274.76,0.2,81.18,Same Day,Debit Card
AMZ104267,2022-06-27 19:00:00,CUST4164,Customer_4267,Canada,West,Clothing,Product_397,4,137.38,549.52,0.2,162.37,Express,Cash on Delivery
AMZ104268,2022-06-27 20:00:00,CUST3053,Customer_4268,Australia,West,Sports,Product_69,1,137.38,137.38,0.2,40.59,Express,Debit Card
AMZ104269,2022-06-27 21:00:00,CUST9479,Customer_4269,UK,Central,Electronics,Product_23,3,137.38,412.14,0.2,121.78,Same Day,Net Banking
AMZ104270,2022-06-27 22:00:00,CUST6737,Customer_4270,Australia,West,Clothing,Product_190,2,137.38,274.76,0.2,81.18,Same Day,Credit Card
AMZ104271,2022-06-27 23:00:00,CUST4217,Customer_4271,USA,Central,Home & Kitchen,Product_248,1,137.38,137.38,0.2,40.59,Standard,Net Banking
AMZ104272,2022-06-28 00:00:00,CUST2447,Customer_4272,Australia,Central,Books,Product_486,3,137.38,412.14,0.2,121.78,Standard,UPI
AMZ104273,2022-06-28 01:00:00,CUST7009,Customer_4273,USA,Central,Sports,Product_415,3,137.38,412.14,0.2,121.78,Same Day,Cash on Delivery
AMZ104274,2022-06-28 02:00:00,CUST1607,Customer_4274,India,South,Books,Product_309,1,137.38,137.38,0.2,40.59,Same Day,Cash on Delivery
AMZ104275,2022-06-28 03:00:00,CUST5552,Customer_4275,Canada,East,Books,Product_376,1,137.38,137.38,0.2,40.59,Express,Debit Card
AMZ104276,2022-06-28 04:00:00,CUST2764,Customer_4276,Canada,South,Home & Kitchen,Product_145,2,137.38,274.76,0.2,81.18,Standard,UPI
AMZ104277,2022-06-28 05:00:00,CUST3671,Customer_4277,UK,Central,Beauty,Product_384,4,137.38,549.52,0.2,162.37,Same Day,Debit Card
AMZ104278,2022-06-28 06:00:00,CUST7519,Customer_4278,Australia,East,Electronics,Product_305,1,137.38,137.38,0.2,40.59,Standard,Debit Card
AMZ104279,2022-06-28 07:00:00,CUST4962,Customer_4279,India,East,Books,Product_177,4,137.38,549.52,0.2,162.37,Same Day,Debit Card
AMZ104280,2022-06-28 08:00:00,CUST4177,Customer_4280,USA,Central,Clothing,Product_195,2,137.38,274.76,0.2,81.18,Same Day,UPI
AMZ104281,2022-06-28 09:00:00,CUST4722,Customer_4281,UK,East,Electronics,Product_410,4,137.38,549.52,0.2,162.37,Same Day,Debit Card
AMZ104282,2022-06-28 10:00:00,CUST5906,Customer_4282,India,East,Clothing,Product_13,4,137.38,549.52,0.2,162.37,Same Day,Cash on Delivery
AMZ104283,2022-06-28 11:00:00,CUST8263,Customer_4283,India,South,Electronics,Product_364,3,137.38,412.14,0.2,121.78,Express,Debit Card
AMZ104284,2022-06-28 12:00:00,CUST6054,Customer_4284,USA,East,Electronics,Product_166,2,137.38,274.76,0.2,81.18,Same Day,UPI
AMZ104285,2022-06-28 13:00:00,CUST1808,Customer_4285,USA,Central,Sports,Product_150,1,137.38,137.38,0.2,40.59,Express,UPI
AMZ104286,2022-06-28 14:00:00,CUST1725,Customer_4286,Canada,North,Clothing,Product_341,4,137.38,549.52,0.2,162.37,Express,Net Banking
AMZ104287,2022-06-28 15:00:00,CUST8701,Customer_4287,Australia,North,Clothing,Product_413,2,137.38,274.76,0.2,81.18,Same Day,Debit Card
AMZ104288,2022-06-28 16:00:00,CUST2216,Customer_4288,UK,North,Electronics,Product_45,3,137.38,412.14,0.2,121.78,Standard,UPI
AMZ104289,2022-06-28 17:00:00,CUST5051,Customer_4289,Australia,Central,Books,Product_174,3,137.38,412.14,0.2,121.78,Standard,Debit Card
AMZ104290,2022-06-28 18:00:00,CUST3197,Customer_4290,UK,North,Clothing,Product_167,4,137.38,549.52,0.2,162.37,Same Day,Credit Card
AMZ104291,2022-06-28 19:00:00,CUST3806,Customer_4291,India,South,Home & Kitchen,Product_197,4,137.38,549.52,0.2,162.37,Same Day,Cash on Delivery
AMZ104292,2022-06-28 20:00:00,CUST9970,Customer_4292,USA,Central,Home & Kitchen,Product_206,1,137.38,137.38,0.2,40.59,Same Day,Cash on Delivery
AMZ104293,2022-06-28 21:00:00,CUST1972,Customer_4293,USA,Central,Electronics,Product_82,2,137.38,274.76,0.2,81.18,Standard,Debit Card
AMZ104294,2022-06-28 22:00:00,CUST6634,Customer_4294,India,Central,Beauty,Product_68,1,137.38,137.38,0.2,40.59,Standard,Cash on Delivery
AMZ104295,2022-06-28 23:00:00,CUST8483,Customer_4295,India,East,Electronics,Product_97,1,137.38,137.38,0.2,40.59,Same Day,Cash on Delivery
AMZ104296,2022-06-29 00:00:00,CUST3123,Customer_4296,UK,East,Electronics,Product_167,3,137.38,412.14,0.2,121.78,Standard,Credit Card
AMZ104297,2022-06-29 01:00:00,CUST9790,Customer_4297,India,East,Books,Product_404,2,137.38,274.76,0.2,81.18,Express,Cash on Delivery
AMZ104298,2022-06-29 02:00:00,CUST1224,Customer_4298,UK,West,Books,Product_77,1,137.38,137.38,0.2,40.59,Standard,Cash on Delivery
AMZ104299,2022-06-29 03:00:00,CUST2814,Customer_4299,Australia,South,Sports,Product_484,3,137.38,412.14,0.2,121.78,Standard,UPI
AMZ104300,2022-06-29 04:00:00,CUST2106,Customer_4300,USA,Central,Beauty,Product_237,4,137.38,549.52,0.2,162.37,Same Day,Cash on Delivery
AMZ104301,2022-06-29 05:00:00,CUST1124,Customer_4301,USA,Central,Beauty,Product_196,1,137.38,137.38,0.2,40.59,Express,Debit Card
AMZ104302,2022-06-29 06:00:00,CUST4246,Customer_4302,USA,East,Beauty,Product_291,4,137.38,549.52,0.2,162.37,Same Day,Cash on Delivery
AMZ104303,2022-06-29 07:00:00,CUST3931,Customer_4303,Australia,Central,Beauty,Product_136,2,137.38,274.76,0.2,81.18,Standard,Debit Card
AMZ104304,2022-06-29 08:00:00,CUST3971,Customer_4304,Australia,Central,Beauty,Product_308,1,137.38,137.38,0.2,40.59,Express,Cash on Delivery
AMZ104305,2022-06-29 09:00:00,CUST3017,Customer_4305,Canada,North,Electronics,Product_296,4,137.38,549.52,0.2,162.37,Same Day,Debit Card
AMZ104306,2022-06-29 10:00:00,CUST8415,Customer_4306,UK,Central,Electronics,Product_377,4,137.38,549.52,0.2,162.37,Standard,Cash on Delivery
AMZ104307,2022-06-29 11:00:00,CUST3415,Customer_4307,UK,West,Sports,Product_369,2,137.38,274.76,0.2,81.18,Express,Debit Card
AMZ104308,2022-06-29 12:00:00,CUST4096,Customer_4308,Canada,East,Home & Kitchen,Product_367,3,137.38,412.14,0.2,121.78,Same Day,Cash on Delivery
AMZ104309,2022-06-29 13:00:00,CUST2609,Customer_4309,USA,South,Home & Kitchen,Product_36,3,137.38,412.14,0.2,121.78,Express,Credit Card
AMZ104310,2022-06-29 14:00:00,CUST1717,Customer_4310,UK,South,Sports,Product_390,1,137.38,137.38,0.2,40.59,Standard,UPI
AMZ104311,2022-06-29 15:00:00,CUST4561,Customer_4311,UK,North,Sports,Product_248,4,137.38,549.52,0.2,162.37,Same Day,UPI
AMZ104312,2022-06-29 16:00:00,CUST7782,Customer_4312,USA,South,Clothing,Product_254,3,137.38,412.14,0.2,121.78,Standard,UPI
AMZ104313,2022-06-29 17:00:00,CUST2048,Customer_4313,India,South,Electronics,Product_214,1,137.38,137.38,0.2,40.59,Express,UPI
AMZ104314,2022-06-29 18:00:00,CUST9307,Customer_4314,India,East,Beauty,Product_252,4,137.38,549.52,0.2,162.37,Standard,Credit Card
AMZ104315,2022-06-29 19:00:00,CUST8905,Customer_4315,Canada,East,Clothing,Product_70,1,137.38,137.38,0.2,40.59,Express,Credit Card
AMZ104316,2022-06-29 20:00:00,CUST6578,Customer_4316,Australia,West,Books,Product_234,2,137.38,274.76,0.2,81.18,Same Day,Cash on Delivery
AMZ104317,2022-06-29 21:00:00,CUST2620,Customer_4317,UK,North,Electronics,Product_484,1,137.38,137.38,0.2,40.59,Standard,Credit Card
AMZ104318,2022-06-29 22:00:00,CUST7548,Customer_4318,UK,South,Sports,Product_329,2,137.38,274.76,0.2,81.18,Same Day,UPI
AMZ104319,2022-06-29 23:00:00,CUST8381,Customer_4319,Canada,West,Home & Kitchen,Product_16,4,137.38,549.52,0.2,162.37,Same Day,Net Banking
AMZ104320,2022-06-30 00:00:00,CUST5780,Customer_4320,Canada,North,Electronics,Product_487,4,137.38,549.52,0.2,162.37,Same Day,Cash on Delivery
AMZ104321,2022-06-30 01:00:00,CUST4792,Customer_4321,UK,South,Sports,Product_174,4,137.38,549.52,0.2,162.37,Same Day,Debit Card
AMZ104322,2022-06-30 02:00:00,CUST3941,Customer_4322,USA,South,Electronics,Product_187,1,137.38,137.38,0.2,40.59,Standard,UPI
AMZ104323,2022-06-30 03:00:00,CUST6695,Customer_4323,USA,East,Electronics,Product_294,4,137.38,549.52,0.2,162.37,Standard,UPI
AMZ104324,2022-06-30 04:00:00,CUST7401,Customer_4324,Australia,Central,Electronics,Product_225,4,137.38,549.52,0.2,162.37,Same Day,UPI
AMZ104325,2022-06-30 05:00:00,CUST7197,Customer_4325,UK,North,Books,Product_274,2,137.38,274.76,0.2,81.18,Same Day,Credit Card
AMZ104326,2022-06-30 06:00:00,CUST6450,Customer_4326,UK,South,Home & Kitchen,Product_12,4,137.38,549.52,0.2,162.37,Express,Debit Card
AMZ104327,2022-06-30 07:00:00,CUST9975,Customer_4327,UK,North,Electronics,Product_310,4,137.38,549.52,0.2,162.37,Same Day,Cash on Delivery
AMZ104328,2022-06-30 08:00:00,CUST9432,Customer_4328,UK,West,Sports,Product_219,4,137.38,549.52,0.2,162.37,Express,UPI
AMZ104329,2022-06-30 09:00:00,CUST6874,Customer_4329,Canada,West,Books,Product_431,3,137.38,412.14,0.2,121.78,Express,Debit Card
AMZ104330,2022-06-30 10:00:00,CUST2553,Customer_4330,India,Central,Clothing,Product_1,4,137.38,549.52,0.2,162.37,Same Day,Net Banking
AMZ104331,2022-06-30 11:00:00,CUST2012,Customer_4331,UK,South,Electronics,Product_399,1,137.38,137.38,0.2,40.59,Standard,Credit Card
AMZ104332,2022-06-30 12:00:00,CUST9378,Customer_4332,India,East,Books,Product_111,2,137.38,274.76,0.2,81.18,Express,UPI
AMZ104333,2022-06-30 13:00:00,CUST2881,Customer_4333,USA,South,Beauty,Product_475,4,137.38,549.52,0.2,162.37,Standard,Debit Card
AMZ104334,2022-06-30 14:00:00,CUST7799,Customer_4334,Australia,North,Clothing,Product_464,1,137.38,137.38,0.2,40.59,Same Day,Debit Card
AMZ104335,2022-06-30 15:00:00,CUST5586,Customer_4335,USA,West,Home & Kitchen,Product_277,2,137.38,274.76,0.2,81.18,Same Day,UPI
AMZ104336,2022-06-30 16:00:00,CUST9622,Customer_4336,UK,North,Electronics,Product_129,2,137.38,274.76,0.2,81.18,Same Day,Debit Card
AMZ104337,2022-06-30 17:00:00,CUST9430,Customer_4337,USA,Central,Electronics,Product_93,1,137.38,137.38,0.2,40.59,Same Day,Debit Card
AMZ104338,2022-06-30 18:00:00,CUST7447,Customer_4338,Canada,West,Books,Product_451,1,137.38,137.38,0.2,40.59,Express,Cash on Delivery
AMZ104339,2022-06-30 19:00:00,CUST3345,Customer_4339,India,East,Home & Kitchen,Product_396,3,137.38,412.14,0.2,121.78,Express,Credit Card
AMZ104340,2022-06-30 20:00:00,CUST1075,Customer_4340,UK,West,Beauty,Product_380,3,137.38,412.14,0.2,121.78,Standard,Cash on Delivery
AMZ104341,2022-06-30 21:00:00,CUST6877,Customer_4341,Canada,South,Clothing,Product_412,4,137.38,549.52,0.2,162.37,Standard,Credit Card
AMZ104342,2022-06-30 22:00:00,CUST7785,Customer_4342,India,South,Sports,Product_39,3,137.38,412.14,0.2,121.78,Express,Credit Card
AMZ104343,2022-06-30 23:00:00,CUST5922,Customer_4343,Canada,West,Home & Kitchen,Product_421,1,137.38,137.38,0.2,40.59,Same Day,Cash on Delivery
AMZ104344,2022-07-01 00:00:00,CUST9090,Customer_4344,USA,Central,Electronics,Product_479,3,137.38,412.14,0.2,121.78,Standard,UPI
AMZ104345,2022-07-01 01:00:00,CUST3330,Customer_4345,UK,South,Books,Product_316,2,137.38,274.76,0.2,81.18,Express,Debit Card
AMZ104346,2022-07-01 02:00:00,CUST5686,Customer_4346,USA,South,Beauty,Product_159,1,137.38,137.38,0.2,40.59,Standard,Net Banking
AMZ104347,2022-07-01 03:00:00,CUST2902,Customer_4347,Australia,East,Books,Product_186,4,137.38,549.52,0.2,162.37,Express,Cash on Delivery
AMZ104348,2022-07-01 04:00:00,CUST5670,Customer_4348,UK,West,Clothing,Product_481,2,137.38,274.76,0.2,81.18,Same Day,Cash on Delivery
AMZ104349,2022-07-01 05:00:00,CUST8143,Customer_4349,USA,South,Home & Kitchen,Product_353,2,137.38,274.76,0.2,81.18,Express,UPI
AMZ104350,2022-07-01 06:00:00,CUST3059,Customer_4350,UK,Central,Books,Product_256,2,137.38,274.76,0.2,81.18,Standard,Debit Card
AMZ104351,2022-07-01 07:00:00,CUST1140,Customer_4351,India,North,Sports,Product_239,1,137.38,137.38,0.2,40.59,Express,Cash on Delivery
AMZ104352,2022-07-01 08:00:00,CUST2789,Customer_4352,UK,West,Sports,Product_104,1,137.38,137.38,0.2,40.59,Standard,Net Banking
AMZ104353,2022-07-01 09:00:00,CUST1016,Customer_4353,UK,East,Books,Product_395,4,137.38,549.52,0.2,162.37,Standard,Debit Card
AMZ104354,2022-07-01 10:00:00,CUST1464,Customer_4354,India,South,Electronics,Product_366,3,137.38,412.14,0.2,121.78,Standard,Cash on Delivery
AMZ104355,2022-07-01 11:00:00,CUST5471,Customer_4355,USA,Central,Books,Product_29,3,137.38,412.14,0.2,121.78,Same Day,Cash on Delivery
AMZ104356,2022-07-01 12:00:00,CUST2827,Customer_4356,UK,West,Beauty,Product_89,3,137.38,412.14,0.2,121.78,Same Day,Credit Card
AMZ104357,2022-07-01 13:00:00,CUST9711,Customer_4357,Canada,Central,Home & Kitchen,Product_375,3,137.38,412.14,0.2,121.78,Express,Credit Card
AMZ104358,2022-07-01 14:00:00,CUST6956,Customer_4358,UK,Central,Clothing,Product_397,2,137.38,274.76,0.2,81.18,Express,Cash on Delivery
AMZ104359,2022-07-01 15:00:00,CUST1089,Customer_4359,USA,East,Sports,Product_51,1,137.38,137.38,0.2,40.59,Standard,UPI
AMZ104360,2022-07-01 16:00:00,CUST5815,Customer_4360,India,West,Books,Product_364,3,137.38,412.14,0.2,121.78,Same Day,Credit Card
AMZ104361,2022-07-01 17:00:00,CUST3851,Customer_4361,USA,South,Beauty,Product_438,2,137.38,274.76,0.2,81.18,Express,Cash on Delivery
AMZ104362,2022-07-01 18:00:00,CUST3843,Customer_4362,Australia,East,Sports,Product_147,1,137.38,137.38,0.2,40.59,Express,Debit Card
AMZ104363,2022-07-01 19:00:00,CUST7543,Customer_4363,UK,South,Sports,Product_314,1,137.38,137.38,0.2,40.59,Same Day,Net Banking
AMZ104364,2022-07-01 20:00:00,CUST6901,Customer_4364,UK,North,Clothing,Product_36,1,137.38,137.38,0.2,40.59,Standard,Credit Card
AMZ104365,2022-07-01 21:00:00,CUST1969,Customer_4365,India,Central,Sports,Product_284,2,137.38,274.76,0.2,81.18,Express,Cash on Delivery
AMZ104366,2022-07-01 22:00:00,CUST2094,Customer_4366,UK,North,Beauty,Product_452,3,137.38,412.14,0.2,121.78,Standard,Credit Card
AMZ104367,2022-07-01 23:00:00,CUST7124,Customer_4367,Canada,Central,Sports,Product_387,1,137.38,137.38,0.2,40.59,Same Day,Debit Card
AMZ104368,2022-07-02 00:00:00,CUST8347,Customer_4368,Canada,East,Sports,Product_486,2,137.38,274.76,0.2,81.18,Same Day,UPI
AMZ104369,2022-07-02 01:00:00,CUST4195,Customer_4369,USA,South,Books,Product_101,1,137.38,137.38,0.2,40.59,Express,Cash on Delivery
AMZ104370,2022-07-02 02:00:00,CUST2404,Customer_4370,India,South,Books,Product_107,4,137.38,549.52,0.2,162.37,Express,Debit Card
AMZ104371,2022-07-02 03:00:00,CUST7940,Customer_4371,Australia,East,Home & Kitchen,Product_345,4,137.38,549.52,0.2,162.37,Same Day,Net Banking
AMZ104372,2022-07-02 04:00:00,CUST5290,Customer_4372,USA,West,Electronics,Product_425,2,137.38,274.76,0.2,81.18,Standard,Cash on Delivery
AMZ104373,2022-07-02 05:00:00,CUST4982,Customer_4373,India,North,Beauty,Product_291,3,137.38,412.14,0.2,121.78,Standard,Net Banking
AMZ104374,2022-07-02 06:00:00,CUST6555,Customer_4374,India,North,Electronics,Product_349,3,137.38,412.14,0.2,121.78,Same Day,UPI
AMZ104375,2022-07-02 07:00:00,CUST8954,Customer_4375,USA,South,Electronics,Product_105,1,137.38,137.38,0.2,40.59,Express,Cash on Delivery
AMZ104376,2022-07-02 08:00:00,CUST5713,Customer_4376,USA,South,Sports,Product_221,3,137.38,412.14,0.2,121.78,Same Day,Cash on Delivery
AMZ104377,2022-07-02 09:00:00,CUST4092,Customer_4377,UK,South,Clothing,Product_76,3,137.38,412.14,0.2,121.78,Express,Debit Card
AMZ104378,2022-07-02 10:00:00,CUST5159,Customer_4378,Australia,East,Clothing,Product_227,4,137.38,549.52,0.2,162.37,Standard,Credit Card
AMZ104379,2022-07-02 11:00:00,CUST7308,Customer_4379,Canada,West,Sports,Product_84,2,137.38,274.76,0.2,81.18,Express,Cash on Delivery
AMZ104380,2022-07-02 12:00:00,CUST8478,Customer_4380,UK,North,Beauty,Product_465,4,137.38,549.52,0.2,162.37,Standard,UPI
AMZ104381,2022-07-02 13:00:00,CUST9476,Customer_4381,India,Central,Electronics,Product_76,2,137.38,274.76,0.2,81.18,Same Day,Cash on Delivery
AMZ104382,2022-07-02 14:00:00,CUST5933,Customer_4382,Australia,East,Home & Kitchen,Product_249,1,137.38,137.38,0.2,40.59,Express,Cash on Delivery
AMZ104383,2022-07-02 15:00:00,CUST5926,Customer_4383,Australia,North,Electronics,Product_255,4,137.38,549.52,0.2,162.37,Standard,Cash on Delivery
AMZ104384,2022-07-02 16:00:00,CUST4969,Customer_4384,USA,West,Clothing,Product_50,2,137.38,274.76,0.2,81.18,Express,Cash on Delivery
AMZ104385,2022-07-02 17:00:00,CUST3965,Customer_4385,Australia,East,Electronics,Product_356,3,137.38,412.14,0.2,121.78,Standard,UPI
AMZ104386,2022-07-02 18:00:00,CUST5319,Customer_4386,Australia,North,Books,Product_458,2,137.38,274.76,0.2,81.18,Standard,Debit Card
AMZ104387,2022-07-02 19:00:00,CUST9975,Customer_4387,India,East,Books,Product_210,3,137.38,412.14,0.2,121.78,Same Day,Credit Card
AMZ104388,2022-07-02 20:00:00,CUST8108,Customer_4388,UK,North,Home & Kitchen,Product_158,1,137.38,137.38,0.2,40.59,Same Day,UPI
AMZ104389,2022-07-02 21:00:00,CUST4939,Customer_4389,Australia,North,Beauty,Product_328,3,137.38,412.14,0.2,121.78,Express,UPI
AMZ104390,2022-07-02 22:00:00,CUST1044,Customer_4390,USA,West,Electronics,Product_233,2,137.38,274.76,0.2,81.18,Standard,Net Banking
AMZ104391,2022-07-02 23:00:00,CUST2810,Customer_4391,UK,Central,Books,Product_371,4,137.38,549.52,0.2,162.37,Same Day,Credit Card
AMZ104392,2022-07-03 00:00:00,CUST5566,Customer_4392,USA,West,Beauty,Product_77,2,137.38,274.76,0.2,81.18,Express,Debit Card
AMZ104393,2022-07-03 01:00:00,CUST2909,Customer_4393,Australia,North,Books,Product_223,4,137.38,549.52,0.2,162.37,Same Day,Debit Card
AMZ104394,2022-07-03 02:00:00,CUST7364,Customer_4394,UK,East,Beauty,Product_121,2,137.38,274.76,0.2,81.18,Express,Net Banking
AMZ104395,2022-07-03 03:00:00,CUST3581,Customer_4395,Australia,West,Beauty,Product_454,2,137.38,274.76,0.2,81.18,Same Day,Net Banking
AMZ104396,2022-07-03 04:00:00,CUST1691,Customer_4396,India,Central,Books,Product_310,1,137.38,137.38,0.2,40.59,Same Day,UPI
AMZ104397,2022-07-03 05:00:00,CUST1931,Customer_4397,UK,North,Sports,Product_327,3,137.38,412.14,0.2,121.78,Standard,Debit Card
AMZ104398,2022-07-03 06:00:00,CUST8910,Customer_4398,USA,West,Clothing,Product_341,2,137.38,274.76,0.2,81.18,Standard,Debit Card
AMZ104399,2022-07-03 07:00:00,CUST7382,Customer_4399,India,West,Beauty,Product_358,4,137.38,549.52,0.2,162.37,Same Day,Debit Card
AMZ104400,2022-07-03 08:00:00,CUST4406,Customer_4400,Canada,West,Sports,Product_107,3,137.38,412.14,0.2,121.78,Standard,UPI
AMZ104401,2022-07-03 09:00:00,CUST9339,Customer_4401,USA,West,Electronics,Product_241,1,137.38,137.38,0.2,40.59,Same Day,Debit Card
AMZ104402,2022-07-03 10:00:00,CUST2032,Customer_4402,Australia,East,Sports,Product_435,3,137.38,412.14,0.2,121.78,Express,Cash on Delivery
AMZ104403,2022-07-03 11:00:00,CUST2311,Customer_4403,USA,Central,Books,Product_28,2,137.38,274.76,0.2,81.18,Same Day,Net Banking
AMZ104404,2022-07-03 12:00:00,CUST9579,Customer_4404,Canada,Central,Sports,Product_192,4,137.38,549.52,0.2,162.37,Same Day,Net Banking
AMZ104405,2022-07-03 13:00:00,CUST4121,Customer_4405,USA,North,Clothing,Product_249,4,137.38,549.52,0.2,162.37,Express,Net Banking
AMZ104406,2022-07-03 14:00:00,CUST2873,Customer_4406,India,South,Books,Product_364,3,137.38,412.14,0.2,121.78,Express,Net Banking
AMZ104407,2022-07-03 15:00:00,CUST7781,Customer_4407,USA,East,Home & Kitchen,Product_213,4,137.38,549.52,0.2,162.37,Standard,Cash on Delivery
AMZ104408,2022-07-03 16:00:00,CUST4748,Customer_4408,UK,North,Electronics,Product_21,2,137.38,274.76,0.2,81.18,Express,Credit Card
AMZ104409,2022-07-03 17:00:00,CUST1277,Customer_4409,Canada,North,Home & Kitchen,Product_472,4,137.38,549.52,0.2,162.37,Standard,Debit Card
AMZ104410,2022-07-03 18:00:00,CUST2859,Customer_4410,USA,West,Sports,Product_155,4,137.38,549.52,0.2,162.37,Same Day,Net Banking
AMZ104411,2022-07-03 19:00:00,CUST6929,Customer_4411,Canada,South,Beauty,Product_27,4,137.38,549.52,0.2,162.37,Express,Debit Card
AMZ104412,2022-07-03 20:00:00,CUST7792,Customer_4412,India,South,Sports,Product_77,2,137.38,274.76,0.2,81.18,Same Day,Debit Card
AMZ104413,2022-07-03 21:00:00,CUST5713,Customer_4413,UK,East,Beauty,Product_306,1,137.38,137.38,0.2,40.59,Standard,Cash on Delivery
AMZ104414,2022-07-03 22:00:00,CUST5675,Customer_4414,Australia,South,Home & Kitchen,Product_413,4,137.38,549.52,0.2,162.37,Express,Debit Card
AMZ104415,2022-07-03 23:00:00,CUST2170,Customer_4415,USA,North,Home & Kitchen,Product_423,1,137.38,137.38,0.2,40.59,Standard,Net Banking
AMZ104416,2022-07-04 00:00:00,CUST9681,Customer_4416,India,South,Beauty,Product_57,3,137.38,412.14,0.2,121.78,Standard,Debit Card
AMZ104417,2022-07-04 01:00:00,CUST6308,Customer_4417,Canada,South,Clothing,Product_119,3,137.38,412.14,0.2,121.78,Express,Cash on Delivery
AMZ104418,2022-07-04 02:00:00,CUST3462,Customer_4418,Canada,Central,Electronics,Product_476,2,137.38,274.76,0.2,81.18,Express,Net Banking
AMZ104419,2022-07-04 03:00:00,CUST1287,Customer_4419,India,North,Books,Product_165,2,137.38,274.76,0.2,81.18,Standard,Cash on Delivery
AMZ104420,2022-07-04 04:00:00,CUST6953,Customer_4420,USA,South,Home & Kitchen,Product_477,2,137.38,274.76,0.2,81.18,Express,UPI
AMZ104421,2022-07-04 05:00:00,CUST5282,Customer_4421,Australia,South,Electronics,Product_64,2,137.38,274.76,0.2,81.18,Standard,Credit Card
AMZ104422,2022-07-04 06:00:00,CUST2907,Customer_4422,USA,West,Books,Product_48,1,137.38,137.38,0.2,40.59,Same Day,Debit Card
AMZ104423,2022-07-04 07:00:00,CUST2161,Customer_4423,UK,South,Sports,Product_150,2,137.38,274.76,0.2,81.18,Same Day,Debit Card
AMZ104424,2022-07-04 08:00:00,CUST1129,Customer_4424,USA,South,Books,Product_484,1,137.38,137.38,0.2,40.59,Express,Debit Card
AMZ104425,2022-07-04 09:00:00,CUST7337,Customer_4425,UK,Central,Home & Kitchen,Product_158,4,137.38,549.52,0.2,162.37,Express,UPI
AMZ104426,2022-07-04 10:00:00,CUST3363,Customer_4426,Canada,North,Clothing,Product_156,4,137.38,549.52,0.2,162.37,Same Day,Credit Card
AMZ104427,2022-07-04 11:00:00,CUST9151,Customer_4427,UK,East,Clothing,Product_151,3,137.38,412.14,0.2,121.78,Standard,Cash on Delivery
AMZ104428,2022-07-04 12:00:00,CUST6983,Customer_4428,Australia,North,Electronics,Product_225,3,137.38,412.14,0.2,121.78,Standard,UPI
AMZ104429,2022-07-04 13:00:00,CUST1143,Customer_4429,India,West,Sports,Product_260,1,137.38,137.38,0.2,40.59,Standard,UPI
AMZ104430,2022-07-04 14:00:00,CUST9207,Customer_4430,UK,North,Electronics,Product_387,2,137.38,274.76,0.2,81.18,Express,Net Banking
AMZ104431,2022-07-04 15:00:00,CUST8469,Customer_4431,USA,South,Beauty,Product_256,3,137.38,412.14,0.2,121.78,Standard,UPI
AMZ104432,2022-07-04 16:00:00,CUST1244,Customer_4432,UK,West,Clothing,Product_61,1,137.38,137.38,0.2,40.59,Express,UPI
AMZ104433,2022-07-04 17:00:00,CUST1926,Customer_4433,Canada,North,Electronics,Product_352,3,137.38,412.14,0.2,121.78,Express,Debit Card
AMZ104434,2022-07-04 18:00:00,CUST4178,Customer_4434,UK,West,Beauty,Product_260,2,137.38,274.76,0.2,81.18,Express,Net Banking
AMZ104435,2022-07-04 19:00:00,CUST3176,Customer_4435,Australia,East,Sports,Product_321,1,137.38,137.38,0.2,40.59,Same Day,Cash on Delivery
AMZ104436,2022-07-04 20:00:00,CUST6002,Customer_4436,UK,North,Books,Product_396,3,137.38,412.14,0.2,121.78,Standard,Credit Card
AMZ104437,2022-07-04 21:00:00,CUST1886,Customer_4437,Australia,South,Electronics,Product_397,2,137.38,274.76,0.2,81.18,Express,Cash on Delivery
AMZ104438,2022-07-04 22:00:00,CUST9532,Customer_4438,USA,West,Beauty,Product_162,1,137.38,137.38,0.2,40.59,Standard,Net Banking
AMZ104439,2022-07-04 23:00:00,CUST4398,Customer_4439,Canada,Central,Clothing,Product_380,1,137.38,137.38,0.2,40.59,Same Day,Debit Card
AMZ104440,2022-07-05 00:00:00,CUST9497,Customer_4440,India,West,Books,Product_443,1,137.38,137.38,0.2,40.59,Standard,Credit Card
AMZ104441,2022-07-05 01:00:00,CUST3654,Customer_4441,USA,Central,Electronics,Product_349,4,137.38,549.52,0.2,162.37,Same Day,Cash on Delivery
AMZ104442,2022-07-05 02:00:00,CUST8392,Customer_4442,USA,South,Clothing,Product_457,1,137.38,137.38,0.2,40.59,Express,Credit Card
AMZ104443,2022-07-05 03:00:00,CUST2371,Customer_4443,India,East,Books,Product_31,3,137.38,412.14,0.2,121.78,Express,Credit Card
AMZ104444,2022-07-05 04:00:00,CUST8135,Customer_4444,UK,Central,Home & Kitchen,Product_71,1,137.38,137.38,0.2,40.59,Same Day,Credit Card
AMZ104445,2022-07-05 05:00:00,CUST1320,Customer_4445,UK,East,Clothing,Product_397,1,137.38,137.38,0.2,40.59,Express,UPI
AMZ104446,2022-07-05 06:00:00,CUST5654,Customer_4446,UK,West,Home & Kitchen,Product_438,1,137.38,137.38,0.2,40.59,Standard,Net Banking
AMZ104447,2022-07-05 07:00:00,CUST6300,Customer_4447,Canada,South,Sports,Product_2,1,137.38,137.38,0.2,40.59,Standard,Net Banking
AMZ104448,2022-07-05 08:00:00,CUST7761,Customer_4448,USA,Central,Electronics,Product_417,1,137.38,137.38,0.2,40.59,Same Day,Debit Card
AMZ104449,2022-07-05 09:00:00,CUST7854,Customer_4449,Australia,West,Beauty,Product_50,4,137.38,549.52,0.2,162.37,Standard,Cash on Delivery
AMZ104450,2022-07-05 10:00:00,CUST6505,Customer_4450,India,North,Electronics,Product_135,2,137.38,274.76,0.2,81.18,Express,Debit Card
AMZ104451,2022-07-05 11:00:00,CUST7553,Customer_4451,USA,West,Clothing,Product_146,4,137.38,549.52,0.2,162.37,Express,Cash on Delivery
AMZ104452,2022-07-05 12:00:00,CUST5042,Customer_4452,UK,East,Home & Kitchen,Product_179,3,137.38,412.14,0.2,121.78,Express,Credit Card
AMZ104453,2022-07-05 13:00:00,CUST8498,Customer_4453,India,South,Home & Kitchen,Product_264,2,137.38,274.76,0.2,81.18,Standard,Cash on Delivery
AMZ104454,2022-07-05 14:00:00,CUST7636,Customer_4454,Australia,South,Books,Product_311,3,137.38,412.14,0.2,121.78,Express,Cash on Delivery
AMZ104455,2022-07-05 15:00:00,CUST8362,Customer_4455,USA,West,Electronics,Product_204,1,137.38,137.38,0.2,40.59,Standard,Credit Card
AMZ104456,2022-07-05 16:00:00,CUST1011,Customer_4456,USA,North,Electronics,Product_299,3,137.38,412.14,0.2,121.78,Same Day,Debit Card
AMZ104457,2022-07-05 17:00:00,CUST1194,Customer_4457,Canada,East,Clothing,Product_187,4,137.38,549.52,0.2,162.37,Express,Cash on Delivery
AMZ104458,2022-07-05 18:00:00,CUST3537,Customer_4458,USA,West,Home & Kitchen,Product_30,4,137.38,549.52,0.2,162.37,Same Day,Debit Card
AMZ104459,2022-07-05 19:00:00,CUST3842,Customer_4459,USA,West,Clothing,Product_59,1,137.38,137.38,0.2,40.59,Standard,Debit Card
AMZ104460,2022-07-05 20:00:00,CUST3229,Customer_4460,Australia,South,Clothing,Product_9,1,137.38,137.38,0.2,40.59,Standard,Net Banking
AMZ104461,2022-07-05 21:00:00,CUST4009,Customer_4461,Australia,East,Sports,Product_476,2,137.38,274.76,0.2,81.18,Same Day,Credit Card
AMZ104462,2022-07-05 22:00:00,CUST8984,Customer_4462,India,North,Home & Kitchen,Product_324,4,137.38,549.52,0.2,162.37,Express,Credit Card
AMZ104463,2022-07-05 23:00:00,CUST3077,Customer_4463,UK,South,Clothing,Product_167,4,137.38,549.52,0.2,162.37,Express,UPI
AMZ104464,2022-07-06 00:00:00,CUST8845,Customer_4464,Australia,West,Home & Kitchen,Product_337,2,137.38,274.76,0.2,81.18,Express,Debit Card
AMZ104465,2022-07-06 01:00:00,CUST4867,Customer_4465,India,South,Clothing,Product_395,4,137.38,549.52,0.2,162.37,Same Day,UPI
AMZ104466,2022-07-06 02:00:00,CUST5873,Customer_4466,USA,South,Beauty,Product_379,2,137.38,274.76,0.2,81.18,Standard,Credit Card
AMZ104467,2022-07-06 03:00:00,CUST9635,Customer_4467,India,Central,Clothing,Product_386,4,137.38,549.52,0.2,162.37,Same Day,Credit Card
AMZ104468,2022-07-06 04:00:00,CUST1297,Customer_4468,India,South,Clothing,Product_279,3,137.38,412.14,0.2,121.78,Standard,UPI
AMZ104469,2022-07-06 05:00:00,CUST6856,Customer_4469,India,South,Beauty,Product_191,3,137.38,412.14,0.2,121.78,Express,Credit Card
AMZ104470,2022-07-06 06:00:00,CUST2015,Customer_4470,India,East,Electronics,Product_242,2,137.38,274.76,0.2,81.18,Express,Credit Card
AMZ104471,2022-07-06 07:00:00,CUST2384,Customer_4471,Australia,South,Home & Kitchen,Product_278,2,137.38,274.76,0.2,81.18,Standard,Net Banking
AMZ104472,2022-07-06 08:00:00,CUST9745,Customer_4472,UK,North,Books,Product_445,1,137.38,137.38,0.2,40.59,Express,Cash on Delivery
AMZ104473,2022-07-06 09:00:00,CUST3350,Customer_4473,India,West,Beauty,Product_154,4,137.38,549.52,0.2,162.37,Same Day,Net Banking
AMZ104474,2022-07-06 10:00:00,CUST2269,Customer_4474,Canada,East,Electronics,Product_396,3,137.38,412.14,0.2,121.78,Standard,Cash on Delivery
AMZ104475,2022-07-06 11:00:00,CUST2260,Customer_4475,USA,South,Clothing,Product_160,1,137.38,137.38,0.2,40.59,Express,Net Banking
AMZ104476,2022-07-06 12:00:00,CUST8701,Customer_4476,USA,North,Sports,Product_265,4,137.38,549.52,0.2,162.37,Express,Net Banking
AMZ104477,2022-07-06 13:00:00,CUST9376,Customer_4477,USA,West,Electronics,Product_235,3,137.38,412.14,0.2,121.78,Express,Debit Card
AMZ104478,2022-07-06 14:00:00,CUST5563,Customer_4478,USA,East,Beauty,Product_453,4,137.38,549.52,0.2,162.37,Express,UPI
AMZ104479,2022-07-06 15:00:00,CUST7897,Customer_4479,USA,North,Sports,Product_346,2,137.38,274.76,0.2,81.18,Standard,Net Banking
AMZ104480,2022-07-06 16:00:00,CUST6672,Customer_4480,India,South,Clothing,Product_199,3,137.38,412.14,0.2,121.78,Standard,Debit Card
AMZ104481,2022-07-06 17:00:00,CUST6593,Customer_4481,UK,Central,Electronics,Product_477,3,137.38,412.14,0.2,121.78,Express,Net Banking
AMZ104482,2022-07-06 18:00:00,CUST7155,Customer_4482,Canada,Central,Books,Product_33,1,137.38,137.38,0.2,40.59,Same Day,UPI
AMZ104483,2022-07-06 19:00:00,CUST6543,Customer_4483,Australia,East,Home & Kitchen,Product_408,4,137.38,549.52,0.2,162.37,Same Day,Debit Card
AMZ104484,2022-07-06 20:00:00,CUST8240,Customer_4484,Canada,North,Home & Kitchen,Product_89,2,137.38,274.76,0.2,81.18,Same Day,Cash on Delivery
AMZ104485,2022-07-06 21:00:00,CUST5683,Customer_4485,Australia,West,Beauty,Product_95,2,137.38,274.76,0.2,81.18,Same Day,UPI
AMZ104486,2022-07-06 22:00:00,CUST2881,Customer_4486,Australia,North,Clothing,Product_221,4,137.38,549.52,0.2,162.37,Standard,Credit Card
AMZ104487,2022-07-06 23:00:00,CUST9713,Customer_4487,Canada,Central,Clothing,Product_69,4,137.38,549.52,0.2,162.37,Standard,Debit Card
AMZ104488,2022-07-07 00:00:00,CUST4809,Customer_4488,India,East,Home & Kitchen,Product_294,2,137.38,274.76,0.2,81.18,Same Day,Credit Card
AMZ104489,2022-07-07 01:00:00,CUST6807,Customer_4489,USA,South,Electronics,Product_237,4,137.38,549.52,0.2,162.37,Standard,Debit Card
AMZ104490,2022-07-07 02:00:00,CUST5883,Customer_4490,India,North,Clothing,Product_395,1,137.38,137.38,0.2,40.59,Same Day,Cash on Delivery
AMZ104491,2022-07-07 03:00:00,CUST8206,Customer_4491,USA,Central,Books,Product_160,4,137.38,549.52,0.2,162.37,Express,Debit Card
AMZ104492,2022-07-07 04:00:00,CUST5155,Customer_4492,UK,West,Books,Product_320,1,137.38,137.38,0.2,40.59,Express,Net Banking
AMZ104493,2022-07-07 05:00:00,CUST5673,Customer_4493,Australia,East,Clothing,Product_328,1,137.38,137.38,0.2,40.59,Same Day,Credit Card
AMZ104494,2022-07-07 06:00:00,CUST2409,Customer_4494,Canada,South,Clothing,Product_276,4,137.38,549.52,0.2,162.37,Standard,Credit Card
AMZ104495,2022-07-07 07:00:00,CUST6197,Customer_4495,UK,North,Home & Kitchen,Product_290,3,137.38,412.14,0.2,121.78,Same Day,Debit Card
AMZ104496,2022-07-07 08:00:00,CUST8452,Customer_4496,USA,West,Beauty,Product_367,3,137.38,412.14,0.2,121.78,Standard,Net Banking
AMZ104497,2022-07-07 09:00:00,CUST9718,Customer_4497,India,South,Home & Kitchen,Product_42,1,137.38,137.38,0.2,40.59,Express,Net Banking
AMZ104498,2022-07-07 10:00:00,CUST3172,Customer_4498,Canada,Central,Beauty,Product_392,4,137.38,549.52,0.2,162.37,Standard,Debit Card
AMZ104499,2022-07-07 11:00:00,CUST1279,Customer_4499,Australia,Central,Books,Product_66,1,137.38,137.38,0.2,40.59,Same Day,UPI
AMZ104500,2022-07-07 12:00:00,CUST4977,Customer_4500,UK,West,Beauty,Product_21,4,137.38,549.52,0.2,162.37,Express,Cash on Delivery
AMZ104501,2022-07-07 13:00:00,CUST3669,Customer_4501,Australia,Central,Home & Kitchen,Product_335,4,137.38,549.52,0.2,162.37,Express,Debit Card
AMZ104502,2022-07-07 14:00:00,CUST8825,Customer_4502,USA,East,Clothing,Product_70,2,137.38,274.76,0.2,81.18,Standard,Net Banking
AMZ104503,2022-07-07 15:00:00,CUST4981,Customer_4503,Australia,West,Beauty,Product_261,3,137.38,412.14,0.2,121.78,Express,Cash on Delivery
AMZ104504,2022-07-07 16:00:00,CUST5769,Customer_4504,India,Central,Home & Kitchen,Product_246,3,137.38,412.14,0.2,121.78,Express,Debit Card
AMZ104505,2022-07-07 17:00:00,CUST6247,Customer_4505,UK,North,Books,Product_323,2,137.38,274.76,0.2,81.18,Standard,Cash on Delivery
AMZ104506,2022-07-07 18:00:00,CUST5427,Customer_4506,UK,Central,Sports,Product_235,2,137.38,274.76,0.2,81.18,Express,UPI
AMZ104507,2022-07-07 19:00:00,CUST7135,Customer_4507,India,East,Beauty,Product_427,2,137.38,274.76,0.2,81.18,Same Day,Net Banking
AMZ104508,2022-07-07 20:00:00,CUST6573,Customer_4508,Australia,South,Books,Product_272,1,137.38,137.38,0.2,40.59,Standard,UPI
AMZ104509,2022-07-07 21:00:00,CUST5131,Customer_4509,India,South,Books,Product_99,1,137.38,137.38,0.2,40.59,Standard,UPI
AMZ104510,2022-07-07 22:00:00,CUST8189,Customer_4510,Canada,Central,Electronics,Product_329,1,137.38,137.38,0.2,40.59,Standard,Net Banking
AMZ104511,2022-07-07 23:00:00,CUST5535,Customer_4511,India,South,Sports,Product_35,1,137.38,137.38,0.2,40.59,Standard,UPI
AMZ104512,2022-07-08 00:00:00,CUST3776,Customer_4512,Australia,Central,Beauty,Product_339,1,137.38,137.38,0.2,40.59,Same Day,Debit Card
AMZ104513,2022-07-08 01:00:00,CUST8697,Customer_4513,India,East,Home & Kitchen,Product_171,3,137.38,412.14,0.2,121.78,Standard,Debit Card
AMZ104514,2022-07-08 02:00:00,CUST9386,Customer_4514,USA,South,Beauty,Product_110,3,137.38,412.14,0.2,121.78,Same Day,Cash on Delivery
AMZ104515,2022-07-08 03:00:00,CUST1662,Customer_4515,India,North,Beauty,Product_482,4,137.38,549.52,0.2,162.37,Standard,Debit Card
AMZ104516,2022-07-08 04:00:00,CUST9671,Customer_4516,India,Central,Sports,Product_295,3,137.38,412.14,0.2,121.78,Standard,Debit Card
AMZ104517,2022-07-08 05:00:00,CUST9044,Customer_4517,Australia,South,Books,Product_10,2,137.38,274.76,0.2,81.18,Express,Cash on Delivery
AMZ104518,2022-07-08 06:00:00,CUST5218,Customer_4518,Canada,East,Books,Product_202,3,137.38,412.14,0.2,121.78,Express,Credit Card
AMZ104519,2022-07-08 07:00:00,CUST6060,Customer_4519,Canada,East,Books,Product_404,2,137.38,274.76,0.2,81.18,Same Day,Net Banking
AMZ104520,2022-07-08 08:00:00,CUST6874,Customer_4520,Australia,North,Books,Product_257,3,137.38,412.14,0.2,121.78,Express,Debit Card
AMZ104521,2022-07-08 09:00:00,CUST6581,Customer_4521,Australia,East,Sports,Product_262,1,137.38,137.38,0.2,40.59,Standard,Cash on Delivery
AMZ104522,2022-07-08 10:00:00,CUST3014,Customer_4522,Australia,East,Home & Kitchen,Product_181,3,137.38,412.14,0.2,121.78,Same Day,UPI
AMZ104523,2022-07-08 11:00:00,CUST4789,Customer_4523,USA,South,Clothing,Product_430,4,137.38,549.52,0.2,162.37,Express,UPI
AMZ104524,2022-07-08 12:00:00,CUST8148,Customer_4524,UK,Central,Electronics,Product_66,1,137.38,137.38,0.2,40.59,Standard,Debit Card
AMZ104525,2022-07-08 13:00:00,CUST8766,Customer_4525,India,West,Books,Product_294,1,137.38,137.38,0.2,40.59,Express,Net Banking
AMZ104526,2022-07-08 14:00:00,CUST3364,Customer_4526,Australia,East,Books,Product_161,4,137.38,549.52,0.2,162.37,Express,Cash on Delivery
AMZ104527,2022-07-08 15:00:00,CUST4629,Customer_4527,Australia,East,Electronics,Product_67,3,137.38,412.14,0.2,121.78,Express,Cash on Delivery
AMZ104528,2022-07-08 16:00:00,CUST6919,Customer_4528,Australia,West,Books,Product_100,3,137.38,412.14,0.2,121.78,Express,Cash on Delivery
AMZ104529,2022-07-08 17:00:00,CUST6675,Customer_4529,Canada,East,Clothing,Product_77,4,137.38,549.52,0.2,162.37,Standard,Cash on Delivery
AMZ104530,2022-07-08 18:00:00,CUST9872,Customer_4530,Australia,South,Beauty,Product_35,1,137.38,137.38,0.2,40.59,Express,Cash on Delivery
AMZ104531,2022-07-08 19:00:00,CUST7638,Customer_4531,India,South,Electronics,Product_463,4,137.38,549.52,0.2,162.37,Same Day,Net Banking
AMZ104532,2022-07-08 20:00:00,CUST5651,Customer_4532,Australia,West,Home & Kitchen,Product_45,2,137.38,274.76,0.2,81.18,Same Day,Cash on Delivery
AMZ104533,2022-07-08 21:00:00,CUST1609,Customer_4533,India,East,Electronics,Product_150,2,137.38,274.76,0.2,81.18,Express,Net Banking
AMZ104534,2022-07-08 22:00:00,CUST8940,Customer_4534,USA,East,Clothing,Product_491,3,137.38,412.14,0.2,121.78,Same Day,Net Banking
AMZ104535,2022-07-08 23:00:00,CUST4866,Customer_4535,UK,Central,Sports,Product_68,1,137.38,137.38,0.2,40.59,Express,Net Banking
AMZ104536,2022-07-09 00:00:00,CUST1371,Customer_4536,Canada,East,Home & Kitchen,Product_254,2,137.38,274.76,0.2,81.18,Standard,UPI
AMZ104537,2022-07-09 01:00:00,CUST7998,Customer_4537,India,South,Beauty,Product_17,4,137.38,549.52,0.2,162.37,Standard,Credit Card
AMZ104538,2022-07-09 02:00:00,CUST1615,Customer_4538,USA,North,Books,Product_261,3,137.38,412.14,0.2,121.78,Same Day,Debit Card
AMZ104539,2022-07-09 03:00:00,CUST7911,Customer_4539,UK,North,Electronics,Product_213,3,137.38,412.14,0.2,121.78,Same Day,UPI
AMZ104540,2022-07-09 04:00:00,CUST7010,Customer_4540,UK,North,Home & Kitchen,Product_313,1,137.38,137.38,0.2,40.59,Express,Credit Card
AMZ104541,2022-07-09 05:00:00,CUST3253,Customer_4541,UK,North,Electronics,Product_256,2,137.38,274.76,0.2,81.18,Express,UPI
AMZ104542,2022-07-09 06:00:00,CUST5942,Customer_4542,India,East,Beauty,Product_216,3,137.38,412.14,0.2,121.78,Express,Net Banking
AMZ104543,2022-07-09 07:00:00,CUST1864,Customer_4543,USA,East,Electronics,Product_351,4,137.38,549.52,0.2,162.37,Standard,Net Banking
AMZ104544,2022-07-09 08:00:00,CUST2268,Customer_4544,Australia,Central,Home & Kitchen,Product_424,2,137.38,274.76,0.2,81.18,Express,Cash on Delivery
AMZ104545,2022-07-09 09:00:00,CUST8454,Customer_4545,USA,East,Clothing,Product_286,3,137.38,412.14,0.2,121.78,Standard,Net Banking
AMZ104546,2022-07-09 10:00:00,CUST9976,Customer_4546,USA,North,Sports,Product_426,3,137.38,412.14,0.2,121.78,Same Day,UPI
AMZ104547,2022-07-09 11:00:00,CUST5571,Customer_4547,USA,West,Home & Kitchen,Product_7,2,137.38,274.76,0.2,81.18,Standard,Debit Card
AMZ104548,2022-07-09 12:00:00,CUST6229,Customer_4548,India,West,Electronics,Product_497,2,137.38,274.76,0.2,81.18,Same Day,Net Banking
AMZ104549,2022-07-09 13:00:00,CUST3237,Customer_4549,India,South,Beauty,Product_380,1,137.38,137.38,0.2,40.59,Standard,Credit Card
AMZ104550,2022-07-09 14:00:00,CUST5054,Customer_4550,India,South,Books,Product_199,4,137.38,549.52,0.2,162.37,Standard,UPI
AMZ104551,2022-07-09 15:00:00,CUST1935,Customer_4551,USA,East,Books,Product_91,1,137.38,137.38,0.2,40.59,Express,Credit Card
AMZ104552,2022-07-09 16:00:00,CUST7394,Customer_4552,India,West,Beauty,Product_472,1,137.38,137.38,0.2,40.59,Same Day,Cash on Delivery
AMZ104553,2022-07-09 17:00:00,CUST8891,Customer_4553,UK,North,Electronics,Product_147,4,137.38,549.52,0.2,162.37,Standard,Cash on Delivery
AMZ104554,2022-07-09 18:00:00,CUST1325,Customer_4554,India,North,Sports,Product_425,4,137.38,549.52,0.2,162.37,Standard,Debit Card
AMZ104555,2022-07-09 19:00:00,CUST8774,Customer_4555,Canada,North,Beauty,Product_418,1,137.38,137.38,0.2,40.59,Same Day,UPI
AMZ104556,2022-07-09 20:00:00,CUST4861,Customer_4556,India,East,Electronics,Product_150,2,137.38,274.76,0.2,81.18,Standard,Debit Card
AMZ104557,2022-07-09 21:00:00,CUST2985,Customer_4557,India,East,Home & Kitchen,Product_52,4,137.38,549.52,0.2,162.37,Same Day,Credit Card
AMZ104558,2022-07-09 22:00:00,CUST5932,Customer_4558,India,Central,Sports,Product_243,1,137.38,137.38,0.2,40.59,Same Day,Debit Card
AMZ104559,2022-07-09 23:00:00,CUST5603,Customer_4559,India,North,Clothing,Product_219,2,137.38,274.76,0.2,81.18,Same Day,Credit Card
AMZ104560,2022-07-10 00:00:00,CUST3778,Customer_4560,Canada,North,Electronics,Product_6,3,137.38,412.14,0.2,121.78,Standard,Debit Card
AMZ104561,2022-07-10 01:00:00,CUST9832,Customer_4561,Australia,East,Books,Product_458,2,137.38,274.76,0.2,81.18,Standard,Cash on Delivery
AMZ104562,2022-07-10 02:00:00,CUST8754,Customer_4562,India,East,Books,Product_109,1,137.38,137.38,0.2,40.59,Express,UPI
AMZ104563,2022-07-10 03:00:00,CUST5078,Customer_4563,UK,Central,Sports,Product_351,4,137.38,549.52,0.2,162.37,Same Day,Debit Card
AMZ104564,2022-07-10 04:00:00,CUST2367,Customer_4564,Canada,Central,Clothing,Product_409,2,137.38,274.76,0.2,81.18,Standard,Credit Card
AMZ104565,2022-07-10 05:00:00,CUST5042,Customer_4565,Australia,South,Electronics,Product_66,2,137.38,274.76,0.2,81.18,Standard,UPI
AMZ104566,2022-07-10 06:00:00,CUST3575,Customer_4566,India,West,Clothing,Product_10,2,137.38,274.76,0.2,81.18,Same Day,Cash on Delivery
AMZ104567,2022-07-10 07:00:00,CUST7754,Customer_4567,Australia,North,Home & Kitchen,Product_202,4,137.38,549.52,0.2,162.37,Same Day,Cash on Delivery
AMZ104568,2022-07-10 08:00:00,CUST2581,Customer_4568,UK,North,Clothing,Product_282,4,137.38,549.52,0.2,162.37,Same Day,Net Banking
AMZ104569,2022-07-10 09:00:00,CUST2986,Customer_4569,Canada,Central,Home & Kitchen,Product_389,2,137.38,274.76,0.2,81.18,Express,UPI
AMZ104570,2022-07-10 10:00:00,CUST3240,Customer_4570,Canada,Central,Books,Product_214,2,137.38,274.76,0.2,81.18,Express,Debit Card
AMZ104571,2022-07-10 11:00:00,CUST4966,Customer_4571,Australia,South,Home & Kitchen,Product_68,1,137.38,137.38,0.2,40.59,Express,Cash on Delivery
AMZ104572,2022-07-10 12:00:00,CUST8604,Customer_4572,India,West,Electronics,Product_247,4,137.38,549.52,0.2,162.37,Same Day,Debit Card
AMZ104573,2022-07-10 13:00:00,CUST9320,Customer_4573,USA,South,Sports,Product_354,2,137.38,274.76,0.2,81.18,Standard,Debit Card
AMZ104574,2022-07-10 14:00:00,CUST6968,Customer_4574,Canada,West,Sports,Product_327,4,137.38,549.52,0.2,162.37,Same Day,Credit Card
AMZ104575,2022-07-10 15:00:00,CUST8493,Customer_4575,USA,North,Electronics,Product_50,4,137.38,549.52,0.2,162.37,Standard,Debit Card
AMZ104576,2022-07-10 16:00:00,CUST5103,Customer_4576,Canada,South,Electronics,Product_17,4,137.38,549.52,0.2,162.37,Express,Net Banking
AMZ104577,2022-07-10 17:00:00,CUST3076,Customer_4577,India,Central,Electronics,Product_11,1,137.38,137.38,0.2,40.59,Express,UPI
AMZ104578,2022-07-10 18:00:00,CUST6231,Customer_4578,India,South,Beauty,Product_309,3,137.38,412.14,0.2,121.78,Express,UPI
AMZ104579,2022-07-10 19:00:00,CUST3994,Customer_4579,Canada,South,Home & Kitchen,Product_306,4,137.38,549.52,0.2,162.37,Standard,Credit Card
AMZ104580,2022-07-10 20:00:00,CUST4744,Customer_4580,Australia,North,Electronics,Product_392,4,137.38,549.52,0.2,162.37,Standard,Net Banking
AMZ104581,2022-07-10 21:00:00,CUST6594,Customer_4581,India,Central,Sports,Product_476,2,137.38,274.76,0.2,81.18,Same Day,Net Banking
AMZ104582,2022-07-10 22:00:00,CUST8531,Customer_4582,India,Central,Clothing,Product_124,4,137.38,549.52,0.2,162.37,Same Day,UPI
AMZ104583,2022-07-10 23:00:00,CUST8371,Customer_4583,UK,East,Clothing,Product_492,3,137.38,412.14,0.2,121.78,Same Day,Net Banking
AMZ104584,2022-07-11 00:00:00,CUST2644,Customer_4584,India,East,Beauty,Product_225,4,137.38,549.52,0.2,162.37,Express,Cash on Delivery
AMZ104585,2022-07-11 01:00:00,CUST4144,Customer_4585,UK,East,Home & Kitchen,Product_244,1,137.38,137.38,0.2,40.59,Same Day,Debit Card
AMZ104586,2022-07-11 02:00:00,CUST1242,Customer_4586,India,North,Home & Kitchen,Product_318,2,137.38,274.76,0.2,81.18,Express,Debit Card
AMZ104587,2022-07-11 03:00:00,CUST5085,Customer_4587,India,South,Home & Kitchen,Product_473,3,137.38,412.14,0.2,121.78,Standard,UPI
AMZ104588,2022-07-11 04:00:00,CUST8954,Customer_4588,Australia,Central,Sports,Product_469,1,137.38,137.38,0.2,40.59,Express,UPI
AMZ104589,2022-07-11 05:00:00,CUST8269,Customer_4589,Australia,Central,Sports,Product_332,3,137.38,412.14,0.2,121.78,Express,Net Banking
AMZ104590,2022-07-11 06:00:00,CUST8130,Customer_4590,India,South,Beauty,Product_379,2,137.38,274.76,0.2,81.18,Express,Credit Card
AMZ104591,2022-07-11 07:00:00,CUST7828,Customer_4591,Canada,Central,Home & Kitchen,Product_346,4,137.38,549.52,0.2,162.37,Standard,UPI
AMZ104592,2022-07-11 08:00:00,CUST9362,Customer_4592,Canada,South,Home & Kitchen,Product_29,2,137.38,274.76,0.2,81.18,Standard,UPI
AMZ104593,2022-07-11 09:00:00,CUST9844,Customer_4593,India,North,Electronics,Product_358,2,137.38,274.76,0.2,81.18,Same Day,UPI
AMZ104594,2022-07-11 10:00:00,CUST7331,Customer_4594,Canada,North,Home & Kitchen,Product_483,4,137.38,549.52,0.2,162.37,Same Day,Net Banking
AMZ104595,2022-07-11 11:00:00,CUST4512,Customer_4595,India,North,Sports,Product_357,1,137.38,137.38,0.2,40.59,Same Day,Cash on Delivery
AMZ104596,2022-07-11 12:00:00,CUST2499,Customer_4596,Australia,South,Electronics,Product_366,3,137.38,412.14,0.2,121.78,Standard,UPI
AMZ104597,2022-07-11 13:00:00,CUST3158,Customer_4597,USA,South,Electronics,Product_428,1,137.38,137.38,0.2,40.59,Standard,Cash on Delivery
AMZ104598,2022-07-11 14:00:00,CUST6162,Customer_4598,UK,West,Home & Kitchen,Product_365,4,137.38,549.52,0.2,162.37,Standard,Net Banking
AMZ104599,2022-07-11 15:00:00,CUST5039,Customer_4599,Canada,Central,Clothing,Product_429,3,137.38,412.14,0.2,121.78,Standard,Credit Card
AMZ104600,2022-07-11 16:00:00,CUST3035,Customer_4600,Canada,Central,Books,Product_285,4,137.38,549.52,0.2,162.37,Standard,Debit Card
AMZ104601,2022-07-11 17:00:00,CUST8977,Customer_4601,Australia,West,Sports,Product_497,1,137.38,137.38,0.2,40.59,Express,Debit Card
AMZ104602,2022-07-11 18:00:00,CUST1857,Customer_4602,Canada,West,Clothing,Product_472,2,137.38,274.76,0.2,81.18,Same Day,Debit Card
AMZ104603,2022-07-11 19:00:00,CUST4823,Customer_4603,India,North,Home & Kitchen,Product_59,3,137.38,412.14,0.2,121.78,Express,Debit Card
AMZ104604,2022-07-11 20:00:00,CUST7770,Customer_4604,India,West,Home & Kitchen,Product_143,4,137.38,549.52,0.2,162.37,Same Day,Net Banking
AMZ104605,2022-07-11 21:00:00,CUST1298,Customer_4605,USA,South,Clothing,Product_326,3,137.38,412.14,0.2,121.78,Express,Debit Card
AMZ104606,2022-07-11 22:00:00,CUST8244,Customer_4606,USA,East,Home & Kitchen,Product_352,3,137.38,412.14,0.2,121.78,Standard,Net Banking
AMZ104607,2022-07-11 23:00:00,CUST1923,Customer_4607,USA,South,Sports,Product_300,1,137.38,137.38,0.2,40.59,Same Day,Credit Card
AMZ104608,2022-07-12 00:00:00,CUST5232,Customer_4608,India,West,Electronics,Product_226,2,137.38,274.76,0.2,81.18,Express,UPI
AMZ104609,2022-07-12 01:00:00,CUST5306,Customer_4609,USA,Central,Beauty,Product_164,3,137.38,412.14,0.2,121.78,Same Day,UPI
AMZ104610,2022-07-12 02:00:00,CUST3799,Customer_4610,USA,South,Home & Kitchen,Product_84,1,137.38,137.38,0.2,40.59,Standard,UPI
AMZ104611,2022-07-12 03:00:00,CUST7578,Customer_4611,India,Central,Home & Kitchen,Product_377,3,137.38,412.14,0.2,121.78,Standard,Net Banking
AMZ104612,2022-07-12 04:00:00,CUST5875,Customer_4612,Australia,South,Clothing,Product_313,2,137.38,274.76,0.2,81.18,Same Day,Net Banking
AMZ104613,2022-07-12 05:00:00,CUST6326,Customer_4613,Canada,Central,Electronics,Product_117,3,137.38,412.14,0.2,121.78,Same Day,Net Banking
AMZ104614,2022-07-12 06:00:00,CUST7582,Customer_4614,UK,South,Clothing,Product_320,2,137.38,274.76,0.2,81.18,Standard,Credit Card
AMZ104615,2022-07-12 07:00:00,CUST2802,Customer_4615,India,Central,Sports,Product_204,1,137.38,137.38,0.2,40.59,Standard,Cash on Delivery
AMZ104616,2022-07-12 08:00:00,CUST3657,Customer_4616,India,East,Clothing,Product_355,1,137.38,137.38,0.2,40.59,Standard,Net Banking
AMZ104617,2022-07-12 09:00:00,CUST4346,Customer_4617,UK,North,Home & Kitchen,Product_497,2,137.38,274.76,0.2,81.18,Express,Net Banking
AMZ104618,2022-07-12 10:00:00,CUST3949,Customer_4618,UK,South,Electronics,Product_294,2,137.38,274.76,0.2,81.18,Same Day,UPI
AMZ104619,2022-07-12 11:00:00,CUST1941,Customer_4619,USA,East,Sports,Product_145,1,137.38,137.38,0.2,40.59,Standard,Debit Card
AMZ104620,2022-07-12 12:00:00,CUST2907,Customer_4620,UK,North,Home & Kitchen,Product_27,2,137.38,274.76,0.2,81.18,Same Day,Debit Card
AMZ104621,2022-07-12 13:00:00,CUST5837,Customer_4621,Canada,South,Sports,Product_17,2,137.38,274.76,0.2,81.18,Express,Credit Card
AMZ104622,2022-07-12 14:00:00,CUST9105,Customer_4622,Canada,East,Home & Kitchen,Product_63,4,137.38,549.52,0.2,162.37,Express,Debit Card
AMZ104623,2022-07-12 15:00:00,CUST2243,Customer_4623,Canada,East,Home & Kitchen,Product_267,3,137.38,412.14,0.2,121.78,Standard,Cash on Delivery
AMZ104624,2022-07-12 16:00:00,CUST6696,Customer_4624,Canada,East,Home & Kitchen,Product_64,1,137.38,137.38,0.2,40.59,Same Day,UPI
AMZ104625,2022-07-12 17:00:00,CUST2466,Customer_4625,Canada,West,Beauty,Product_39,1,137.38,137.38,0.2,40.59,Express,Credit Card
AMZ104626,2022-07-12 18:00:00,CUST4957,Customer_4626,USA,Central,Books,Product_130,4,137.38,549.52,0.2,162.37,Same Day,Debit Card
AMZ104627,2022-07-12 19:00:00,CUST2966,Customer_4627,India,North,Electronics,Product_115,2,137.38,274.76,0.2,81.18,Same Day,Debit Card
AMZ104628,2022-07-12 20:00:00,CUST1375,Customer_4628,UK,Central,Beauty,Product_450,2,137.38,274.76,0.2,81.18,Standard,UPI
AMZ104629,2022-07-12 21:00:00,CUST1262,Customer_4629,India,Central,Books,Product_438,2,137.38,274.76,0.2,81.18,Express,Credit Card
AMZ104630,2022-07-12 22:00:00,CUST5362,Customer_4630,UK,Central,Sports,Product_413,1,137.38,137.38,0.2,40.59,Express,UPI
AMZ104631,2022-07-12 23:00:00,CUST7502,Customer_4631,USA,East,Books,Product_45,4,137.38,549.52,0.2,162.37,Express,Credit Card
AMZ104632,2022-07-13 00:00:00,CUST8833,Customer_4632,USA,Central,Books,Product_216,3,137.38,412.14,0.2,121.78,Same Day,Debit Card
AMZ104633,2022-07-13 01:00:00,CUST2893,Customer_4633,Australia,West,Beauty,Product_88,4,137.38,549.52,0.2,162.37,Express,UPI
AMZ104634,2022-07-13 02:00:00,CUST9106,Customer_4634,Australia,South,Electronics,Product_336,1,137.38,137.38,0.2,40.59,Express,UPI
AMZ104635,2022-07-13 03:00:00,CUST2652,Customer_4635,USA,East,Clothing,Product_415,3,137.38,412.14,0.2,121.78,Same Day,Cash on Delivery
AMZ104636,2022-07-13 04:00:00,CUST6540,Customer_4636,USA,North,Books,Product_177,2,137.38,274.76,0.2,81.18,Express,UPI
AMZ104637,2022-07-13 05:00:00,CUST4892,Customer_4637,UK,South,Clothing,Product_491,4,137.38,549.52,0.2,162.37,Express,Credit Card
AMZ104638,2022-07-13 06:00:00,CUST1599,Customer_4638,USA,South,Clothing,Product_265,4,137.38,549.52,0.2,162.37,Same Day,Cash on Delivery
AMZ104639,2022-07-13 07:00:00,CUST5815,Customer_4639,India,South,Home & Kitchen,Product_411,1,137.38,137.38,0.2,40.59,Express,UPI
AMZ104640,2022-07-13 08:00:00,CUST2912,Customer_4640,UK,Central,Clothing,Product_440,4,137.38,549.52,0.2,162.37,Standard,UPI
AMZ104641,2022-07-13 09:00:00,CUST9792,Customer_4641,USA,Central,Sports,Product_105,3,137.38,412.14,0.2,121.78,Same Day,Cash on Delivery
AMZ104642,2022-07-13 10:00:00,CUST9572,Customer_4642,UK,East,Sports,Product_381,4,137.38,549.52,0.2,162.37,Express,Debit Card
AMZ104643,2022-07-13 11:00:00,CUST5213,Customer_4643,UK,Central,Home & Kitchen,Product_334,1,137.38,137.38,0.2,40.59,Standard,UPI
AMZ104644,2022-07-13 12:00:00,CUST4637,Customer_4644,Canada,Central,Electronics,Product_301,4,137.38,549.52,0.2,162.37,Same Day,Net Banking
AMZ104645,2022-07-13 13:00:00,CUST6599,Customer_4645,Australia,Central,Electronics,Product_473,3,137.38,412.14,0.2,121.78,Express,Debit Card
AMZ104646,2022-07-13 14:00:00,CUST7448,Customer_4646,UK,East,Sports,Product_171,3,137.38,412.14,0.2,121.78,Same Day,UPI
AMZ104647,2022-07-13 15:00:00,CUST9557,Customer_4647,UK,East,Home & Kitchen,Product_108,1,137.38,137.38,0.2,40.59,Standard,Debit Card
AMZ104648,2022-07-13 16:00:00,CUST8382,Customer_4648,Canada,West,Electronics,Product_406,2,137.38,274.76,0.2,81.18,Same Day,Credit Card
AMZ104649,2022-07-13 17:00:00,CUST9982,Customer_4649,USA,West,Books,Product_355,1,137.38,137.38,0.2,40.59,Express,Debit Card
AMZ104650,2022-07-13 18:00:00,CUST4569,Customer_4650,UK,West,Electronics,Product_161,2,137.38,274.76,0.2,81.18,Standard,Cash on Delivery
AMZ104651,2022-07-13 19:00:00,CUST8707,Customer_4651,Canada,West,Home & Kitchen,Product_283,3,137.38,412.14,0.2,121.78,Same Day,UPI
AMZ104652,2022-07-13 20:00:00,CUST1746,Customer_4652,India,South,Sports,Product_40,4,137.38,549.52,0.2,162.37,Express,Debit Card
AMZ104653,2022-07-13 21:00:00,CUST9504,Customer_4653,Canada,South,Books,Product_26,4,137.38,549.52,0.2,162.37,Express,Net Banking
AMZ104654,2022-07-13 22:00:00,CUST5633,Customer_4654,Australia,West,Clothing,Product_83,3,137.38,412.14,0.2,121.78,Standard,Credit Card
AMZ104655,2022-07-13 23:00:00,CUST1920,Customer_4655,Australia,West,Clothing,Product_173,1,137.38,137.38,0.2,40.59,Standard,Credit Card
AMZ104656,2022-07-14 00:00:00,CUST8008,Customer_4656,USA,North,Clothing,Product_487,4,137.38,549.52,0.2,162.37,Same Day,Debit Card
AMZ104657,2022-07-14 01:00:00,CUST3381,Customer_4657,USA,South,Sports,Product_173,1,137.38,137.38,0.2,40.59,Express,Cash on Delivery
AMZ104658,2022-07-14 02:00:00,CUST4618,Customer_4658,Australia,North,Home & Kitchen,Product_282,4,137.38,549.52,0.2,162.37,Standard,Credit Card
AMZ104659,2022-07-14 03:00:00,CUST9989,Customer_4659,Australia,North,Clothing,Product_70,2,137.38,274.76,0.2,81.18,Express,Debit Card
AMZ104660,2022-07-14 04:00:00,CUST5443,Customer_4660,UK,Central,Electronics,Product_323,4,137.38,549.52,0.2,162.37,Same Day,Debit Card
AMZ104661,2022-07-14 05:00:00,CUST1272,Customer_4661,Australia,East,Clothing,Product_6,2,137.38,274.76,0.2,81.18,Standard,Credit Card
AMZ104662,2022-07-14 06:00:00,CUST2773,Customer_4662,USA,South,Beauty,Product_284,4,137.38,549.52,0.2,162.37,Same Day,Debit Card
AMZ104663,2022-07-14 07:00:00,CUST3547,Customer_4663,Australia,West,Sports,Product_195,4,137.38,549.52,0.2,162.37,Same Day,Debit Card
AMZ104664,2022-07-14 08:00:00,CUST4164,Customer_4664,USA,West,Beauty,Product_13,4,137.38,549.52,0.2,162.37,Standard,Net Banking
AMZ104665,2022-07-14 09:00:00,CUST5780,Customer_4665,India,East,Clothing,Product_63,4,137.38,549.52,0.2,162.37,Same Day,Debit Card
AMZ104666,2022-07-14 10:00:00,CUST1946,Customer_4666,Australia,South,Clothing,Product_13,4,137.38,549.52,0.2,162.37,Express,Debit Card
AMZ104667,2022-07-14 11:00:00,CUST1506,Customer_4667,USA,West,Beauty,Product_249,1,137.38,137.38,0.2,40.59,Standard,Cash on Delivery
AMZ104668,2022-07-14 12:00:00,CUST7719,Customer_4668,Canada,West,Sports,Product_205,2,137.38,274.76,0.2,81.18,Express,Credit Card
AMZ104669,2022-07-14 13:00:00,CUST9435,Customer_4669,UK,Central,Sports,Product_385,2,137.38,274.76,0.2,81.18,Same Day,Cash on Delivery
AMZ104670,2022-07-14 14:00:00,CUST9697,Customer_4670,USA,North,Clothing,Product_253,4,137.38,549.52,0.2,162.37,Standard,UPI
AMZ104671,2022-07-14 15:00:00,CUST7360,Customer_4671,Australia,West,Sports,Product_40,1,137.38,137.38,0.2,40.59,Express,Cash on Delivery
AMZ104672,2022-07-14 16:00:00,CUST8657,Customer_4672,Australia,South,Books,Product_165,1,137.38,137.38,0.2,40.59,Express,UPI
AMZ104673,2022-07-14 17:00:00,CUST4590,Customer_4673,India,East,Sports,Product_31,3,137.38,412.14,0.2,121.78,Express,UPI
AMZ104674,2022-07-14 18:00:00,CUST2192,Customer_4674,Canada,Central,Beauty,Product_17,3,137.38,412.14,0.2,121.78,Express,Cash on Delivery
AMZ104675,2022-07-14 19:00:00,CUST2464,Customer_4675,USA,South,Home & Kitchen,Product_137,1,137.38,137.38,0.2,40.59,Express,Net Banking
AMZ104676,2022-07-14 20:00:00,CUST1390,Customer_4676,Canada,Central,Beauty,Product_365,3,137.38,412.14,0.2,121.78,Same Day,Cash on Delivery
AMZ104677,2022-07-14 21:00:00,CUST6615,Customer_4677,India,North,Electronics,Product_320,2,137.38,274.76,0.2,81.18,Same Day,Credit Card
AMZ104678,2022-07-14 22:00:00,CUST7106,Customer_4678,UK,West,Books,Product_313,1,137.38,137.38,0.2,40.59,Same Day,Cash on Delivery
AMZ104679,2022-07-14 23:00:00,CUST9864,Customer_4679,Canada,South,Home & Kitchen,Product_397,3,137.38,412.14,0.2,121.78,Same Day,Net Banking
AMZ104680,2022-07-15 00:00:00,CUST3560,Customer_4680,India,East,Clothing,Product_165,1,137.38,137.38,0.2,40.59,Same Day,Cash on Delivery
AMZ104681,2022-07-15 01:00:00,CUST6867,Customer_4681,USA,North,Electronics,Product_398,3,137.38,412.14,0.2,121.78,Same Day,Net Banking
AMZ104682,2022-07-15 02:00:00,CUST2211,Customer_4682,UK,North,Electronics,Product_459,1,137.38,137.38,0.2,40.59,Same Day,Credit Card
AMZ104683,2022-07-15 03:00:00,CUST2539,Customer_4683,Australia,Central,Books,Product_281,4,137.38,549.52,0.2,162.37,Express,Debit Card
AMZ104684,2022-07-15 04:00:00,CUST1643,Customer_4684,India,North,Home & Kitchen,Product_223,2,137.38,274.76,0.2,81.18,Same Day,Net Banking
AMZ104685,2022-07-15 05:00:00,CUST9693,Customer_4685,Australia,South,Electronics,Product_122,3,137.38,412.14,0.2,121.78,Express,Net Banking
AMZ104686,2022-07-15 06:00:00,CUST9921,Customer_4686,UK,Central,Home & Kitchen,Product_78,4,137.38,549.52,0.2,162.37,Standard,Net Banking
AMZ104687,2022-07-15 07:00:00,CUST2283,Customer_4687,India,North,Home & Kitchen,Product_313,1,137.38,137.38,0.2,40.59,Same Day,Credit Card
AMZ104688,2022-07-15 08:00:00,CUST8680,Customer_4688,India,East,Sports,Product_327,4,137.38,549.52,0.2,162.37,Express,UPI
AMZ104689,2022-07-15 09:00:00,CUST8345,Customer_4689,UK,South,Electronics,Product_88,2,137.38,274.76,0.2,81.18,Standard,Net Banking
AMZ104690,2022-07-15 10:00:00,CUST5386,Customer_4690,USA,East,Home & Kitchen,Product_113,3,137.38,412.14,0.2,121.78,Standard,Credit Card
AMZ104691,2022-07-15 11:00:00,CUST1919,Customer_4691,India,East,Books,Product_100,3,137.38,412.14,0.2,121.78,Express,Debit Card
AMZ104692,2022-07-15 12:00:00,CUST3339,Customer_4692,UK,Central,Electronics,Product_426,1,137.38,137.38,0.2,40.59,Express,Net Banking
AMZ104693,2022-07-15 13:00:00,CUST9947,Customer_4693,Canada,West,Books,Product_426,2,137.38,274.76,0.2,81.18,Express,UPI
AMZ104694,2022-07-15 14:00:00,CUST6930,Customer_4694,Australia,Central,Books,Product_303,4,137.38,549.52,0.2,162.37,Same Day,Credit Card
AMZ104695,2022-07-15 15:00:00,CUST6402,Customer_4695,India,South,Home & Kitchen,Product_372,1,137.38,137.38,0.2,40.59,Standard,Debit Card
AMZ104696,2022-07-15 16:00:00,CUST6663,Customer_4696,Canada,South,Home & Kitchen,Product_428,3,137.38,412.14,0.2,121.78,Same Day,UPI
AMZ104697,2022-07-15 17:00:00,CUST6275,Customer_4697,India,Central,Sports,Product_425,4,137.38,549.52,0.2,162.37,Same Day,Debit Card
AMZ104698,2022-07-15 18:00:00,CUST1507,Customer_4698,USA,West,Sports,Product_387,1,137.38,137.38,0.2,40.59,Same Day,UPI
AMZ104699,2022-07-15 19:00:00,CUST2436,Customer_4699,UK,Central,Electronics,Product_239,4,137.38,549.52,0.2,162.37,Standard,Cash on Delivery
AMZ104700,2022-07-15 20:00:00,CUST9750,Customer_4700,India,South,Sports,Product_492,4,137.38,549.52,0.2,162.37,Standard,Cash on Delivery
AMZ104701,2022-07-15 21:00:00,CUST8354,Customer_4701,UK,West,Clothing,Product_346,1,137.38,137.38,0.2,40.59,Standard,Cash on Delivery
AMZ104702,2022-07-15 22:00:00,CUST5516,Customer_4702,India,South,Electronics,Product_111,4,137.38,549.52,0.2,162.37,Express,Debit Card
AMZ104703,2022-07-15 23:00:00,CUST4622,Customer_4703,USA,West,Books,Product_90,4,137.38,549.52,0.2,162.37,Same Day,Cash on Delivery
AMZ104704,2022-07-16 00:00:00,CUST5399,Customer_4704,USA,West,Sports,Product_385,2,137.38,274.76,0.2,81.18,Express,Credit Card
AMZ104705,2022-07-16 01:00:00,CUST6037,Customer_4705,Canada,Central,Sports,Product_463,2,137.38,274.76,0.2,81.18,Express,Credit Card
AMZ104706,2022-07-16 02:00:00,CUST9111,Customer_4706,USA,Central,Sports,Product_139,3,137.38,412.14,0.2,121.78,Same Day,Cash on Delivery
AMZ104707,2022-07-16 03:00:00,CUST4715,Customer_4707,UK,Central,Home & Kitchen,Product_485,2,137.38,274.76,0.2,81.18,Standard,UPI
AMZ104708,2022-07-16 04:00:00,CUST8837,Customer_4708,USA,West,Books,Product_135,1,137.38,137.38,0.2,40.59,Same Day,UPI
AMZ104709,2022-07-16 05:00:00,CUST2301,Customer_4709,India,West,Sports,Product_12,4,137.38,549.52,0.2,162.37,Express,Debit Card
AMZ104710,2022-07-16 06:00:00,CUST8370,Customer_4710,USA,South,Beauty,Product_244,3,137.38,412.14,0.2,121.78,Standard,UPI
AMZ104711,2022-07-16 07:00:00,CUST6185,Customer_4711,UK,East,Beauty,Product_422,2,137.38,274.76,0.2,81.18,Standard,Net Banking
AMZ104712,2022-07-16 08:00:00,CUST3155,Customer_4712,India,Central,Books,Product_182,4,137.38,549.52,0.2,162.37,Express,UPI
AMZ104713,2022-07-16 09:00:00,CUST7411,Customer_4713,Canada,South,Sports,Product_195,1,137.38,137.38,0.2,40.59,Standard,Credit Card
AMZ104714,2022-07-16 10:00:00,CUST7365,Customer_4714,Canada,South,Clothing,Product_362,4,137.38,549.52,0.2,162.37,Standard,UPI
AMZ104715,2022-07-16 11:00:00,CUST1692,Customer_4715,Canada,North,Clothing,Product_122,1,137.38,137.38,0.2,40.59,Same Day,Debit Card
AMZ104716,2022-07-16 12:00:00,CUST2478,Customer_4716,India,Central,Electronics,Product_53,4,137.38,549.52,0.2,162.37,Same Day,UPI
AMZ104717,2022-07-16 13:00:00,CUST7396,Customer_4717,Canada,South,Electronics,Product_474,3,137.38,412.14,0.2,121.78,Express,Debit Card
AMZ104718,2022-07-16 14:00:00,CUST9448,Customer_4718,USA,North,Sports,Product_478,3,137.38,412.14,0.2,121.78,Express,Net Banking
AMZ104719,2022-07-16 15:00:00,CUST1441,Customer_4719,India,Central,Electronics,Product_416,2,137.38,274.76,0.2,81.18,Express,Cash on Delivery
AMZ104720,2022-07-16 16:00:00,CUST3646,Customer_4720,India,West,Home & Kitchen,Product_356,2,137.38,274.76,0.2,81.18,Standard,Net Banking
AMZ104721,2022-07-16 17:00:00,CUST6209,Customer_4721,India,North,Clothing,Product_173,4,137.38,549.52,0.2,162.37,Express,Credit Card
AMZ104722,2022-07-16 18:00:00,CUST7533,Customer_4722,Australia,West,Books,Product_179,4,137.38,549.52,0.2,162.37,Same Day,Net Banking
AMZ104723,2022-07-16 19:00:00,CUST5677,Customer_4723,UK,East,Sports,Product_293,2,137.38,274.76,0.2,81.18,Standard,Net Banking
AMZ104724,2022-07-16 20:00:00,CUST8211,Customer_4724,Australia,East,Sports,Product_375,2,137.38,274.76,0.2,81.18,Express,Credit Card
AMZ104725,2022-07-16 21:00:00,CUST3645,Customer_4725,Australia,East,Beauty,Product_59,4,137.38,549.52,0.2,162.37,Standard,Credit Card
AMZ104726,2022-07-16 22:00:00,CUST9210,Customer_4726,Australia,East,Clothing,Product_54,4,137.38,549.52,0.2,162.37,Standard,Cash on Delivery
AMZ104727,2022-07-16 23:00:00,CUST8933,Customer_4727,UK,South,Clothing,Product_402,4,137.38,549.52,0.2,162.37,Standard,Cash on Delivery
AMZ104728,2022-07-17 00:00:00,CUST6476,Customer_4728,Australia,East,Clothing,Product_257,3,137.38,412.14,0.2,121.78,Express,UPI
AMZ104729,2022-07-17 01:00:00,CUST8928,Customer_4729,Canada,South,Electronics,Product_245,1,137.38,137.38,0.2,40.59,Standard,Debit Card
AMZ104730,2022-07-17 02:00:00,CUST3080,Customer_4730,India,South,Home & Kitchen,Product_149,1,137.38,137.38,0.2,40.59,Standard,Credit Card
AMZ104731,2022-07-17 03:00:00,CUST7089,Customer_4731,India,Central,Books,Product_284,2,137.38,274.76,0.2,81.18,Standard,Net Banking
AMZ104732,2022-07-17 04:00:00,CUST8396,Customer_4732,USA,South,Electronics,Product_368,3,137.38,412.14,0.2,121.78,Same Day,Net Banking
AMZ104733,2022-07-17 05:00:00,CUST8797,Customer_4733,Canada,South,Home & Kitchen,Product_16,4,137.38,549.52,0.2,162.37,Express,Cash on Delivery
AMZ104734,2022-07-17 06:00:00,CUST1861,Customer_4734,UK,East,Clothing,Product_176,4,137.38,549.52,0.2,162.37,Same Day,Debit Card
AMZ104735,2022-07-17 07:00:00,CUST9346,Customer_4735,India,South,Home & Kitchen,Product_28,2,137.38,274.76,0.2,81.18,Standard,Credit Card
AMZ104736,2022-07-17 08:00:00,CUST4494,Customer_4736,Australia,West,Electronics,Product_406,2,137.38,274.76,0.2,81.18,Standard,Cash on Delivery
AMZ104737,2022-07-17 09:00:00,CUST1904,Customer_4737,USA,East,Clothing,Product_467,3,137.38,412.14,0.2,121.78,Same Day,Debit Card
AMZ104738,2022-07-17 10:00:00,CUST2269,Customer_4738,USA,North,Electronics,Product_368,1,137.38,137.38,0.2,40.59,Standard,Credit Card
AMZ104739,2022-07-17 11:00:00,CUST1404,Customer_4739,India,East,Books,Product_129,1,137.38,137.38,0.2,40.59,Same Day,Net Banking
AMZ104740,2022-07-17 12:00:00,CUST2184,Customer_4740,Canada,South,Clothing,Product_223,4,137.38,549.52,0.2,162.37,Standard,Net Banking
AMZ104741,2022-07-17 13:00:00,CUST9938,Customer_4741,USA,West,Home & Kitchen,Product_372,2,137.38,274.76,0.2,81.18,Standard,Cash on Delivery
AMZ104742,2022-07-17 14:00:00,CUST2725,Customer_4742,India,East,Electronics,Product_244,3,137.38,412.14,0.2,121.78,Standard,Debit Card
AMZ104743,2022-07-17 15:00:00,CUST9462,Customer_4743,Canada,West,Beauty,Product_426,4,137.38,549.52,0.2,162.37,Standard,Net Banking
AMZ104744,2022-07-17 16:00:00,CUST6811,Customer_4744,India,North,Home & Kitchen,Product_354,1,137.38,137.38,0.2,40.59,Express,Debit Card
AMZ104745,2022-07-17 17:00:00,CUST6606,Customer_4745,India,North,Home & Kitchen,Product_238,1,137.38,137.38,0.2,40.59,Express,Cash on Delivery
AMZ104746,2022-07-17 18:00:00,CUST4956,Customer_4746,Canada,Central,Clothing,Product_232,3,137.38,412.14,0.2,121.78,Express,UPI
AMZ104747,2022-07-17 19:00:00,CUST1171,Customer_4747,Canada,Central,Sports,Product_326,4,137.38,549.52,0.2,162.37,Same Day,Debit Card
AMZ104748,2022-07-17 20:00:00,CUST9465,Customer_4748,Canada,East,Home & Kitchen,Product_92,3,137.38,412.14,0.2,121.78,Same Day,Debit Card
AMZ104749,2022-07-17 21:00:00,CUST3306,Customer_4749,India,Central,Electronics,Product_3,4,137.38,549.52,0.2,162.37,Same Day,Cash on Delivery
AMZ104750,2022-07-17 22:00:00,CUST1421,Customer_4750,USA,West,Beauty,Product_479,1,137.38,137.38,0.2,40.59,Same Day,UPI
AMZ104751,2022-07-17 23:00:00,CUST6540,Customer_4751,UK,Central,Books,Product_464,2,137.38,274.76,0.2,81.18,Express,Net Banking
AMZ104752,2022-07-18 00:00:00,CUST5675,Customer_4752,UK,West,Beauty,Product_81,2,137.38,274.76,0.2,81.18,Same Day,Credit Card
AMZ104753,2022-07-18 01:00:00,CUST7748,Customer_4753,India,Central,Electronics,Product_44,1,137.38,137.38,0.2,40.59,Same Day,Cash on Delivery
AMZ104754,2022-07-18 02:00:00,CUST7103,Customer_4754,India,Central,Clothing,Product_155,2,137.38,274.76,0.2,81.18,Same Day,Credit Card
AMZ104755,2022-07-18 03:00:00,CUST2473,Customer_4755,USA,Central,Electronics,Product_435,2,137.38,274.76,0.2,81.18,Standard,UPI
AMZ104756,2022-07-18 04:00:00,CUST4243,Customer_4756,Canada,South,Sports,Product_24,4,137.38,549.52,0.2,162.37,Same Day,UPI
AMZ104757,2022-07-18 05:00:00,CUST3181,Customer_4757,India,South,Sports,Product_404,3,137.38,412.14,0.2,121.78,Standard,Debit Card
AMZ104758,2022-07-18 06:00:00,CUST4096,Customer_4758,Australia,Central,Sports,Product_416,4,137.38,549.52,0.2,162.37,Same Day,Credit Card
AMZ104759,2022-07-18 07:00:00,CUST7646,Customer_4759,Canada,West,Home & Kitchen,Product_99,3,137.38,412.14,0.2,121.78,Same Day,Credit Card
AMZ104760,2022-07-18 08:00:00,CUST6882,Customer_4760,India,East,Clothing,Product_397,3,137.38,412.14,0.2,121.78,Standard,UPI
AMZ104761,2022-07-18 09:00:00,CUST6982,Customer_4761,Australia,North,Sports,Product_368,2,137.38,274.76,0.2,81.18,Same Day,Credit Card
AMZ104762,2022-07-18 10:00:00,CUST6798,Customer_4762,USA,South,Books,Product_171,3,137.38,412.14,0.2,121.78,Standard,Net Banking
AMZ104763,2022-07-18 11:00:00,CUST9415,Customer_4763,Australia,Central,Books,Product_148,3,137.38,412.14,0.2,121.78,Same Day,UPI
AMZ104764,2022-07-18 12:00:00,CUST9411,Customer_4764,India,North,Electronics,Product_123,1,137.38,137.38,0.2,40.59,Same Day,Debit Card
AMZ104765,2022-07-18 13:00:00,CUST9456,Customer_4765,UK,South,Sports,Product_112,3,137.38,412.14,0.2,121.78,Standard,Debit Card
AMZ104766,2022-07-18 14:00:00,CUST5524,Customer_4766,India,East,Home & Kitchen,Product_130,1,137.38,137.38,0.2,40.59,Express,Debit Card
AMZ104767,2022-07-18 15:00:00,CUST7559,Customer_4767,UK,West,Books,Product_68,4,137.38,549.52,0.2,162.37,Standard,Credit Card
AMZ104768,2022-07-18 16:00:00,CUST8620,Customer_4768,USA,Central,Beauty,Product_347,2,137.38,274.76,0.2,81.18,Express,UPI
AMZ104769,2022-07-18 17:00:00,CUST3774,Customer_4769,USA,East,Clothing,Product_316,3,137.38,412.14,0.2,121.78,Standard,Debit Card
AMZ104770,2022-07-18 18:00:00,CUST6673,Customer_4770,Canada,South,Beauty,Product_217,1,137.38,137.38,0.2,40.59,Express,UPI
AMZ104771,2022-07-18 19:00:00,CUST4124,Customer_4771,Canada,Central,Books,Product_388,4,137.38,549.52,0.2,162.37,Same Day,Credit Card
AMZ104772,2022-07-18 20:00:00,CUST9671,Customer_4772,UK,North,Books,Product_380,4,137.38,549.52,0.2,162.37,Express,Net Banking
AMZ104773,2022-07-18 21:00:00,CUST2353,Customer_4773,UK,West,Electronics,Product_96,4,137.38,549.52,0.2,162.37,Same Day,Net Banking
AMZ104774,2022-07-18 22:00:00,CUST4854,Customer_4774,USA,South,Electronics,Product_145,1,137.38,137.38,0.2,40.59,Standard,Net Banking
AMZ104775,2022-07-18 23:00:00,CUST9134,Customer_4775,Australia,West,Sports,Product_385,1,137.38,137.38,0.2,40.59,Express,Credit Card
AMZ104776,2022-07-19 00:00:00,CUST1924,Customer_4776,UK,Central,Clothing,Product_33,2,137.38,274.76,0.2,81.18,Same Day,Debit Card
AMZ104777,2022-07-19 01:00:00,CUST3170,Customer_4777,UK,East,Sports,Product_286,3,137.38,412.14,0.2,121.78,Standard,Credit Card
AMZ104778,2022-07-19 02:00:00,CUST6506,Customer_4778,Australia,West,Electronics,Product_5,4,137.38,549.52,0.2,162.37,Express,UPI
AMZ104779,2022-07-19 03:00:00,CUST3395,Customer_4779,Canada,North,Home & Kitchen,Product_118,2,137.38,274.76,0.2,81.18,Same Day,Net Banking
AMZ104780,2022-07-19 04:00:00,CUST9220,Customer_4780,Canada,South,Clothing,Product_140,1,137.38,137.38,0.2,40.59,Express,UPI
AMZ104781,2022-07-19 05:00:00,CUST9226,Customer_4781,UK,North,Home & Kitchen,Product_230,2,137.38,274.76,0.2,81.18,Express,Credit Card
AMZ104782,2022-07-19 06:00:00,CUST6515,Customer_4782,Canada,West,Sports,Product_160,4,137.38,549.52,0.2,162.37,Same Day,Cash on Delivery
AMZ104783,2022-07-19 07:00:00,CUST3670,Customer_4783,Canada,East,Electronics,Product_294,4,137.38,549.52,0.2,162.37,Same Day,Cash on Delivery
AMZ104784,2022-07-19 08:00:00,CUST4365,Customer_4784,Canada,East,Clothing,Product_249,2,137.38,274.76,0.2,81.18,Standard,Credit Card
AMZ104785,2022-07-19 09:00:00,CUST1588,Customer_4785,USA,North,Sports,Product_273,4,137.38,549.52,0.2,162.37,Same Day,Debit Card
AMZ104786,2022-07-19 10:00:00,CUST4138,Customer_4786,India,Central,Books,Product_186,1,137.38,137.38,0.2,40.59,Same Day,UPI
AMZ104787,2022-07-19 11:00:00,CUST7663,Customer_4787,UK,Central,Sports,Product_365,4,137.38,549.52,0.2,162.37,Express,Credit Card
AMZ104788,2022-07-19 12:00:00,CUST5086,Customer_4788,UK,East,Beauty,Product_40,3,137.38,412.14,0.2,121.78,Same Day,Credit Card
AMZ104789,2022-07-19 13:00:00,CUST9531,Customer_4789,USA,North,Books,Product_224,3,137.38,412.14,0.2,121.78,Express,Cash on Delivery
AMZ104790,2022-07-19 14:00:00,CUST5270,Customer_4790,India,North,Home & Kitchen,Product_152,4,137.38,549.52,0.2,162.37,Express,Net Banking
AMZ104791,2022-07-19 15:00:00,CUST7019,Customer_4791,India,North,Books,Product_140,2,137.38,274.76,0.2,81.18,Same Day,Net Banking
AMZ104792,2022-07-19 16:00:00,CUST1556,Customer_4792,USA,West,Sports,Product_367,4,137.38,549.52,0.2,162.37,Same Day,Debit Card
AMZ104793,2022-07-19 17:00:00,CUST9022,Customer_4793,Australia,Central,Books,Product_128,3,137.38,412.14,0.2,121.78,Same Day,Debit Card
AMZ104794,2022-07-19 18:00:00,CUST6452,Customer_4794,Australia,Central,Beauty,Product_351,1,137.38,137.38,0.2,40.59,Same Day,Debit Card
AMZ104795,2022-07-19 19:00:00,CUST4567,Customer_4795,India,West,Sports,Product_147,3,137.38,412.14,0.2,121.78,Standard,Cash on Delivery
AMZ104796,2022-07-19 20:00:00,CUST4899,Customer_4796,Australia,South,Beauty,Product_285,4,137.38,549.52,0.2,162.37,Express,Credit Card
AMZ104797,2022-07-19 21:00:00,CUST7477,Customer_4797,Australia,West,Books,Product_469,4,137.38,549.52,0.2,162.37,Standard,Debit Card
AMZ104798,2022-07-19 22:00:00,CUST8500,Customer_4798,Australia,North,Beauty,Product_218,2,137.38,274.76,0.2,81.18,Standard,Cash on Delivery
AMZ104799,2022-07-19 23:00:00,CUST2016,Customer_4799,India,West,Books,Product_436,4,137.38,549.52,0.2,162.37,Express,UPI
AMZ104800,2022-07-20 00:00:00,CUST7470,Customer_4800,Australia,North,Clothing,Product_220,4,137.38,549.52,0.2,162.37,Standard,Credit Card
AMZ104801,2022-07-20 01:00:00,CUST3062,Customer_4801,UK,East,Books,Product_145,1,137.38,137.38,0.2,40.59,Same Day,UPI
AMZ104802,2022-07-20 02:00:00,CUST5321,Customer_4802,India,North,Electronics,Product_329,1,137.38,137.38,0.2,40.59,Same Day,Net Banking
AMZ104803,2022-07-20 03:00:00,CUST4496,Customer_4803,USA,Central,Beauty,Product_277,1,137.38,137.38,0.2,40.59,Same Day,Net Banking
AMZ104804,2022-07-20 04:00:00,CUST2813,Customer_4804,Australia,West,Beauty,Product_242,2,137.38,274.76,0.2,81.18,Same Day,Credit Card
AMZ104805,2022-07-20 05:00:00,CUST7256,Customer_4805,Canada,North,Home & Kitchen,Product_60,2,137.38,274.76,0.2,81.18,Express,Debit Card
AMZ104806,2022-07-20 06:00:00,CUST3313,Customer_4806,India,South,Home & Kitchen,Product_98,3,137.38,412.14,0.2,121.78,Same Day,Credit Card
AMZ104807,2022-07-20 07:00:00,CUST2231,Customer_4807,USA,East,Electronics,Product_331,2,137.38,274.76,0.2,81.18,Express,Debit Card
AMZ104808,2022-07-20 08:00:00,CUST6831,Customer_4808,UK,South,Beauty,Product_375,1,137.38,137.38,0.2,40.59,Express,Net Banking
AMZ104809,2022-07-20 09:00:00,CUST3999,Customer_4809,USA,South,Beauty,Product_404,2,137.38,274.76,0.2,81.18,Express,Credit Card
AMZ104810,2022-07-20 10:00:00,CUST4440,Customer_4810,Australia,South,Home & Kitchen,Product_369,4,137.38,549.52,0.2,162.37,Express,Credit Card
AMZ104811,2022-07-20 11:00:00,CUST5056,Customer_4811,Canada,East,Home & Kitchen,Product_181,2,137.38,274.76,0.2,81.18,Standard,Debit Card
AMZ104812,2022-07-20 12:00:00,CUST1305,Customer_4812,Australia,East,Books,Product_114,4,137.38,549.52,0.2,162.37,Standard,Net Banking
AMZ104813,2022-07-20 13:00:00,CUST2689,Customer_4813,USA,East,Sports,Product_495,3,137.38,412.14,0.2,121.78,Same Day,Net Banking
AMZ104814,2022-07-20 14:00:00,CUST4917,Customer_4814,India,East,Beauty,Product_103,4,137.38,549.52,0.2,162.37,Express,Debit Card
AMZ104815,2022-07-20 15:00:00,CUST8080,Customer_4815,Canada,South,Beauty,Product_336,1,137.38,137.38,0.2,40.59,Same Day,Debit Card
AMZ104816,2022-07-20 16:00:00,CUST9611,Customer_4816,Canada,Central,Books,Product_319,3,137.38,412.14,0.2,121.78,Same Day,Debit Card
AMZ104817,2022-07-20 17:00:00,CUST3936,Customer_4817,USA,Central,Beauty,Product_57,3,137.38,412.14,0.2,121.78,Same Day,Net Banking
AMZ104818,2022-07-20 18:00:00,CUST4862,Customer_4818,Australia,East,Electronics,Product_285,3,137.38,412.14,0.2,121.78,Same Day,Net Banking
AMZ104819,2022-07-20 19:00:00,CUST6649,Customer_4819,USA,West,Home & Kitchen,Product_129,1,137.38,137.38,0.2,40.59,Express,Credit Card
AMZ104820,2022-07-20 20:00:00,CUST4261,Customer_4820,Canada,North,Home & Kitchen,Product_380,4,137.38,549.52,0.2,162.37,Express,Net Banking
AMZ104821,2022-07-20 21:00:00,CUST2819,Customer_4821,USA,West,Sports,Product_466,3,137.38,412.14,0.2,121.78,Standard,UPI
AMZ104822,2022-07-20 22:00:00,CUST2342,Customer_4822,Canada,West,Home & Kitchen,Product_315,1,137.38,137.38,0.2,40.59,Express,UPI
AMZ104823,2022-07-20 23:00:00,CUST6560,Customer_4823,Australia,West,Clothing,Product_448,3,137.38,412.14,0.2,121.78,Express,Debit Card
AMZ104824,2022-07-21 00:00:00,CUST3226,Customer_4824,India,Central,Electronics,Product_86,3,137.38,412.14,0.2,121.78,Same Day,Debit Card
AMZ104825,2022-07-21 01:00:00,CUST2079,Customer_4825,India,North,Electronics,Product_200,1,137.38,137.38,0.2,40.59,Express,Debit Card
AMZ104826,2022-07-21 02:00:00,CUST5206,Customer_4826,USA,West,Books,Product_71,2,137.38,274.76,0.2,81.18,Same Day,Credit Card
AMZ104827,2022-07-21 03:00:00,CUST7280,Customer_4827,Canada,East,Clothing,Product_345,3,137.38,412.14,0.2,121.78,Express,UPI
AMZ104828,2022-07-21 04:00:00,CUST8235,Customer_4828,India,Central,Beauty,Product_478,2,137.38,274.76,0.2,81.18,Standard,UPI
AMZ104829,2022-07-21 05:00:00,CUST1813,Customer_4829,Canada,East,Sports,Product_98,3,137.38,412.14,0.2,121.78,Same Day,Net Banking
AMZ104830,2022-07-21 06:00:00,CUST6089,Customer_4830,Australia,East,Electronics,Product_300,2,137.38,274.76,0.2,81.18,Express,UPI
AMZ104831,2022-07-21 07:00:00,CUST3031,Customer_4831,USA,West,Clothing,Product_176,4,137.38,549.52,0.2,162.37,Express,Net Banking
AMZ104832,2022-07-21 08:00:00,CUST9514,Customer_4832,Canada,East,Clothing,Product_233,2,137.38,274.76,0.2,81.18,Same Day,Credit Card
AMZ104833,2022-07-21 09:00:00,CUST6911,Customer_4833,USA,North,Electronics,Product_372,2,137.38,274.76,0.2,81.18,Standard,Debit Card
AMZ104834,2022-07-21 10:00:00,CUST3653,Customer_4834,Canada,East,Books,Product_75,2,137.38,274.76,0.2,81.18,Standard,Debit Card
AMZ104835,2022-07-21 11:00:00,CUST4340,Customer_4835,Canada,West,Clothing,Product_143,2,137.38,274.76,0.2,81.18,Express,Net Banking
AMZ104836,2022-07-21 12:00:00,CUST8876,Customer_4836,Australia,East,Home & Kitchen,Product_419,4,137.38,549.52,0.2,162.37,Express,Cash on Delivery
AMZ104837,2022-07-21 13:00:00,CUST2141,Customer_4837,USA,Central,Clothing,Product_23,1,137.38,137.38,0.2,40.59,Express,Net Banking
AMZ104838,2022-07-21 14:00:00,CUST9558,Customer_4838,UK,Central,Beauty,Product_181,2,137.38,274.76,0.2,81.18,Same Day,Credit Card
AMZ104839,2022-07-21 15:00:00,CUST3897,Customer_4839,Canada,Central,Electronics,Product_45,1,137.38,137.38,0.2,40.59,Same Day,UPI
AMZ104840,2022-07-21 16:00:00,CUST5041,Customer_4840,Canada,South,Beauty,Product_469,3,137.38,412.14,0.2,121.78,Same Day,Net Banking
AMZ104841,2022-07-21 17:00:00,CUST3038,Customer_4841,India,Central,Books,Product_92,1,137.38,137.38,0.2,40.59,Express,Credit Card
AMZ104842,2022-07-21 18:00:00,CUST5270,Customer_4842,USA,Central,Sports,Product_269,2,137.38,274.76,0.2,81.18,Standard,Debit Card
AMZ104843,2022-07-21 19:00:00,CUST5683,Customer_4843,UK,South,Home & Kitchen,Product_34,1,137.38,137.38,0.2,40.59,Same Day,Cash on Delivery
AMZ104844,2022-07-21 20:00:00,CUST1494,Customer_4844,Australia,Central,Electronics,Product_166,4,137.38,549.52,0.2,162.37,Standard,Cash on Delivery
AMZ104845,2022-07-21 21:00:00,CUST8116,Customer_4845,UK,West,Clothing,Product_70,4,137.38,549.52,0.2,162.37,Express,Net Banking
AMZ104846,2022-07-21 22:00:00,CUST2784,Customer_4846,Australia,Central,Home & Kitchen,Product_364,2,137.38,274.76,0.2,81.18,Same Day,UPI
AMZ104847,2022-07-21 23:00:00,CUST4510,Customer_4847,UK,Central,Clothing,Product_196,1,137.38,137.38,0.2,40.59,Same Day,Net Banking
AMZ104848,2022-07-22 00:00:00,CUST4786,Customer_4848,UK,South,Books,Product_133,3,137.38,412.14,0.2,121.78,Same Day,Cash on Delivery
AMZ104849,2022-07-22 01:00:00,CUST6266,Customer_4849,USA,West,Sports,Product_247,4,137.38,549.52,0.2,162.37,Express,Cash on Delivery
AMZ104850,2022-07-22 02:00:00,CUST6428,Customer_4850,India,East,Electronics,Product_382,2,137.38,274.76,0.2,81.18,Express,Debit Card
AMZ104851,2022-07-22 03:00:00,CUST7681,Customer_4851,UK,North,Books,Product_168,4,137.38,549.52,0.2,162.37,Express,UPI
AMZ104852,2022-07-22 04:00:00,CUST7893,Customer_4852,Canada,West,Books,Product_454,2,137.38,274.76,0.2,81.18,Standard,UPI
AMZ104853,2022-07-22 05:00:00,CUST5658,Customer_4853,Canada,East,Sports,Product_277,1,137.38,137.38,0.2,40.59,Standard,Cash on Delivery
AMZ104854,2022-07-22 06:00:00,CUST8082,Customer_4854,Canada,West,Books,Product_156,1,137.38,137.38,0.2,40.59,Same Day,Cash on Delivery
AMZ104855,2022-07-22 07:00:00,CUST7869,Customer_4855,India,East,Books,Product_387,1,137.38,137.38,0.2,40.59,Same Day,Net Banking
AMZ104856,2022-07-22 08:00:00,CUST8607,Customer_4856,UK,East,Clothing,Product_23,1,137.38,137.38,0.2,40.59,Express,Net Banking
AMZ104857,2022-07-22 09:00:00,CUST8669,Customer_4857,Australia,West,Beauty,Product_200,1,137.38,137.38,0.2,40.59,Express,Debit Card
AMZ104858,2022-07-22 10:00:00,CUST7219,Customer_4858,Australia,South,Clothing,Product_275,2,137.38,274.76,0.2,81.18,Express,Cash on Delivery
AMZ104859,2022-07-22 11:00:00,CUST5534,Customer_4859,USA,West,Sports,Product_459,4,137.38,549.52,0.2,162.37,Same Day,Net Banking
AMZ104860,2022-07-22 12:00:00,CUST6979,Customer_4860,India,West,Home & Kitchen,Product_50,3,137.38,412.14,0.2,121.78,Express,Debit Card
AMZ104861,2022-07-22 13:00:00,CUST9890,Customer_4861,UK,East,Sports,Product_458,4,137.38,549.52,0.2,162.37,Standard,UPI
AMZ104862,2022-07-22 14:00:00,CUST2312,Customer_4862,Canada,North,Sports,Product_186,1,137.38,137.38,0.2,40.59,Standard,Cash on Delivery
AMZ104863,2022-07-22 15:00:00,CUST3962,Customer_4863,India,East,Sports,Product_476,4,137.38,549.52,0.2,162.37,Same Day,Credit Card
AMZ104864,2022-07-22 16:00:00,CUST3938,Customer_4864,India,Central,Sports,Product_20,4,137.38,549.52,0.2,162.37,Same Day,Cash on Delivery
AMZ104865,2022-07-22 17:00:00,CUST4197,Customer_4865,UK,West,Books,Product_492,2,137.38,274.76,0.2,81.18,Standard,Net Banking
AMZ104866,2022-07-22 18:00:00,CUST6296,Customer_4866,USA,West,Sports,Product_116,3,137.38,412.14,0.2,121.78,Express,Cash on Delivery
AMZ104867,2022-07-22 19:00:00,CUST8204,Customer_4867,USA,South,Home & Kitchen,Product_92,3,137.38,412.14,0.2,121.78,Same Day,Credit Card
AMZ104868,2022-07-22 20:00:00,CUST6730,Customer_4868,USA,East,Sports,Product_349,1,137.38,137.38,0.2,40.59,Same Day,Cash on Delivery
AMZ104869,2022-07-22 21:00:00,CUST1126,Customer_4869,Canada,South,Clothing,Product_456,2,137.38,274.76,0.2,81.18,Same Day,Net Banking
AMZ104870,2022-07-22 22:00:00,CUST6602,Customer_4870,Canada,West,Books,Product_339,2,137.38,274.76,0.2,81.18,Standard,UPI
AMZ104871,2022-07-22 23:00:00,CUST2191,Customer_4871,UK,East,Clothing,Product_53,2,137.38,274.76,0.2,81.18,Same Day,Net Banking
AMZ104872,2022-07-23 00:00:00,CUST3639,Customer_4872,USA,East,Books,Product_496,2,137.38,274.76,0.2,81.18,Standard,Debit Card
AMZ104873,2022-07-23 01:00:00,CUST2366,Customer_4873,UK,Central,Clothing,Product_123,2,137.38,274.76,0.2,81.18,Standard,Net Banking
AMZ104874,2022-07-23 02:00:00,CUST7453,Customer_4874,USA,Central,Electronics,Product_341,3,137.38,412.14,0.2,121.78,Express,Debit Card
AMZ104875,2022-07-23 03:00:00,CUST7671,Customer_4875,India,North,Beauty,Product_338,3,137.38,412.14,0.2,121.78,Express,Cash on Delivery
AMZ104876,2022-07-23 04:00:00,CUST7683,Customer_4876,Australia,Central,Beauty,Product_265,4,137.38,549.52,0.2,162.37,Express,Debit Card
AMZ104877,2022-07-23 05:00:00,CUST5539,Customer_4877,Australia,East,Books,Product_4,3,137.38,412.14,0.2,121.78,Same Day,Cash on Delivery
AMZ104878,2022-07-23 06:00:00,CUST9876,Customer_4878,USA,Central,Electronics,Product_169,2,137.38,274.76,0.2,81.18,Standard,Debit Card
AMZ104879,2022-07-23 07:00:00,CUST3887,Customer_4879,UK,North,Home & Kitchen,Product_281,4,137.38,549.52,0.2,162.37,Same Day,Net Banking
AMZ104880,2022-07-23 08:00:00,CUST5086,Customer_4880,Canada,West,Electronics,Product_290,3,137.38,412.14,0.2,121.78,Standard,Credit Card
AMZ104881,2022-07-23 09:00:00,CUST3261,Customer_4881,USA,Central,Books,Product_73,4,137.38,549.52,0.2,162.37,Same Day,Cash on Delivery
AMZ104882,2022-07-23 10:00:00,CUST5180,Customer_4882,USA,East,Electronics,Product_137,3,137.38,412.14,0.2,121.78,Standard,Debit Card
AMZ104883,2022-07-23 11:00:00,CUST3841,Customer_4883,Canada,West,Home & Kitchen,Product_338,1,137.38,137.38,0.2,40.59,Express,Credit Card
AMZ104884,2022-07-23 12:00:00,CUST7040,Customer_4884,USA,East,Books,Product_256,3,137.38,412.14,0.2,121.78,Express,Debit Card
AMZ104885,2022-07-23 13:00:00,CUST4560,Customer_4885,India,West,Beauty,Product_459,4,137.38,549.52,0.2,162.37,Same Day,Debit Card
AMZ104886,2022-07-23 14:00:00,CUST5758,Customer_4886,Canada,East,Sports,Product_141,1,137.38,137.38,0.2,40.59,Standard,Debit Card
AMZ104887,2022-07-23 15:00:00,CUST1626,Customer_4887,India,Central,Electronics,Product_486,2,137.38,274.76,0.2,81.18,Express,Net Banking
AMZ104888,2022-07-23 16:00:00,CUST6014,Customer_4888,Australia,Central,Beauty,Product_393,4,137.38,549.52,0.2,162.37,Standard,Debit Card
AMZ104889,2022-07-23 17:00:00,CUST2375,Customer_4889,Canada,North,Beauty,Product_208,2,137.38,274.76,0.2,81.18,Same Day,Credit Card
AMZ104890,2022-07-23 18:00:00,CUST2181,Customer_4890,Canada,West,Clothing,Product_260,2,137.38,274.76,0.2,81.18,Express,Debit Card
AMZ104891,2022-07-23 19:00:00,CUST6708,Customer_4891,UK,North,Home & Kitchen,Product_418,4,137.38,549.52,0.2,162.37,Same Day,UPI
AMZ104892,2022-07-23 20:00:00,CUST1490,Customer_4892,UK,South,Sports,Product_263,2,137.38,274.76,0.2,81.18,Same Day,Cash on Delivery
AMZ104893,2022-07-23 21:00:00,CUST4729,Customer_4893,Canada,Central,Electronics,Product_271,4,137.38,549.52,0.2,162.37,Standard,Net Banking
AMZ104894,2022-07-23 22:00:00,CUST6974,Customer_4894,Australia,West,Beauty,Product_38,4,137.38,549.52,0.2,162.37,Same Day,UPI
AMZ104895,2022-07-23 23:00:00,CUST4534,Customer_4895,USA,North,Beauty,Product_203,3,137.38,412.14,0.2,121.78,Same Day,UPI
AMZ104896,2022-07-24 00:00:00,CUST4296,Customer_4896,UK,North,Home & Kitchen,Product_224,1,137.38,137.38,0.2,40.59,Standard,Credit Card
AMZ104897,2022-07-24 01:00:00,CUST2940,Customer_4897,Australia,South,Sports,Product_347,2,137.38,274.76,0.2,81.18,Standard,Credit Card
AMZ104898,2022-07-24 02:00:00,CUST6014,Customer_4898,Australia,North,Sports,Product_478,2,137.38,274.76,0.2,81.18,Same Day,Net Banking
AMZ104899,2022-07-24 03:00:00,CUST2882,Customer_4899,UK,East,Beauty,Product_52,1,137.38,137.38,0.2,40.59,Express,Net Banking
AMZ104900,2022-07-24 04:00:00,CUST5908,Customer_4900,USA,Central,Beauty,Product_81,1,137.38,137.38,0.2,40.59,Express,Cash on Delivery
AMZ104901,2022-07-24 05:00:00,CUST3987,Customer_4901,UK,North,Beauty,Product_356,1,137.38,137.38,0.2,40.59,Standard,Debit Card
AMZ104902,2022-07-24 06:00:00,CUST6585,Customer_4902,Australia,North,Beauty,Product_211,1,137.38,137.38,0.2,40.59,Same Day,Net Banking
AMZ104903,2022-07-24 07:00:00,CUST4159,Customer_4903,India,South,Clothing,Product_7,1,137.38,137.38,0.2,40.59,Express,Net Banking
AMZ104904,2022-07-24 08:00:00,CUST5530,Customer_4904,UK,East,Clothing,Product_363,3,137.38,412.14,0.2,121.78,Standard,Debit Card
AMZ104905,2022-07-24 09:00:00,CUST1681,Customer_4905,Australia,North,Sports,Product_45,4,137.38,549.52,0.2,162.37,Standard,Cash on Delivery
AMZ104906,2022-07-24 10:00:00,CUST6254,Customer_4906,UK,Central,Books,Product_315,1,137.38,137.38,0.2,40.59,Standard,Credit Card
AMZ104907,2022-07-24 11:00:00,CUST2073,Customer_4907,Australia,Central,Electronics,Product_378,3,137.38,412.14,0.2,121.78,Same Day,Cash on Delivery
AMZ104908,2022-07-24 12:00:00,CUST3387,Customer_4908,USA,North,Home & Kitchen,Product_277,1,137.38,137.38,0.2,40.59,Standard,Debit Card
AMZ104909,2022-07-24 13:00:00,CUST3693,Customer_4909,Australia,East,Books,Product_412,1,137.38,137.38,0.2,40.59,Express,Credit Card
AMZ104910,2022-07-24 14:00:00,CUST5340,Customer_4910,Canada,Central,Clothing,Product_259,2,137.38,274.76,0.2,81.18,Same Day,Credit Card
AMZ104911,2022-07-24 15:00:00,CUST3156,Customer_4911,India,Central,Clothing,Product_142,2,137.38,274.76,0.2,81.18,Express,Credit Card
AMZ104912,2022-07-24 16:00:00,CUST8966,Customer_4912,Australia,East,Clothing,Product_258,2,137.38,274.76,0.2,81.18,Express,Cash on Delivery
AMZ104913,2022-07-24 17:00:00,CUST3580,Customer_4913,UK,East,Books,Product_285,2,137.38,274.76,0.2,81.18,Express,Debit Card
AMZ104914,2022-07-24 18:00:00,CUST8257,Customer_4914,UK,North,Clothing,Product_402,4,137.38,549.52,0.2,162.37,Same Day,Cash on Delivery
AMZ104915,2022-07-24 19:00:00,CUST3159,Customer_4915,Australia,West,Books,Product_37,4,137.38,549.52,0.2,162.37,Express,Cash on Delivery
AMZ104916,2022-07-24 20:00:00,CUST7772,Customer_4916,Canada,South,Clothing,Product_429,2,137.38,274.76,0.2,81.18,Standard,UPI
AMZ104917,2022-07-24 21:00:00,CUST2627,Customer_4917,Australia,West,Beauty,Product_45,2,137.38,274.76,0.2,81.18,Standard,Net Banking
AMZ104918,2022-07-24 22:00:00,CUST9219,Customer_4918,USA,West,Beauty,Product_408,1,137.38,137.38,0.2,40.59,Express,Cash on Delivery
AMZ104919,2022-07-24 23:00:00,CUST8080,Customer_4919,Canada,Central,Electronics,Product_120,1,137.38,137.38,0.2,40.59,Standard,UPI
AMZ104920,2022-07-25 00:00:00,CUST2985,Customer_4920,Australia,East,Clothing,Product_46,2,137.38,274.76,0.2,81.18,Same Day,Debit Card
AMZ104921,2022-07-25 01:00:00,CUST9488,Customer_4921,India,Central,Electronics,Product_140,2,137.38,274.76,0.2,81.18,Same Day,UPI
AMZ104922,2022-07-25 02:00:00,CUST3181,Customer_4922,Canada,South,Books,Product_53,2,137.38,274.76,0.2,81.18,Standard,Cash on Delivery
AMZ104923,2022-07-25 03:00:00,CUST3296,Customer_4923,Australia,North,Electronics,Product_301,1,137.38,137.38,0.2,40.59,Standard,Debit Card
AMZ104924,2022-07-25 04:00:00,CUST8164,Customer_4924,India,South,Clothing,Product_288,2,137.38,274.76,0.2,81.18,Same Day,UPI
AMZ104925,2022-07-25 05:00:00,CUST3597,Customer_4925,Australia,Central,Books,Product_274,2,137.38,274.76,0.2,81.18,Express,Cash on Delivery
AMZ104926,2022-07-25 06:00:00,CUST1901,Customer_4926,USA,Central,Books,Product_269,4,137.38,549.52,0.2,162.37,Same Day,Debit Card
AMZ104927,2022-07-25 07:00:00,CUST7060,Customer_4927,UK,Central,Beauty,Product_388,4,137.38,549.52,0.2,162.37,Express,Debit Card
AMZ104928,2022-07-25 08:00:00,CUST2677,Customer_4928,Australia,Central,Books,Product_279,1,137.38,137.38,0.2,40.59,Standard,Net Banking
AMZ104929,2022-07-25 09:00:00,CUST3881,Customer_4929,Canada,West,Books,Product_62,4,137.38,549.52,0.2,162.37,Standard,Cash on Delivery
AMZ104930,2022-07-25 10:00:00,CUST6622,Customer_4930,Australia,North,Electronics,Product_54,1,137.38,137.38,0.2,40.59,Express,Net Banking
AMZ104931,2022-07-25 11:00:00,CUST9052,Customer_4931,Australia,West,Sports,Product_458,3,137.38,412.14,0.2,121.78,Express,Debit Card
AMZ104932,2022-07-25 12:00:00,CUST2378,Customer_4932,Australia,Central,Books,Product_439,2,137.38,274.76,0.2,81.18,Same Day,Debit Card
AMZ104933,2022-07-25 13:00:00,CUST2248,Customer_4933,Australia,East,Home & Kitchen,Product_69,1,137.38,137.38,0.2,40.59,Express,UPI
AMZ104934,2022-07-25 14:00:00,CUST6650,Customer_4934,Canada,West,Sports,Product_242,4,137.38,549.52,0.2,162.37,Standard,Net Banking
AMZ104935,2022-07-25 15:00:00,CUST7079,Customer_4935,Canada,Central,Beauty,Product_424,3,137.38,412.14,0.2,121.78,Standard,Credit Card
AMZ104936,2022-07-25 16:00:00,CUST8036,Customer_4936,Australia,Central,Beauty,Product_270,4,137.38,549.52,0.2,162.37,Standard,Cash on Delivery
AMZ104937,2022-07-25 17:00:00,CUST7487,Customer_4937,UK,North,Books,Product_252,1,137.38,137.38,0.2,40.59,Express,Net Banking
AMZ104938,2022-07-25 18:00:00,CUST2058,Customer_4938,Australia,South,Electronics,Product_354,3,137.38,412.14,0.2,121.78,Express,Debit Card
AMZ104939,2022-07-25 19:00:00,CUST3048,Customer_4939,Canada,West,Sports,Product_284,4,137.38,549.52,0.2,162.37,Standard,UPI
AMZ104940,2022-07-25 20:00:00,CUST7115,Customer_4940,USA,West,Beauty,Product_456,3,137.38,412.14,0.2,121.78,Express,Cash on Delivery
AMZ104941,2022-07-25 21:00:00,CUST5248,Customer_4941,Australia,West,Beauty,Product_464,2,137.38,274.76,0.2,81.18,Same Day,Cash on Delivery
AMZ104942,2022-07-25 22:00:00,CUST3476,Customer_4942,Australia,Central,Home & Kitchen,Product_351,2,137.38,274.76,0.2,81.18,Same Day,UPI
AMZ104943,2022-07-25 23:00:00,CUST5603,Customer_4943,Australia,North,Books,Product_71,3,137.38,412.14,0.2,121.78,Express,Debit Card
AMZ104944,2022-07-26 00:00:00,CUST4553,Customer_4944,Australia,Central,Sports,Product_323,4,137.38,549.52,0.2,162.37,Express,Credit Card
AMZ104945,2022-07-26 01:00:00,CUST1220,Customer_4945,India,Central,Beauty,Product_413,4,137.38,549.52,0.2,162.37,Standard,UPI
AMZ104946,2022-07-26 02:00:00,CUST5818,Customer_4946,Australia,East,Beauty,Product_100,4,137.38,549.52,0.2,162.37,Express,Credit Card
AMZ104947,2022-07-26 03:00:00,CUST8192,Customer_4947,Canada,North,Beauty,Product_61,2,137.38,274.76,0.2,81.18,Standard,Net Banking
AMZ104948,2022-07-26 04:00:00,CUST5623,Customer_4948,Canada,West,Beauty,Product_103,1,137.38,137.38,0.2,40.59,Same Day,Cash on Delivery
AMZ104949,2022-07-26 05:00:00,CUST8349,Customer_4949,India,South,Electronics,Product_452,1,137.38,137.38,0.2,40.59,Express,Debit Card
AMZ104950,2022-07-26 06:00:00,CUST6618,Customer_4950,Australia,West,Clothing,Product_393,3,137.38,412.14,0.2,121.78,Same Day,Credit Card
AMZ104951,2022-07-26 07:00:00,CUST8209,Customer_4951,UK,Central,Home & Kitchen,Product_119,4,137.38,549.52,0.2,162.37,Express,Debit Card
AMZ104952,2022-07-26 08:00:00,CUST5576,Customer_4952,Australia,North,Electronics,Product_17,3,137.38,412.14,0.2,121.78,Express,Net Banking
AMZ104953,2022-07-26 09:00:00,CUST2871,Customer_4953,Canada,North,Home & Kitchen,Product_305,1,137.38,137.38,0.2,40.59,Standard,Credit Card
AMZ104954,2022-07-26 10:00:00,CUST8915,Customer_4954,USA,North,Beauty,Product_191,1,137.38,137.38,0.2,40.59,Standard,Debit Card
AMZ104955,2022-07-26 11:00:00,CUST2462,Customer_4955,USA,East,Home & Kitchen,Product_212,4,137.38,549.52,0.2,162.37,Express,Debit Card
AMZ104956,2022-07-26 12:00:00,CUST6521,Customer_4956,UK,West,Books,Product_78,3,137.38,412.14,0.2,121.78,Express,Net Banking
AMZ104957,2022-07-26 13:00:00,CUST9536,Customer_4957,Australia,East,Books,Product_46,4,137.38,549.52,0.2,162.37,Standard,UPI
AMZ104958,2022-07-26 14:00:00,CUST9236,Customer_4958,India,South,Clothing,Product_93,1,137.38,137.38,0.2,40.59,Same Day,Net Banking
AMZ104959,2022-07-26 15:00:00,CUST8813,Customer_4959,Australia,Central,Clothing,Product_377,1,137.38,137.38,0.2,40.59,Express,Credit Card
AMZ104960,2022-07-26 16:00:00,CUST3068,Customer_4960,UK,East,Home & Kitchen,Product_13,4,137.38,549.52,0.2,162.37,Standard,Credit Card
AMZ104961,2022-07-26 17:00:00,CUST6753,Customer_4961,UK,East,Electronics,Product_228,3,137.38,412.14,0.2,121.78,Express,Cash on Delivery
AMZ104962,2022-07-26 18:00:00,CUST8237,Customer_4962,UK,Central,Electronics,Product_301,2,137.38,274.76,0.2,81.18,Standard,Debit Card
AMZ104963,2022-07-26 19:00:00,CUST8016,Customer_4963,USA,North,Beauty,Product_437,4,137.38,549.52,0.2,162.37,Same Day,Credit Card
AMZ104964,2022-07-26 20:00:00,CUST7191,Customer_4964,Australia,Central,Electronics,Product_17,1,137.38,137.38,0.2,40.59,Express,UPI
AMZ104965,2022-07-26 21:00:00,CUST2514,Customer_4965,Australia,West,Clothing,Product_303,2,137.38,274.76,0.2,81.18,Express,UPI
AMZ104966,2022-07-26 22:00:00,CUST3598,Customer_4966,India,Central,Electronics,Product_62,4,137.38,549.52,0.2,162.37,Same Day,Net Banking
AMZ104967,2022-07-26 23:00:00,CUST2001,Customer_4967,UK,North,Beauty,Product_434,2,137.38,274.76,0.2,81.18,Express,Credit Card
AMZ104968,2022-07-27 00:00:00,CUST2033,Customer_4968,UK,Central,Books,Product_43,4,137.38,549.52,0.2,162.37,Express,Credit Card
AMZ104969,2022-07-27 01:00:00,CUST7899,Customer_4969,Canada,East,Electronics,Product_68,1,137.38,137.38,0.2,40.59,Express,Cash on Delivery
AMZ104970,2022-07-27 02:00:00,CUST9465,Customer_4970,Canada,South,Electronics,Product_380,4,137.38,549.52,0.2,162.37,Standard,Cash on Delivery
AMZ104971,2022-07-27 03:00:00,CUST6051,Customer_4971,USA,East,Clothing,Product_212,2,137.38,274.76,0.2,81.18,Standard,Cash on Delivery
AMZ104972,2022-07-27 04:00:00,CUST5476,Customer_4972,Australia,South,Home & Kitchen,Product_203,3,137.38,412.14,0.2,121.78,Express,Credit Card
AMZ104973,2022-07-27 05:00:00,CUST1478,Customer_4973,India,Central,Books,Product_490,1,137.38,137.38,0.2,40.59,Same Day,Net Banking
AMZ104974,2022-07-27 06:00:00,CUST1515,Customer_4974,India,West,Home & Kitchen,Product_214,1,137.38,137.38,0.2,40.59,Same Day,Net Banking
AMZ104975,2022-07-27 07:00:00,CUST2191,Customer_4975,UK,Central,Beauty,Product_109,2,137.38,274.76,0.2,81.18,Express,Net Banking
AMZ104976,2022-07-27 08:00:00,CUST7297,Customer_4976,India,North,Beauty,Product_456,4,137.38,549.52,0.2,162.37,Standard,Net Banking
AMZ104977,2022-07-27 09:00:00,CUST1271,Customer_4977,UK,Central,Home & Kitchen,Product_284,4,137.38,549.52,0.2,162.37,Standard,UPI
AMZ104978,2022-07-27 10:00:00,CUST9334,Customer_4978,Australia,South,Clothing,Product_429,4,137.38,549.52,0.2,162.37,Express,Credit Card
AMZ104979,2022-07-27 11:00:00,CUST8778,Customer_4979,India,East,Sports,Product_425,1,137.38,137.38,0.2,40.59,Standard,Debit Card
AMZ104980,2022-07-27 12:00:00,CUST7008,Customer_4980,UK,West,Clothing,Product_94,1,137.38,137.38,0.2,40.59,Standard,Credit Card
AMZ104981,2022-07-27 13:00:00,CUST8987,Customer_4981,Australia,Central,Sports,Product_225,2,137.38,274.76,0.2,81.18,Same Day,Net Banking
AMZ104982,2022-07-27 14:00:00,CUST4332,Customer_4982,Australia,Central,Sports,Product_225,4,137.38,549.52,0.2,162.37,Express,UPI
AMZ104983,2022-07-27 15:00:00,CUST1787,Customer_4983,UK,East,Clothing,Product_239,4,137.38,549.52,0.2,162.37,Standard,UPI
AMZ104984,2022-07-27 16:00:00,CUST7222,Customer_4984,UK,West,Sports,Product_118,2,137.38,274.76,0.2,81.18,Standard,Credit Card
AMZ104985,2022-07-27 17:00:00,CUST1622,Customer_4985,USA,Central,Sports,Product_420,1,137.38,137.38,0.2,40.59,Standard,Debit Card
AMZ104986,2022-07-27 18:00:00,CUST4841,Customer_4986,Australia,Central,Sports,Product_91,1,137.38,137.38,0.2,40.59,Express,Net Banking
AMZ104987,2022-07-27 19:00:00,CUST4676,Customer_4987,UK,South,Books,Product_340,3,137.38,412.14,0.2,121.78,Express,UPI
AMZ104988,2022-07-27 20:00:00,CUST3572,Customer_4988,Australia,South,Beauty,Product_289,3,137.38,412.14,0.2,121.78,Standard,Net Banking
AMZ104989,2022-07-27 21:00:00,CUST7915,Customer_4989,India,North,Sports,Product_281,4,137.38,549.52,0.2,162.37,Same Day,Net Banking
AMZ104990,2022-07-27 22:00:00,CUST6033,Customer_4990,Canada,East,Beauty,Product_492,1,137.38,137.38,0.2,40.59,Same Day,Net Banking
AMZ104991,2022-07-27 23:00:00,CUST8788,Customer_4991,Canada,West,Beauty,Product_491,4,137.38,549.52,0.2,162.37,Express,Cash on Delivery
AMZ104992,2022-07-28 00:00:00,CUST6214,Customer_4992,UK,Central,Books,Product_19,1,137.38,137.38,0.2,40.59,Same Day,Net Banking
AMZ104993,2022-07-28 01:00:00,CUST5712,Customer_4993,UK,Central,Beauty,Product_175,3,137.38,412.14,0.2,121.78,Standard,Net Banking
AMZ104994,2022-07-28 02:00:00,CUST1066,Customer_4994,Australia,North,Home & Kitchen,Product_469,2,137.38,274.76,0.2,81.18,Express,Debit Card
AMZ104995,2022-07-28 03:00:00,CUST8533,Customer_4995,UK,Central,Electronics,Product_106,1,137.38,137.38,0.2,40.59,Express,Debit Card
AMZ104996,2022-07-28 04:00:00,CUST5616,Customer_4996,Australia,East,Books,Product_289,3,137.38,412.14,0.2,121.78,Same Day,Cash on Delivery
AMZ104997,2022-07-28 05:00:00,CUST2140,Customer_4997,UK,North,Electronics,Product_248,3,137.38,412.14,0.2,121.78,Express,Cash on Delivery
AMZ104998,2022-07-28 06:00:00,CUST6730,Customer_4998,Australia,East,Home & Kitchen,Product_323,1,137.38,137.38,0.2,40.59,Same Day,Net Banking
AMZ104999,2022-07-28 07:00:00,CUST8465,Customer_4999,UK,North,Clothing,Product_142,4,137.38,549.52,0.2,162.37,Same Day,UPI
